engine,period,weeks,profile,relapsed,final
Fixed taper (traditional) @7d,7,14,Marta,True,
Fixed taper (traditional) @7d,7,14,Marta,False,3.795812342461587
Fixed taper (traditional) @7d,7,14,Marta,False,3.795812342461587
Fixed taper (traditional) @7d,7,14,Marta,False,3.795812342461587
Fixed taper (traditional) @7d,7,14,Marta,False,3.795812342461587
Fixed taper (traditional) @7d,7,14,Marta,False,3.795812342461587
Fixed taper (traditional) @7d,7,14,Marta,False,3.795812342461587
Fixed taper (traditional) @7d,7,14,Marta,False,3.795812342461587
Fixed taper (traditional) @7d,7,14,Marta,False,3.795812342461587
Fixed taper (traditional) @7d,7,14,Marta,False,3.795812342461587
Fixed taper (traditional) @7d,7,14,Marta,False,3.795812342461587
Fixed taper (traditional) @7d,7,14,Marta,False,3.795812342461587
Fixed taper (traditional) @7d,7,14,Marta,False,3.795812342461587
Fixed taper (traditional) @7d,7,14,Marta,False,3.795812342461587
Fixed taper (traditional) @7d,7,14,Marta,False,3.795812342461587
Fixed taper (traditional) @7d,7,14,Marta,False,3.795812342461587
Fixed taper (traditional) @7d,7,14,Marta,False,3.795812342461587
Fixed taper (traditional) @7d,7,14,Marta,False,3.795812342461587
Fixed taper (traditional) @7d,7,14,Marta,True,
Fixed taper (traditional) @7d,7,14,Marta,False,3.795812342461587
Fixed taper (traditional) @7d,7,14,Marta,True,
Fixed taper (traditional) @7d,7,14,Marta,False,3.795812342461587
Fixed taper (traditional) @7d,7,14,Marta,True,
Fixed taper (traditional) @7d,7,14,Marta,False,3.795812342461587
Fixed taper (traditional) @7d,7,14,Marta,False,3.795812342461587
Fixed taper (traditional) @7d,7,14,Marta,False,3.795812342461587
Fixed taper (traditional) @7d,7,14,Marta,False,3.795812342461587
Fixed taper (traditional) @7d,7,14,Marta,False,3.795812342461587
Fixed taper (traditional) @7d,7,14,Marta,False,3.795812342461587
Fixed taper (traditional) @7d,7,14,Marta,False,3.795812342461587
Fixed taper (traditional) @7d,7,14,Diego,False,3.795812342461587
Fixed taper (traditional) @7d,7,14,Diego,False,3.795812342461587
Fixed taper (traditional) @7d,7,14,Diego,False,3.795812342461587
Fixed taper (traditional) @7d,7,14,Diego,False,3.795812342461587
Fixed taper (traditional) @7d,7,14,Diego,False,3.795812342461587
Fixed taper (traditional) @7d,7,14,Diego,False,3.795812342461587
Fixed taper (traditional) @7d,7,14,Diego,False,3.795812342461587
Fixed taper (traditional) @7d,7,14,Diego,False,3.795812342461587
Fixed taper (traditional) @7d,7,14,Diego,False,3.795812342461587
Fixed taper (traditional) @7d,7,14,Diego,True,
Fixed taper (traditional) @7d,7,14,Diego,False,3.795812342461587
Fixed taper (traditional) @7d,7,14,Diego,False,3.795812342461587
Fixed taper (traditional) @7d,7,14,Diego,False,3.795812342461587
Fixed taper (traditional) @7d,7,14,Diego,False,3.795812342461587
Fixed taper (traditional) @7d,7,14,Diego,False,3.795812342461587
Fixed taper (traditional) @7d,7,14,Diego,False,3.795812342461587
Fixed taper (traditional) @7d,7,14,Diego,False,3.795812342461587
Fixed taper (traditional) @7d,7,14,Diego,True,
Fixed taper (traditional) @7d,7,14,Diego,True,
Fixed taper (traditional) @7d,7,14,Diego,False,3.795812342461587
Fixed taper (traditional) @7d,7,14,Diego,False,3.795812342461587
Fixed taper (traditional) @7d,7,14,Diego,False,3.795812342461587
Fixed taper (traditional) @7d,7,14,Diego,False,3.795812342461587
Fixed taper (traditional) @7d,7,14,Diego,False,3.795812342461587
Fixed taper (traditional) @7d,7,14,Diego,False,3.795812342461587
Fixed taper (traditional) @7d,7,14,Diego,False,3.795812342461587
Fixed taper (traditional) @7d,7,14,Diego,False,3.795812342461587
Fixed taper (traditional) @7d,7,14,Diego,False,3.795812342461587
Fixed taper (traditional) @7d,7,14,Diego,False,3.795812342461587
Fixed taper (traditional) @7d,7,14,Diego,False,3.795812342461587
Fixed taper (traditional) @7d,7,14,Lucía,True,
Fixed taper (traditional) @7d,7,14,Lucía,True,
Fixed taper (traditional) @7d,7,14,Lucía,True,
Fixed taper (traditional) @7d,7,14,Lucía,True,
Fixed taper (traditional) @7d,7,14,Lucía,True,
Fixed taper (traditional) @7d,7,14,Lucía,True,
Fixed taper (traditional) @7d,7,14,Lucía,True,
Fixed taper (traditional) @7d,7,14,Lucía,True,
Fixed taper (traditional) @7d,7,14,Lucía,True,
Fixed taper (traditional) @7d,7,14,Lucía,True,
Fixed taper (traditional) @7d,7,14,Lucía,True,
Fixed taper (traditional) @7d,7,14,Lucía,True,
Fixed taper (traditional) @7d,7,14,Lucía,True,
Fixed taper (traditional) @7d,7,14,Lucía,True,
Fixed taper (traditional) @7d,7,14,Lucía,True,
Fixed taper (traditional) @7d,7,14,Lucía,True,
Fixed taper (traditional) @7d,7,14,Lucía,True,
Fixed taper (traditional) @7d,7,14,Lucía,True,
Fixed taper (traditional) @7d,7,14,Lucía,True,
Fixed taper (traditional) @7d,7,14,Lucía,True,
Fixed taper (traditional) @7d,7,14,Lucía,True,
Fixed taper (traditional) @7d,7,14,Lucía,True,
Fixed taper (traditional) @7d,7,14,Lucía,True,
Fixed taper (traditional) @7d,7,14,Lucía,True,
Fixed taper (traditional) @7d,7,14,Lucía,True,
Fixed taper (traditional) @7d,7,14,Lucía,True,
Fixed taper (traditional) @7d,7,14,Lucía,True,
Fixed taper (traditional) @7d,7,14,Lucía,True,
Fixed taper (traditional) @7d,7,14,Lucía,True,
Fixed taper (traditional) @7d,7,14,Lucía,True,
Fixed taper (traditional) @7d,7,14,Karim,True,
Fixed taper (traditional) @7d,7,14,Karim,True,
Fixed taper (traditional) @7d,7,14,Karim,False,3.795812342461587
Fixed taper (traditional) @7d,7,14,Karim,False,3.795812342461587
Fixed taper (traditional) @7d,7,14,Karim,True,
Fixed taper (traditional) @7d,7,14,Karim,True,
Fixed taper (traditional) @7d,7,14,Karim,True,
Fixed taper (traditional) @7d,7,14,Karim,False,3.795812342461587
Fixed taper (traditional) @7d,7,14,Karim,True,
Fixed taper (traditional) @7d,7,14,Karim,False,3.795812342461587
Fixed taper (traditional) @7d,7,14,Karim,True,
Fixed taper (traditional) @7d,7,14,Karim,False,3.795812342461587
Fixed taper (traditional) @7d,7,14,Karim,True,
Fixed taper (traditional) @7d,7,14,Karim,False,3.795812342461587
Fixed taper (traditional) @7d,7,14,Karim,False,3.795812342461587
Fixed taper (traditional) @7d,7,14,Karim,True,
Fixed taper (traditional) @7d,7,14,Karim,True,
Fixed taper (traditional) @7d,7,14,Karim,False,3.795812342461587
Fixed taper (traditional) @7d,7,14,Karim,True,
Fixed taper (traditional) @7d,7,14,Karim,False,3.795812342461587
Fixed taper (traditional) @7d,7,14,Karim,True,
Fixed taper (traditional) @7d,7,14,Karim,False,3.795812342461587
Fixed taper (traditional) @7d,7,14,Karim,False,3.795812342461587
Fixed taper (traditional) @7d,7,14,Karim,False,3.795812342461587
Fixed taper (traditional) @7d,7,14,Karim,False,3.795812342461587
Fixed taper (traditional) @7d,7,14,Karim,True,
Fixed taper (traditional) @7d,7,14,Karim,True,
Fixed taper (traditional) @7d,7,14,Karim,True,
Fixed taper (traditional) @7d,7,14,Karim,True,
Fixed taper (traditional) @7d,7,14,Karim,False,3.795812342461587
Fixed taper (traditional) @7d,7,14,Ana,False,3.795812342461587
Fixed taper (traditional) @7d,7,14,Ana,False,3.795812342461587
Fixed taper (traditional) @7d,7,14,Ana,False,3.795812342461587
Fixed taper (traditional) @7d,7,14,Ana,False,3.795812342461587
Fixed taper (traditional) @7d,7,14,Ana,False,3.795812342461587
Fixed taper (traditional) @7d,7,14,Ana,False,3.795812342461587
Fixed taper (traditional) @7d,7,14,Ana,False,3.795812342461587
Fixed taper (traditional) @7d,7,14,Ana,False,3.795812342461587
Fixed taper (traditional) @7d,7,14,Ana,False,3.795812342461587
Fixed taper (traditional) @7d,7,14,Ana,False,3.795812342461587
Fixed taper (traditional) @7d,7,14,Ana,False,3.795812342461587
Fixed taper (traditional) @7d,7,14,Ana,False,3.795812342461587
Fixed taper (traditional) @7d,7,14,Ana,False,3.795812342461587
Fixed taper (traditional) @7d,7,14,Ana,False,3.795812342461587
Fixed taper (traditional) @7d,7,14,Ana,False,3.795812342461587
Fixed taper (traditional) @7d,7,14,Ana,False,3.795812342461587
Fixed taper (traditional) @7d,7,14,Ana,False,3.795812342461587
Fixed taper (traditional) @7d,7,14,Ana,False,3.795812342461587
Fixed taper (traditional) @7d,7,14,Ana,False,3.795812342461587
Fixed taper (traditional) @7d,7,14,Ana,False,3.795812342461587
Fixed taper (traditional) @7d,7,14,Ana,False,3.795812342461587
Fixed taper (traditional) @7d,7,14,Ana,False,3.795812342461587
Fixed taper (traditional) @7d,7,14,Ana,False,3.795812342461587
Fixed taper (traditional) @7d,7,14,Ana,False,3.795812342461587
Fixed taper (traditional) @7d,7,14,Ana,False,3.795812342461587
Fixed taper (traditional) @7d,7,14,Ana,False,3.795812342461587
Fixed taper (traditional) @7d,7,14,Ana,False,3.795812342461587
Fixed taper (traditional) @7d,7,14,Ana,False,3.795812342461587
Fixed taper (traditional) @7d,7,14,Ana,False,3.795812342461587
Fixed taper (traditional) @7d,7,14,Ana,False,3.795812342461587
Wane adaptive engine @7d,7,14,Marta,False,3.6462365279722704
Wane adaptive engine @7d,7,14,Marta,False,3.65142919200826
Wane adaptive engine @7d,7,14,Marta,False,4.303271464999713
Wane adaptive engine @7d,7,14,Marta,False,3.641923932843361
Wane adaptive engine @7d,7,14,Marta,False,3.9677962470643826
Wane adaptive engine @7d,7,14,Marta,False,4.1114922160831116
Wane adaptive engine @7d,7,14,Marta,False,4.458448210962865
Wane adaptive engine @7d,7,14,Marta,False,4.725052457614421
Wane adaptive engine @7d,7,14,Marta,False,4.41325719587458
Wane adaptive engine @7d,7,14,Marta,False,4.639029930414471
Wane adaptive engine @7d,7,14,Marta,False,4.659359885651321
Wane adaptive engine @7d,7,14,Marta,False,3.935956590096115
Wane adaptive engine @7d,7,14,Marta,False,4.112595856403813
Wane adaptive engine @7d,7,14,Marta,False,3.926365851787733
Wane adaptive engine @7d,7,14,Marta,False,3.9037787924943776
Wane adaptive engine @7d,7,14,Marta,False,3.6120907191958915
Wane adaptive engine @7d,7,14,Marta,False,3.8855140523957887
Wane adaptive engine @7d,7,14,Marta,False,3.6955991047087484
Wane adaptive engine @7d,7,14,Marta,False,4.366715875469523
Wane adaptive engine @7d,7,14,Marta,False,3.836663358091218
Wane adaptive engine @7d,7,14,Marta,False,4.80484306967724
Wane adaptive engine @7d,7,14,Marta,False,3.303773044735171
Wane adaptive engine @7d,7,14,Marta,False,3.59126224806825
Wane adaptive engine @7d,7,14,Marta,False,4.1542567422762104
Wane adaptive engine @7d,7,14,Marta,False,3.410445607253713
Wane adaptive engine @7d,7,14,Marta,True,
Wane adaptive engine @7d,7,14,Marta,False,4.768589814672887
Wane adaptive engine @7d,7,14,Marta,False,4.399032897788724
Wane adaptive engine @7d,7,14,Marta,False,4.343294749822396
Wane adaptive engine @7d,7,14,Marta,False,4.372176290941243
Wane adaptive engine @7d,7,14,Diego,False,4.942488383728772
Wane adaptive engine @7d,7,14,Diego,False,4.542156887384992
Wane adaptive engine @7d,7,14,Diego,False,4.424074573826569
Wane adaptive engine @7d,7,14,Diego,False,4.736245028544421
Wane adaptive engine @7d,7,14,Diego,False,4.290565769703705
Wane adaptive engine @7d,7,14,Diego,False,3.9271698129888644
Wane adaptive engine @7d,7,14,Diego,True,
Wane adaptive engine @7d,7,14,Diego,False,4.413672958925099
Wane adaptive engine @7d,7,14,Diego,False,4.9417679368728
Wane adaptive engine @7d,7,14,Diego,False,6.748099425674339
Wane adaptive engine @7d,7,14,Diego,False,3.6202517466657316
Wane adaptive engine @7d,7,14,Diego,False,5.856432089822487
Wane adaptive engine @7d,7,14,Diego,False,4.104427791995204
Wane adaptive engine @7d,7,14,Diego,False,4.424221924195411
Wane adaptive engine @7d,7,14,Diego,False,3.7398786270098965
Wane adaptive engine @7d,7,14,Diego,False,3.434052626618202
Wane adaptive engine @7d,7,14,Diego,False,5.448478863106362
Wane adaptive engine @7d,7,14,Diego,False,5.5414068022584
Wane adaptive engine @7d,7,14,Diego,False,4.335369748675041
Wane adaptive engine @7d,7,14,Diego,False,5.2338389708259525
Wane adaptive engine @7d,7,14,Diego,False,4.685994946465341
Wane adaptive engine @7d,7,14,Diego,False,4.771772254965283
Wane adaptive engine @7d,7,14,Diego,False,5.782302591007758
Wane adaptive engine @7d,7,14,Diego,False,3.6040269524052198
Wane adaptive engine @7d,7,14,Diego,False,4.527609882500357
Wane adaptive engine @7d,7,14,Diego,True,
Wane adaptive engine @7d,7,14,Diego,False,5.442950298406598
Wane adaptive engine @7d,7,14,Diego,False,6.221007448847444
Wane adaptive engine @7d,7,14,Diego,False,4.0921817146686434
Wane adaptive engine @7d,7,14,Diego,True,
Wane adaptive engine @7d,7,14,Lucía,True,
Wane adaptive engine @7d,7,14,Lucía,True,
Wane adaptive engine @7d,7,14,Lucía,True,
Wane adaptive engine @7d,7,14,Lucía,False,6.2267906720295345
Wane adaptive engine @7d,7,14,Lucía,False,5.417913121112511
Wane adaptive engine @7d,7,14,Lucía,True,
Wane adaptive engine @7d,7,14,Lucía,True,
Wane adaptive engine @7d,7,14,Lucía,False,7.301258252100938
Wane adaptive engine @7d,7,14,Lucía,True,
Wane adaptive engine @7d,7,14,Lucía,True,
Wane adaptive engine @7d,7,14,Lucía,False,6.0657345688229
Wane adaptive engine @7d,7,14,Lucía,False,6.9420296706111255
Wane adaptive engine @7d,7,14,Lucía,False,7.108971348468016
Wane adaptive engine @7d,7,14,Lucía,True,
Wane adaptive engine @7d,7,14,Lucía,True,
Wane adaptive engine @7d,7,14,Lucía,False,6.31861220469099
Wane adaptive engine @7d,7,14,Lucía,True,
Wane adaptive engine @7d,7,14,Lucía,False,7.566767882523584
Wane adaptive engine @7d,7,14,Lucía,True,
Wane adaptive engine @7d,7,14,Lucía,True,
Wane adaptive engine @7d,7,14,Lucía,True,
Wane adaptive engine @7d,7,14,Lucía,False,6.781463694823455
Wane adaptive engine @7d,7,14,Lucía,True,
Wane adaptive engine @7d,7,14,Lucía,False,6.412127971733272
Wane adaptive engine @7d,7,14,Lucía,True,
Wane adaptive engine @7d,7,14,Lucía,False,7.0433987601121455
Wane adaptive engine @7d,7,14,Lucía,False,6.707051715706002
Wane adaptive engine @7d,7,14,Lucía,True,
Wane adaptive engine @7d,7,14,Lucía,True,
Wane adaptive engine @7d,7,14,Lucía,False,5.9161874805719465
Wane adaptive engine @7d,7,14,Karim,False,7.060338696420255
Wane adaptive engine @7d,7,14,Karim,False,7.436158885043699
Wane adaptive engine @7d,7,14,Karim,False,5.72053815335409
Wane adaptive engine @7d,7,14,Karim,False,6.834712346554248
Wane adaptive engine @7d,7,14,Karim,False,7.831912011668709
Wane adaptive engine @7d,7,14,Karim,True,
Wane adaptive engine @7d,7,14,Karim,False,6.400741000185353
Wane adaptive engine @7d,7,14,Karim,True,
Wane adaptive engine @7d,7,14,Karim,False,6.572768553693181
Wane adaptive engine @7d,7,14,Karim,True,
Wane adaptive engine @7d,7,14,Karim,False,5.7703876766241295
Wane adaptive engine @7d,7,14,Karim,False,7.3210931813775915
Wane adaptive engine @7d,7,14,Karim,False,6.0396305532578145
Wane adaptive engine @7d,7,14,Karim,False,7.456574732996033
Wane adaptive engine @7d,7,14,Karim,True,
Wane adaptive engine @7d,7,14,Karim,False,6.201325427312565
Wane adaptive engine @7d,7,14,Karim,False,6.752582717639384
Wane adaptive engine @7d,7,14,Karim,False,6.733542878214875
Wane adaptive engine @7d,7,14,Karim,False,9.024234788964117
Wane adaptive engine @7d,7,14,Karim,False,5.450292105422137
Wane adaptive engine @7d,7,14,Karim,False,7.280001639316492
Wane adaptive engine @7d,7,14,Karim,True,
Wane adaptive engine @7d,7,14,Karim,False,6.743675898789683
Wane adaptive engine @7d,7,14,Karim,False,8.373169333936616
Wane adaptive engine @7d,7,14,Karim,False,5.7098078280976505
Wane adaptive engine @7d,7,14,Karim,False,6.909836724493857
Wane adaptive engine @7d,7,14,Karim,False,6.6074496777675265
Wane adaptive engine @7d,7,14,Karim,False,5.705272165204549
Wane adaptive engine @7d,7,14,Karim,False,6.238568493209873
Wane adaptive engine @7d,7,14,Karim,False,7.570670933882452
Wane adaptive engine @7d,7,14,Ana,False,3.0144426494940553
Wane adaptive engine @7d,7,14,Ana,False,2.8482409466570857
Wane adaptive engine @7d,7,14,Ana,False,2.7700283806161585
Wane adaptive engine @7d,7,14,Ana,False,2.78351760411553
Wane adaptive engine @7d,7,14,Ana,False,2.7700283806161585
Wane adaptive engine @7d,7,14,Ana,False,2.78351760411553
Wane adaptive engine @7d,7,14,Ana,False,3.0325048639641317
Wane adaptive engine @7d,7,14,Ana,False,3.014442649494055
Wane adaptive engine @7d,7,14,Ana,False,2.864586815120013
Wane adaptive engine @7d,7,14,Ana,False,2.7700283806161585
Wane adaptive engine @7d,7,14,Ana,False,3.280422883272942
Wane adaptive engine @7d,7,14,Ana,False,3.7918041081105813
Wane adaptive engine @7d,7,14,Ana,False,2.7700283806161585
Wane adaptive engine @7d,7,14,Ana,False,3.014442649494055
Wane adaptive engine @7d,7,14,Ana,False,3.0144426494940553
Wane adaptive engine @7d,7,14,Ana,False,3.043283533221646
Wane adaptive engine @7d,7,14,Ana,False,3.0537545280465737
Wane adaptive engine @7d,7,14,Ana,False,2.78351760411553
Wane adaptive engine @7d,7,14,Ana,False,2.8482409466570857
Wane adaptive engine @7d,7,14,Ana,False,2.78351760411553
Wane adaptive engine @7d,7,14,Ana,False,2.7700283806161585
Wane adaptive engine @7d,7,14,Ana,False,3.0144426494940553
Wane adaptive engine @7d,7,14,Ana,False,3.9772646801089073
Wane adaptive engine @7d,7,14,Ana,False,3.014442649494055
Wane adaptive engine @7d,7,14,Ana,False,3.0211872612437407
Wane adaptive engine @7d,7,14,Ana,False,2.78351760411553
Wane adaptive engine @7d,7,14,Ana,False,3.0325048639641317
Wane adaptive engine @7d,7,14,Ana,False,3.322979720677565
Wane adaptive engine @7d,7,14,Ana,False,3.408719322904196
Wane adaptive engine @7d,7,14,Ana,False,3.3306389001861056
Wane adaptive engine @1d,1,14,Marta,False,3.590604880255884
Wane adaptive engine @1d,1,14,Marta,False,3.945160051859069
Wane adaptive engine @1d,1,14,Marta,False,3.4627291171992716
Wane adaptive engine @1d,1,14,Marta,False,3.8976824691262175
Wane adaptive engine @1d,1,14,Marta,False,3.765419820306463
Wane adaptive engine @1d,1,14,Marta,False,3.6220848113181052
Wane adaptive engine @1d,1,14,Marta,False,3.710232606150342
Wane adaptive engine @1d,1,14,Marta,False,3.4032115911467233
Wane adaptive engine @1d,1,14,Marta,False,3.3503195588589203
Wane adaptive engine @1d,1,14,Marta,False,3.714028492672778
Wane adaptive engine @1d,1,14,Marta,False,3.856551714670268
Wane adaptive engine @1d,1,14,Marta,False,3.776413172199215
Wane adaptive engine @1d,1,14,Marta,False,3.7145090523010302
Wane adaptive engine @1d,1,14,Marta,False,3.322040261087432
Wane adaptive engine @1d,1,14,Marta,False,4.1835918230668385
Wane adaptive engine @1d,1,14,Marta,False,3.677728880947652
Wane adaptive engine @1d,1,14,Marta,False,3.9042693989394595
Wane adaptive engine @1d,1,14,Marta,True,
Wane adaptive engine @1d,1,14,Marta,False,4.186007538869975
Wane adaptive engine @1d,1,14,Marta,True,
Wane adaptive engine @1d,1,14,Marta,False,4.1730441255989446
Wane adaptive engine @1d,1,14,Marta,False,3.7012862412977023
Wane adaptive engine @1d,1,14,Marta,False,3.5415380710711735
Wane adaptive engine @1d,1,14,Marta,False,3.993269695408318
Wane adaptive engine @1d,1,14,Marta,False,3.7892161792283945
Wane adaptive engine @1d,1,14,Marta,False,4.067703640025178
Wane adaptive engine @1d,1,14,Marta,False,3.9578133948609135
Wane adaptive engine @1d,1,14,Marta,False,4.207293687931752
Wane adaptive engine @1d,1,14,Marta,False,3.569534024282512
Wane adaptive engine @1d,1,14,Marta,False,3.7915115804347432
Wane adaptive engine @1d,1,14,Diego,False,4.036360009332535
Wane adaptive engine @1d,1,14,Diego,False,4.094244449692405
Wane adaptive engine @1d,1,14,Diego,False,4.2641848805920475
Wane adaptive engine @1d,1,14,Diego,False,4.364743090202409
Wane adaptive engine @1d,1,14,Diego,False,4.421834832755433
Wane adaptive engine @1d,1,14,Diego,False,3.5559909888666223
Wane adaptive engine @1d,1,14,Diego,False,5.052287693515677
Wane adaptive engine @1d,1,14,Diego,True,
Wane adaptive engine @1d,1,14,Diego,False,4.142954820458746
Wane adaptive engine @1d,1,14,Diego,False,3.562508434416444
Wane adaptive engine @1d,1,14,Diego,True,
Wane adaptive engine @1d,1,14,Diego,False,4.0262562538107645
Wane adaptive engine @1d,1,14,Diego,False,4.125155565161519
Wane adaptive engine @1d,1,14,Diego,False,4.860629952549812
Wane adaptive engine @1d,1,14,Diego,False,4.123970764675269
Wane adaptive engine @1d,1,14,Diego,False,4.022354989745489
Wane adaptive engine @1d,1,14,Diego,False,4.366596716774298
Wane adaptive engine @1d,1,14,Diego,False,4.095528892946443
Wane adaptive engine @1d,1,14,Diego,False,4.450008615023595
Wane adaptive engine @1d,1,14,Diego,False,4.6483837689253855
Wane adaptive engine @1d,1,14,Diego,False,4.759763149998624
Wane adaptive engine @1d,1,14,Diego,False,3.979230248166955
Wane adaptive engine @1d,1,14,Diego,True,
Wane adaptive engine @1d,1,14,Diego,False,4.263633444962623
Wane adaptive engine @1d,1,14,Diego,True,
Wane adaptive engine @1d,1,14,Diego,False,3.4474416028491137
Wane adaptive engine @1d,1,14,Diego,False,4.358205091378709
Wane adaptive engine @1d,1,14,Diego,True,
Wane adaptive engine @1d,1,14,Diego,False,4.094812435514634
Wane adaptive engine @1d,1,14,Diego,False,4.362386332300736
Wane adaptive engine @1d,1,14,Lucía,True,
Wane adaptive engine @1d,1,14,Lucía,False,5.571165244834467
Wane adaptive engine @1d,1,14,Lucía,True,
Wane adaptive engine @1d,1,14,Lucía,True,
Wane adaptive engine @1d,1,14,Lucía,False,6.621533947562969
Wane adaptive engine @1d,1,14,Lucía,True,
Wane adaptive engine @1d,1,14,Lucía,False,5.933115367820468
Wane adaptive engine @1d,1,14,Lucía,True,
Wane adaptive engine @1d,1,14,Lucía,True,
Wane adaptive engine @1d,1,14,Lucía,False,5.373378917648329
Wane adaptive engine @1d,1,14,Lucía,True,
Wane adaptive engine @1d,1,14,Lucía,False,5.582610584066471
Wane adaptive engine @1d,1,14,Lucía,True,
Wane adaptive engine @1d,1,14,Lucía,True,
Wane adaptive engine @1d,1,14,Lucía,True,
Wane adaptive engine @1d,1,14,Lucía,False,6.163134833505869
Wane adaptive engine @1d,1,14,Lucía,True,
Wane adaptive engine @1d,1,14,Lucía,True,
Wane adaptive engine @1d,1,14,Lucía,True,
Wane adaptive engine @1d,1,14,Lucía,True,
Wane adaptive engine @1d,1,14,Lucía,True,
Wane adaptive engine @1d,1,14,Lucía,True,
Wane adaptive engine @1d,1,14,Lucía,True,
Wane adaptive engine @1d,1,14,Lucía,True,
Wane adaptive engine @1d,1,14,Lucía,True,
Wane adaptive engine @1d,1,14,Lucía,True,
Wane adaptive engine @1d,1,14,Lucía,True,
Wane adaptive engine @1d,1,14,Lucía,True,
Wane adaptive engine @1d,1,14,Lucía,True,
Wane adaptive engine @1d,1,14,Lucía,False,5.508469190492781
Wane adaptive engine @1d,1,14,Karim,True,
Wane adaptive engine @1d,1,14,Karim,False,6.063265021740026
Wane adaptive engine @1d,1,14,Karim,False,8.630884267293895
Wane adaptive engine @1d,1,14,Karim,True,
Wane adaptive engine @1d,1,14,Karim,False,7.1542355506102675
Wane adaptive engine @1d,1,14,Karim,False,5.6710054783593264
Wane adaptive engine @1d,1,14,Karim,False,5.858632179375845
Wane adaptive engine @1d,1,14,Karim,False,6.937010961553747
Wane adaptive engine @1d,1,14,Karim,False,6.977517015483793
Wane adaptive engine @1d,1,14,Karim,False,6.643616590823079
Wane adaptive engine @1d,1,14,Karim,True,
Wane adaptive engine @1d,1,14,Karim,False,7.037684718204391
Wane adaptive engine @1d,1,14,Karim,False,5.35060919184181
Wane adaptive engine @1d,1,14,Karim,False,6.642500523405507
Wane adaptive engine @1d,1,14,Karim,False,7.022674493684131
Wane adaptive engine @1d,1,14,Karim,False,7.450318891930633
Wane adaptive engine @1d,1,14,Karim,True,
Wane adaptive engine @1d,1,14,Karim,True,
Wane adaptive engine @1d,1,14,Karim,False,6.222815630518325
Wane adaptive engine @1d,1,14,Karim,False,5.450404134652793
Wane adaptive engine @1d,1,14,Karim,False,6.581520541655285
Wane adaptive engine @1d,1,14,Karim,False,5.493372611162971
Wane adaptive engine @1d,1,14,Karim,False,5.6511171252334345
Wane adaptive engine @1d,1,14,Karim,False,6.497476565273511
Wane adaptive engine @1d,1,14,Karim,False,5.100422017381751
Wane adaptive engine @1d,1,14,Karim,True,
Wane adaptive engine @1d,1,14,Karim,False,6.168333937219106
Wane adaptive engine @1d,1,14,Karim,False,5.461161409550873
Wane adaptive engine @1d,1,14,Karim,False,6.93460046975517
Wane adaptive engine @1d,1,14,Karim,False,5.624353772362221
Wane adaptive engine @1d,1,14,Ana,False,2.728912953048862
Wane adaptive engine @1d,1,14,Ana,False,2.7574645081815934
Wane adaptive engine @1d,1,14,Ana,False,2.926210710926322
Wane adaptive engine @1d,1,14,Ana,False,2.985550420679583
Wane adaptive engine @1d,1,14,Ana,False,2.739296754575902
Wane adaptive engine @1d,1,14,Ana,False,2.6298013477827675
Wane adaptive engine @1d,1,14,Ana,False,2.6919344302715023
Wane adaptive engine @1d,1,14,Ana,False,2.886249109912543
Wane adaptive engine @1d,1,14,Ana,False,2.746373368218721
Wane adaptive engine @1d,1,14,Ana,False,2.6303168808735187
Wane adaptive engine @1d,1,14,Ana,False,2.970160071000597
Wane adaptive engine @1d,1,14,Ana,False,2.7238153239741156
Wane adaptive engine @1d,1,14,Ana,False,2.6618520319487775
Wane adaptive engine @1d,1,14,Ana,False,2.865392173124503
Wane adaptive engine @1d,1,14,Ana,False,2.6302802466617377
Wane adaptive engine @1d,1,14,Ana,False,2.721400849625154
Wane adaptive engine @1d,1,14,Ana,False,2.9264247910823524
Wane adaptive engine @1d,1,14,Ana,False,2.8183325127547794
Wane adaptive engine @1d,1,14,Ana,False,2.6657840565749282
Wane adaptive engine @1d,1,14,Ana,False,2.7601164017506363
Wane adaptive engine @1d,1,14,Ana,False,2.7017867686036836
Wane adaptive engine @1d,1,14,Ana,False,2.7141829886411535
Wane adaptive engine @1d,1,14,Ana,False,2.6602649844626556
Wane adaptive engine @1d,1,14,Ana,False,3.095498921167959
Wane adaptive engine @1d,1,14,Ana,False,2.764897200382708
Wane adaptive engine @1d,1,14,Ana,False,2.8676329012764845
Wane adaptive engine @1d,1,14,Ana,False,2.7714619806230916
Wane adaptive engine @1d,1,14,Ana,False,2.869666681578102
Wane adaptive engine @1d,1,14,Ana,False,2.597148982851986
Wane adaptive engine @1d,1,14,Ana,False,2.775387652139192
B fast vs last 5 days @1d,1,14,Marta,False,4.0133097373725315
B fast vs last 5 days @1d,1,14,Marta,False,5.109799947717899
B fast vs last 5 days @1d,1,14,Marta,False,6.132241316792003
B fast vs last 5 days @1d,1,14,Marta,False,4.890325703728937
B fast vs last 5 days @1d,1,14,Marta,False,5.12961877208993
B fast vs last 5 days @1d,1,14,Marta,False,5.873627735213552
B fast vs last 5 days @1d,1,14,Marta,False,5.385681434185367
B fast vs last 5 days @1d,1,14,Marta,False,4.563587616613361
B fast vs last 5 days @1d,1,14,Marta,False,5.059092219704624
B fast vs last 5 days @1d,1,14,Marta,False,5.697512708512632
B fast vs last 5 days @1d,1,14,Marta,False,5.168613394504736
B fast vs last 5 days @1d,1,14,Marta,False,4.93768339312801
B fast vs last 5 days @1d,1,14,Marta,False,5.526386086442761
B fast vs last 5 days @1d,1,14,Marta,False,4.848770464039823
B fast vs last 5 days @1d,1,14,Marta,False,5.366241540552364
B fast vs last 5 days @1d,1,14,Marta,False,6.664680971440708
B fast vs last 5 days @1d,1,14,Marta,False,5.815122313259089
B fast vs last 5 days @1d,1,14,Marta,False,4.892588094848092
B fast vs last 5 days @1d,1,14,Marta,False,5.4753701413548495
B fast vs last 5 days @1d,1,14,Marta,False,5.882789068172567
B fast vs last 5 days @1d,1,14,Marta,False,5.400327450588201
B fast vs last 5 days @1d,1,14,Marta,False,5.0780399512615935
B fast vs last 5 days @1d,1,14,Marta,False,4.911861573311425
B fast vs last 5 days @1d,1,14,Marta,False,5.541414732797354
B fast vs last 5 days @1d,1,14,Marta,False,4.551726625663059
B fast vs last 5 days @1d,1,14,Marta,False,5.158824085936202
B fast vs last 5 days @1d,1,14,Marta,False,5.930192720755442
B fast vs last 5 days @1d,1,14,Marta,False,5.46377611854859
B fast vs last 5 days @1d,1,14,Marta,False,5.835482306304029
B fast vs last 5 days @1d,1,14,Marta,False,4.7593465646288395
B fast vs last 5 days @1d,1,14,Diego,False,9.301754271296097
B fast vs last 5 days @1d,1,14,Diego,False,10.113372916607354
B fast vs last 5 days @1d,1,14,Diego,False,9.31372452225424
B fast vs last 5 days @1d,1,14,Diego,False,9.621828657365889
B fast vs last 5 days @1d,1,14,Diego,False,7.415969338650034
B fast vs last 5 days @1d,1,14,Diego,False,8.901049187105398
B fast vs last 5 days @1d,1,14,Diego,False,10.77527147904444
B fast vs last 5 days @1d,1,14,Diego,False,9.950115911476273
B fast vs last 5 days @1d,1,14,Diego,False,10.460685568029831
B fast vs last 5 days @1d,1,14,Diego,False,8.477857052519804
B fast vs last 5 days @1d,1,14,Diego,False,8.754186181842611
B fast vs last 5 days @1d,1,14,Diego,False,10.328716039147269
B fast vs last 5 days @1d,1,14,Diego,False,8.837607708453698
B fast vs last 5 days @1d,1,14,Diego,False,9.567812888120226
B fast vs last 5 days @1d,1,14,Diego,False,10.726761184608712
B fast vs last 5 days @1d,1,14,Diego,False,9.182371612772362
B fast vs last 5 days @1d,1,14,Diego,False,7.8689913627414505
B fast vs last 5 days @1d,1,14,Diego,False,9.161130876037216
B fast vs last 5 days @1d,1,14,Diego,False,9.190638666067194
B fast vs last 5 days @1d,1,14,Diego,False,8.181908001535744
B fast vs last 5 days @1d,1,14,Diego,False,8.11376399877043
B fast vs last 5 days @1d,1,14,Diego,False,8.394240461303355
B fast vs last 5 days @1d,1,14,Diego,False,10.79278188677788
B fast vs last 5 days @1d,1,14,Diego,False,9.654274036035517
B fast vs last 5 days @1d,1,14,Diego,False,8.613185489333436
B fast vs last 5 days @1d,1,14,Diego,False,10.742889820743622
B fast vs last 5 days @1d,1,14,Diego,False,10.020547032964615
B fast vs last 5 days @1d,1,14,Diego,False,8.48771548610639
B fast vs last 5 days @1d,1,14,Diego,False,7.459394948634555
B fast vs last 5 days @1d,1,14,Diego,False,9.132208026265443
B fast vs last 5 days @1d,1,14,Lucía,False,7.589766419112955
B fast vs last 5 days @1d,1,14,Lucía,False,6.996823043529954
B fast vs last 5 days @1d,1,14,Lucía,False,6.901150267969671
B fast vs last 5 days @1d,1,14,Lucía,True,
B fast vs last 5 days @1d,1,14,Lucía,False,8.183587862001504
B fast vs last 5 days @1d,1,14,Lucía,False,6.873662648009802
B fast vs last 5 days @1d,1,14,Lucía,False,6.7470171652055795
B fast vs last 5 days @1d,1,14,Lucía,True,
B fast vs last 5 days @1d,1,14,Lucía,True,
B fast vs last 5 days @1d,1,14,Lucía,True,
B fast vs last 5 days @1d,1,14,Lucía,True,
B fast vs last 5 days @1d,1,14,Lucía,False,7.076473755156733
B fast vs last 5 days @1d,1,14,Lucía,False,7.958663996743367
B fast vs last 5 days @1d,1,14,Lucía,True,
B fast vs last 5 days @1d,1,14,Lucía,False,6.870305322168215
B fast vs last 5 days @1d,1,14,Lucía,False,7.983661378640511
B fast vs last 5 days @1d,1,14,Lucía,False,7.902748503117487
B fast vs last 5 days @1d,1,14,Lucía,False,8.544514487717668
B fast vs last 5 days @1d,1,14,Lucía,False,7.589472607576082
B fast vs last 5 days @1d,1,14,Lucía,False,7.625511301712276
B fast vs last 5 days @1d,1,14,Lucía,False,7.094572128461546
B fast vs last 5 days @1d,1,14,Lucía,False,7.378051669474895
B fast vs last 5 days @1d,1,14,Lucía,False,6.938605177829663
B fast vs last 5 days @1d,1,14,Lucía,False,7.0413505767856215
B fast vs last 5 days @1d,1,14,Lucía,False,7.863692639981355
B fast vs last 5 days @1d,1,14,Lucía,True,
B fast vs last 5 days @1d,1,14,Lucía,False,8.33651119943994
B fast vs last 5 days @1d,1,14,Lucía,True,
B fast vs last 5 days @1d,1,14,Lucía,False,8.164354446596382
B fast vs last 5 days @1d,1,14,Lucía,False,7.107205857119229
B fast vs last 5 days @1d,1,14,Karim,False,12.215558461782598
B fast vs last 5 days @1d,1,14,Karim,False,12.380149746636151
B fast vs last 5 days @1d,1,14,Karim,False,12.064996125256968
B fast vs last 5 days @1d,1,14,Karim,False,11.55359501510488
B fast vs last 5 days @1d,1,14,Karim,False,13.21164960763528
B fast vs last 5 days @1d,1,14,Karim,False,11.915667584508103
B fast vs last 5 days @1d,1,14,Karim,False,12.102163438538705
B fast vs last 5 days @1d,1,14,Karim,False,12.006308553063832
B fast vs last 5 days @1d,1,14,Karim,False,11.828338246311699
B fast vs last 5 days @1d,1,14,Karim,False,11.636342155723547
B fast vs last 5 days @1d,1,14,Karim,False,11.923128302968426
B fast vs last 5 days @1d,1,14,Karim,False,11.789477000508246
B fast vs last 5 days @1d,1,14,Karim,False,11.70625371995226
B fast vs last 5 days @1d,1,14,Karim,False,11.276563650669202
B fast vs last 5 days @1d,1,14,Karim,False,12.0818587746797
B fast vs last 5 days @1d,1,14,Karim,False,11.935196327698035
B fast vs last 5 days @1d,1,14,Karim,False,11.474593522157843
B fast vs last 5 days @1d,1,14,Karim,False,12.64230660400669
B fast vs last 5 days @1d,1,14,Karim,False,13.074319456515733
B fast vs last 5 days @1d,1,14,Karim,False,12.25890545358477
B fast vs last 5 days @1d,1,14,Karim,False,13.015996044749272
B fast vs last 5 days @1d,1,14,Karim,False,12.35994303781462
B fast vs last 5 days @1d,1,14,Karim,False,10.841125942149949
B fast vs last 5 days @1d,1,14,Karim,False,11.542629487505998
B fast vs last 5 days @1d,1,14,Karim,False,11.02401477245781
B fast vs last 5 days @1d,1,14,Karim,False,12.456308288035824
B fast vs last 5 days @1d,1,14,Karim,False,11.411507932097427
B fast vs last 5 days @1d,1,14,Karim,False,11.017537763620616
B fast vs last 5 days @1d,1,14,Karim,False,11.771431199218155
B fast vs last 5 days @1d,1,14,Karim,False,11.55731617873721
B fast vs last 5 days @1d,1,14,Ana,False,5.41785740862232
B fast vs last 5 days @1d,1,14,Ana,False,5.469597951175399
B fast vs last 5 days @1d,1,14,Ana,False,4.931602303027919
B fast vs last 5 days @1d,1,14,Ana,False,4.165593838649162
B fast vs last 5 days @1d,1,14,Ana,False,4.866953384706912
B fast vs last 5 days @1d,1,14,Ana,False,4.78787943696831
B fast vs last 5 days @1d,1,14,Ana,False,4.686559478415768
B fast vs last 5 days @1d,1,14,Ana,False,6.096922200546014
B fast vs last 5 days @1d,1,14,Ana,False,4.128244094172945
B fast vs last 5 days @1d,1,14,Ana,False,3.8068784752325975
B fast vs last 5 days @1d,1,14,Ana,False,6.5544179926315795
B fast vs last 5 days @1d,1,14,Ana,False,5.68139082471234
B fast vs last 5 days @1d,1,14,Ana,False,5.4317507926139
B fast vs last 5 days @1d,1,14,Ana,False,4.5446454342359335
B fast vs last 5 days @1d,1,14,Ana,False,3.9733056426519964
B fast vs last 5 days @1d,1,14,Ana,False,7.584560073940424
B fast vs last 5 days @1d,1,14,Ana,False,5.64404178728561
B fast vs last 5 days @1d,1,14,Ana,False,6.5487989701257305
B fast vs last 5 days @1d,1,14,Ana,False,4.831919758451686
B fast vs last 5 days @1d,1,14,Ana,False,6.833530033018351
B fast vs last 5 days @1d,1,14,Ana,False,5.565555815821628
B fast vs last 5 days @1d,1,14,Ana,False,5.94528055291632
B fast vs last 5 days @1d,1,14,Ana,False,6.417075643863434
B fast vs last 5 days @1d,1,14,Ana,False,5.0375575404963175
B fast vs last 5 days @1d,1,14,Ana,False,5.776421780749045
B fast vs last 5 days @1d,1,14,Ana,False,5.422213070275524
B fast vs last 5 days @1d,1,14,Ana,False,5.512470679215418
B fast vs last 5 days @1d,1,14,Ana,False,5.050842233196227
B fast vs last 5 days @1d,1,14,Ana,False,4.975467114430427
B fast vs last 5 days @1d,1,14,Ana,False,4.825261004440488
D fast vs own weekday baseline @1d,1,14,Marta,False,5.413061469532846
D fast vs own weekday baseline @1d,1,14,Marta,False,6.958554936068302
D fast vs own weekday baseline @1d,1,14,Marta,False,6.243694454949445
D fast vs own weekday baseline @1d,1,14,Marta,False,7.276588253970324
D fast vs own weekday baseline @1d,1,14,Marta,False,7.2238411686215285
D fast vs own weekday baseline @1d,1,14,Marta,False,7.864584832311935
D fast vs own weekday baseline @1d,1,14,Marta,False,6.3481815533072865
D fast vs own weekday baseline @1d,1,14,Marta,False,6.605009056501853
D fast vs own weekday baseline @1d,1,14,Marta,False,7.837021843431346
D fast vs own weekday baseline @1d,1,14,Marta,False,8.996844703097622
D fast vs own weekday baseline @1d,1,14,Marta,False,7.963819257255381
D fast vs own weekday baseline @1d,1,14,Marta,False,7.7916259553750296
D fast vs own weekday baseline @1d,1,14,Marta,False,7.39584132561992
D fast vs own weekday baseline @1d,1,14,Marta,False,6.893593793304205
D fast vs own weekday baseline @1d,1,14,Marta,False,7.745982731755122
D fast vs own weekday baseline @1d,1,14,Marta,False,7.290304716417462
D fast vs own weekday baseline @1d,1,14,Marta,False,8.697316594097584
D fast vs own weekday baseline @1d,1,14,Marta,False,6.342390677793636
D fast vs own weekday baseline @1d,1,14,Marta,False,7.6530201857664375
D fast vs own weekday baseline @1d,1,14,Marta,False,6.033572336369491
D fast vs own weekday baseline @1d,1,14,Marta,False,7.851635898046135
D fast vs own weekday baseline @1d,1,14,Marta,False,6.701651119873879
D fast vs own weekday baseline @1d,1,14,Marta,False,7.140979536924925
D fast vs own weekday baseline @1d,1,14,Marta,False,7.46804726892038
D fast vs own weekday baseline @1d,1,14,Marta,False,6.508612501286167
D fast vs own weekday baseline @1d,1,14,Marta,False,6.841577352780345
D fast vs own weekday baseline @1d,1,14,Marta,False,8.955937432702408
D fast vs own weekday baseline @1d,1,14,Marta,False,6.675887130430067
D fast vs own weekday baseline @1d,1,14,Marta,False,7.626547128590321
D fast vs own weekday baseline @1d,1,14,Marta,False,6.499063299911566
D fast vs own weekday baseline @1d,1,14,Diego,False,8.837061907471396
D fast vs own weekday baseline @1d,1,14,Diego,False,8.778892699834094
D fast vs own weekday baseline @1d,1,14,Diego,False,10.194222749655545
D fast vs own weekday baseline @1d,1,14,Diego,False,10.573874931331886
D fast vs own weekday baseline @1d,1,14,Diego,False,9.01326171651262
D fast vs own weekday baseline @1d,1,14,Diego,False,10.10943341791746
D fast vs own weekday baseline @1d,1,14,Diego,False,10.531761868931016
D fast vs own weekday baseline @1d,1,14,Diego,False,9.15625142177613
D fast vs own weekday baseline @1d,1,14,Diego,False,9.676271801155167
D fast vs own weekday baseline @1d,1,14,Diego,False,10.093762587585987
D fast vs own weekday baseline @1d,1,14,Diego,False,9.908596712361357
D fast vs own weekday baseline @1d,1,14,Diego,False,9.20870682563815
D fast vs own weekday baseline @1d,1,14,Diego,False,9.447158566910717
D fast vs own weekday baseline @1d,1,14,Diego,False,10.114072406905272
D fast vs own weekday baseline @1d,1,14,Diego,False,8.728810164347
D fast vs own weekday baseline @1d,1,14,Diego,False,8.924773621757055
D fast vs own weekday baseline @1d,1,14,Diego,False,9.3094352724526
D fast vs own weekday baseline @1d,1,14,Diego,False,8.663577594430295
D fast vs own weekday baseline @1d,1,14,Diego,False,9.452481955389107
D fast vs own weekday baseline @1d,1,14,Diego,False,7.19930379183649
D fast vs own weekday baseline @1d,1,14,Diego,False,9.038657074262352
D fast vs own weekday baseline @1d,1,14,Diego,False,8.090042226824547
D fast vs own weekday baseline @1d,1,14,Diego,False,11.212052423478504
D fast vs own weekday baseline @1d,1,14,Diego,False,10.665883273419732
D fast vs own weekday baseline @1d,1,14,Diego,False,9.626143092420406
D fast vs own weekday baseline @1d,1,14,Diego,False,8.348649537571765
D fast vs own weekday baseline @1d,1,14,Diego,False,12.59258925629545
D fast vs own weekday baseline @1d,1,14,Diego,False,9.998119213327167
D fast vs own weekday baseline @1d,1,14,Diego,False,8.569417177439977
D fast vs own weekday baseline @1d,1,14,Diego,False,8.759377223286144
D fast vs own weekday baseline @1d,1,14,Lucía,False,8.841292728197622
D fast vs own weekday baseline @1d,1,14,Lucía,False,7.75044493154455
D fast vs own weekday baseline @1d,1,14,Lucía,False,8.831828832383941
D fast vs own weekday baseline @1d,1,14,Lucía,False,9.562830292371208
D fast vs own weekday baseline @1d,1,14,Lucía,False,10.168920974649977
D fast vs own weekday baseline @1d,1,14,Lucía,False,9.96049507659639
D fast vs own weekday baseline @1d,1,14,Lucía,False,7.626493480012105
D fast vs own weekday baseline @1d,1,14,Lucía,False,8.521381701579772
D fast vs own weekday baseline @1d,1,14,Lucía,False,10.897956529512317
D fast vs own weekday baseline @1d,1,14,Lucía,False,8.912515531266164
D fast vs own weekday baseline @1d,1,14,Lucía,False,8.576966344891488
D fast vs own weekday baseline @1d,1,14,Lucía,False,8.284555199519184
D fast vs own weekday baseline @1d,1,14,Lucía,False,9.374123323649036
D fast vs own weekday baseline @1d,1,14,Lucía,False,8.613231327894445
D fast vs own weekday baseline @1d,1,14,Lucía,False,9.002242396915637
D fast vs own weekday baseline @1d,1,14,Lucía,False,10.157780159716493
D fast vs own weekday baseline @1d,1,14,Lucía,True,
D fast vs own weekday baseline @1d,1,14,Lucía,False,9.885272985460237
D fast vs own weekday baseline @1d,1,14,Lucía,False,9.354872545453661
D fast vs own weekday baseline @1d,1,14,Lucía,False,9.40134757062661
D fast vs own weekday baseline @1d,1,14,Lucía,False,8.72435068184618
D fast vs own weekday baseline @1d,1,14,Lucía,False,8.574082218134045
D fast vs own weekday baseline @1d,1,14,Lucía,False,9.329910275855962
D fast vs own weekday baseline @1d,1,14,Lucía,False,9.339812703226517
D fast vs own weekday baseline @1d,1,14,Lucía,False,9.016975002068216
D fast vs own weekday baseline @1d,1,14,Lucía,False,8.552810000336564
D fast vs own weekday baseline @1d,1,14,Lucía,False,11.666274294164234
D fast vs own weekday baseline @1d,1,14,Lucía,False,8.704947142693657
D fast vs own weekday baseline @1d,1,14,Lucía,True,
D fast vs own weekday baseline @1d,1,14,Lucía,False,10.220223600796457
D fast vs own weekday baseline @1d,1,14,Karim,False,8.23000916300456
D fast vs own weekday baseline @1d,1,14,Karim,False,9.458318736316793
D fast vs own weekday baseline @1d,1,14,Karim,False,8.559552731877835
D fast vs own weekday baseline @1d,1,14,Karim,False,9.402359028451844
D fast vs own weekday baseline @1d,1,14,Karim,False,9.801900686504478
D fast vs own weekday baseline @1d,1,14,Karim,False,10.176651893506751
D fast vs own weekday baseline @1d,1,14,Karim,False,8.722739116143076
D fast vs own weekday baseline @1d,1,14,Karim,False,9.832421585707152
D fast vs own weekday baseline @1d,1,14,Karim,False,11.208432779194341
D fast vs own weekday baseline @1d,1,14,Karim,False,8.50408455960164
D fast vs own weekday baseline @1d,1,14,Karim,False,9.132405141319305
D fast vs own weekday baseline @1d,1,14,Karim,False,9.13478655014606
D fast vs own weekday baseline @1d,1,14,Karim,False,8.28845089793341
D fast vs own weekday baseline @1d,1,14,Karim,False,9.635570771385352
D fast vs own weekday baseline @1d,1,14,Karim,False,10.058594830024226
D fast vs own weekday baseline @1d,1,14,Karim,False,9.661689225119535
D fast vs own weekday baseline @1d,1,14,Karim,False,9.031997742435713
D fast vs own weekday baseline @1d,1,14,Karim,False,10.158726279469414
D fast vs own weekday baseline @1d,1,14,Karim,False,9.675700503721337
D fast vs own weekday baseline @1d,1,14,Karim,False,8.719102889311772
D fast vs own weekday baseline @1d,1,14,Karim,False,8.90605921165087
D fast vs own weekday baseline @1d,1,14,Karim,False,10.23124329912725
D fast vs own weekday baseline @1d,1,14,Karim,False,10.077618631604802
D fast vs own weekday baseline @1d,1,14,Karim,False,9.664504897209211
D fast vs own weekday baseline @1d,1,14,Karim,False,9.47293245943229
D fast vs own weekday baseline @1d,1,14,Karim,False,9.234281471241555
D fast vs own weekday baseline @1d,1,14,Karim,False,10.66911162328265
D fast vs own weekday baseline @1d,1,14,Karim,False,10.252571221240654
D fast vs own weekday baseline @1d,1,14,Karim,False,9.768886483713208
D fast vs own weekday baseline @1d,1,14,Karim,False,9.470635753775092
D fast vs own weekday baseline @1d,1,14,Ana,False,4.749474999550076
D fast vs own weekday baseline @1d,1,14,Ana,False,3.9594936125115723
D fast vs own weekday baseline @1d,1,14,Ana,False,4.3880961971693875
D fast vs own weekday baseline @1d,1,14,Ana,False,4.453503982522719
D fast vs own weekday baseline @1d,1,14,Ana,False,4.912954386752491
D fast vs own weekday baseline @1d,1,14,Ana,False,4.917866312359861
D fast vs own weekday baseline @1d,1,14,Ana,False,3.5241434409406667
D fast vs own weekday baseline @1d,1,14,Ana,False,4.982469719712159
D fast vs own weekday baseline @1d,1,14,Ana,False,6.249811236054693
D fast vs own weekday baseline @1d,1,14,Ana,False,5.360330391140962
D fast vs own weekday baseline @1d,1,14,Ana,False,4.63670923399016
D fast vs own weekday baseline @1d,1,14,Ana,False,5.328226367872569
D fast vs own weekday baseline @1d,1,14,Ana,False,4.5160567428263585
D fast vs own weekday baseline @1d,1,14,Ana,False,5.070955351164533
D fast vs own weekday baseline @1d,1,14,Ana,False,5.711758219152975
D fast vs own weekday baseline @1d,1,14,Ana,False,5.37653360542236
D fast vs own weekday baseline @1d,1,14,Ana,False,6.141121636489475
D fast vs own weekday baseline @1d,1,14,Ana,False,4.327984392883581
D fast vs own weekday baseline @1d,1,14,Ana,False,8.299215351637182
D fast vs own weekday baseline @1d,1,14,Ana,False,5.504283032372319
D fast vs own weekday baseline @1d,1,14,Ana,False,4.98709838813169
D fast vs own weekday baseline @1d,1,14,Ana,False,4.399636330895522
D fast vs own weekday baseline @1d,1,14,Ana,False,6.6908135705802545
D fast vs own weekday baseline @1d,1,14,Ana,False,7.510679145524935
D fast vs own weekday baseline @1d,1,14,Ana,False,4.394475230445737
D fast vs own weekday baseline @1d,1,14,Ana,False,6.042872070501204
D fast vs own weekday baseline @1d,1,14,Ana,False,4.850762901396141
D fast vs own weekday baseline @1d,1,14,Ana,False,4.991564956516125
D fast vs own weekday baseline @1d,1,14,Ana,False,6.3426472813997465
D fast vs own weekday baseline @1d,1,14,Ana,False,5.564706615021638
"E sigma alarm, per-episode @1d",1,14,Marta,False,3.4957991593336293
"E sigma alarm, per-episode @1d",1,14,Marta,True,
"E sigma alarm, per-episode @1d",1,14,Marta,True,
"E sigma alarm, per-episode @1d",1,14,Marta,False,4.0491081117375325
"E sigma alarm, per-episode @1d",1,14,Marta,False,3.719435219946917
"E sigma alarm, per-episode @1d",1,14,Marta,False,3.7101061150185117
"E sigma alarm, per-episode @1d",1,14,Marta,False,3.710232606150342
"E sigma alarm, per-episode @1d",1,14,Marta,False,3.875719760455058
"E sigma alarm, per-episode @1d",1,14,Marta,True,
"E sigma alarm, per-episode @1d",1,14,Marta,False,3.761094842680447
"E sigma alarm, per-episode @1d",1,14,Marta,False,3.843238288992779
"E sigma alarm, per-episode @1d",1,14,Marta,False,3.747983898707046
"E sigma alarm, per-episode @1d",1,14,Marta,False,3.8137318448474593
"E sigma alarm, per-episode @1d",1,14,Marta,True,
"E sigma alarm, per-episode @1d",1,14,Marta,False,3.933628532127546
"E sigma alarm, per-episode @1d",1,14,Marta,True,
"E sigma alarm, per-episode @1d",1,14,Marta,False,3.6268952606835954
"E sigma alarm, per-episode @1d",1,14,Marta,True,
"E sigma alarm, per-episode @1d",1,14,Marta,False,4.211635990536667
"E sigma alarm, per-episode @1d",1,14,Marta,False,3.988825429234448
"E sigma alarm, per-episode @1d",1,14,Marta,False,3.7265807408384948
"E sigma alarm, per-episode @1d",1,14,Marta,True,
"E sigma alarm, per-episode @1d",1,14,Marta,True,
"E sigma alarm, per-episode @1d",1,14,Marta,False,4.003371154056173
"E sigma alarm, per-episode @1d",1,14,Marta,False,3.510168622318344
"E sigma alarm, per-episode @1d",1,14,Marta,False,3.703934569287281
"E sigma alarm, per-episode @1d",1,14,Marta,False,3.3585671354759103
"E sigma alarm, per-episode @1d",1,14,Marta,False,4.040052308096357
"E sigma alarm, per-episode @1d",1,14,Marta,False,3.7376644865269366
"E sigma alarm, per-episode @1d",1,14,Marta,False,3.6817721158904164
"E sigma alarm, per-episode @1d",1,14,Diego,False,5.093638564060022
"E sigma alarm, per-episode @1d",1,14,Diego,False,3.82818283511621
"E sigma alarm, per-episode @1d",1,14,Diego,False,4.558249646818702
"E sigma alarm, per-episode @1d",1,14,Diego,False,5.588202398158509
"E sigma alarm, per-episode @1d",1,14,Diego,False,4.478814924119103
"E sigma alarm, per-episode @1d",1,14,Diego,False,4.84315518420976
"E sigma alarm, per-episode @1d",1,14,Diego,False,5.708966983277753
"E sigma alarm, per-episode @1d",1,14,Diego,False,4.598950416138881
"E sigma alarm, per-episode @1d",1,14,Diego,False,4.557387954653618
"E sigma alarm, per-episode @1d",1,14,Diego,False,3.955040516553206
"E sigma alarm, per-episode @1d",1,14,Diego,False,4.589098899909213
"E sigma alarm, per-episode @1d",1,14,Diego,False,4.516880975541918
"E sigma alarm, per-episode @1d",1,14,Diego,False,4.019701002045336
"E sigma alarm, per-episode @1d",1,14,Diego,False,4.324958892540124
"E sigma alarm, per-episode @1d",1,14,Diego,False,4.278976556383793
"E sigma alarm, per-episode @1d",1,14,Diego,False,4.242151506334265
"E sigma alarm, per-episode @1d",1,14,Diego,False,4.324068423908106
"E sigma alarm, per-episode @1d",1,14,Diego,False,4.887828913453246
"E sigma alarm, per-episode @1d",1,14,Diego,False,4.698047218824611
"E sigma alarm, per-episode @1d",1,14,Diego,False,4.176840361374951
"E sigma alarm, per-episode @1d",1,14,Diego,False,4.443001901306273
"E sigma alarm, per-episode @1d",1,14,Diego,False,3.959129477204754
"E sigma alarm, per-episode @1d",1,14,Diego,False,4.590679077228182
"E sigma alarm, per-episode @1d",1,14,Diego,False,3.994229067777355
"E sigma alarm, per-episode @1d",1,14,Diego,False,4.159965265067403
"E sigma alarm, per-episode @1d",1,14,Diego,False,4.903057133250034
"E sigma alarm, per-episode @1d",1,14,Diego,False,4.477285045545314
"E sigma alarm, per-episode @1d",1,14,Diego,True,
"E sigma alarm, per-episode @1d",1,14,Diego,False,4.063141084656821
"E sigma alarm, per-episode @1d",1,14,Diego,False,4.961033456266719
"E sigma alarm, per-episode @1d",1,14,Lucía,False,6.345419034046738
"E sigma alarm, per-episode @1d",1,14,Lucía,True,
"E sigma alarm, per-episode @1d",1,14,Lucía,True,
"E sigma alarm, per-episode @1d",1,14,Lucía,True,
"E sigma alarm, per-episode @1d",1,14,Lucía,False,5.560825335017346
"E sigma alarm, per-episode @1d",1,14,Lucía,True,
"E sigma alarm, per-episode @1d",1,14,Lucía,False,5.242970037918675
"E sigma alarm, per-episode @1d",1,14,Lucía,True,
"E sigma alarm, per-episode @1d",1,14,Lucía,False,6.24377742476691
"E sigma alarm, per-episode @1d",1,14,Lucía,True,
"E sigma alarm, per-episode @1d",1,14,Lucía,False,5.346109411283802
"E sigma alarm, per-episode @1d",1,14,Lucía,True,
"E sigma alarm, per-episode @1d",1,14,Lucía,True,
"E sigma alarm, per-episode @1d",1,14,Lucía,True,
"E sigma alarm, per-episode @1d",1,14,Lucía,True,
"E sigma alarm, per-episode @1d",1,14,Lucía,True,
"E sigma alarm, per-episode @1d",1,14,Lucía,True,
"E sigma alarm, per-episode @1d",1,14,Lucía,True,
"E sigma alarm, per-episode @1d",1,14,Lucía,False,5.374489772413227
"E sigma alarm, per-episode @1d",1,14,Lucía,True,
"E sigma alarm, per-episode @1d",1,14,Lucía,True,
"E sigma alarm, per-episode @1d",1,14,Lucía,False,5.561081993873539
"E sigma alarm, per-episode @1d",1,14,Lucía,True,
"E sigma alarm, per-episode @1d",1,14,Lucía,True,
"E sigma alarm, per-episode @1d",1,14,Lucía,False,7.557851584757321
"E sigma alarm, per-episode @1d",1,14,Lucía,True,
"E sigma alarm, per-episode @1d",1,14,Lucía,True,
"E sigma alarm, per-episode @1d",1,14,Lucía,True,
"E sigma alarm, per-episode @1d",1,14,Lucía,True,
"E sigma alarm, per-episode @1d",1,14,Lucía,True,
"E sigma alarm, per-episode @1d",1,14,Karim,True,
"E sigma alarm, per-episode @1d",1,14,Karim,True,
"E sigma alarm, per-episode @1d",1,14,Karim,False,8.630884267293895
"E sigma alarm, per-episode @1d",1,14,Karim,True,
"E sigma alarm, per-episode @1d",1,14,Karim,False,8.530869735190205
"E sigma alarm, per-episode @1d",1,14,Karim,False,5.6710054783593264
"E sigma alarm, per-episode @1d",1,14,Karim,False,5.858632179375845
"E sigma alarm, per-episode @1d",1,14,Karim,False,6.937010961553747
"E sigma alarm, per-episode @1d",1,14,Karim,False,6.977517015483793
"E sigma alarm, per-episode @1d",1,14,Karim,False,6.643616590823079
"E sigma alarm, per-episode @1d",1,14,Karim,False,5.138166483886232
"E sigma alarm, per-episode @1d",1,14,Karim,True,
"E sigma alarm, per-episode @1d",1,14,Karim,True,
"E sigma alarm, per-episode @1d",1,14,Karim,False,6.697092719118515
"E sigma alarm, per-episode @1d",1,14,Karim,False,7.022674493684131
"E sigma alarm, per-episode @1d",1,14,Karim,False,7.0822666277412205
"E sigma alarm, per-episode @1d",1,14,Karim,True,
"E sigma alarm, per-episode @1d",1,14,Karim,True,
"E sigma alarm, per-episode @1d",1,14,Karim,False,6.222815630518325
"E sigma alarm, per-episode @1d",1,14,Karim,False,5.5123661259992165
"E sigma alarm, per-episode @1d",1,14,Karim,False,6.225743484411878
"E sigma alarm, per-episode @1d",1,14,Karim,False,5.708210463671411
"E sigma alarm, per-episode @1d",1,14,Karim,False,5.6511171252334345
"E sigma alarm, per-episode @1d",1,14,Karim,False,6.497476565273511
"E sigma alarm, per-episode @1d",1,14,Karim,False,6.598683878229148
"E sigma alarm, per-episode @1d",1,14,Karim,False,6.203522155596998
"E sigma alarm, per-episode @1d",1,14,Karim,False,7.18237454710116
"E sigma alarm, per-episode @1d",1,14,Karim,False,7.03272966033004
"E sigma alarm, per-episode @1d",1,14,Karim,False,6.319054457869204
"E sigma alarm, per-episode @1d",1,14,Karim,False,6.319696441855038
"E sigma alarm, per-episode @1d",1,14,Ana,False,2.8599513175317424
"E sigma alarm, per-episode @1d",1,14,Ana,False,2.7574645081815934
"E sigma alarm, per-episode @1d",1,14,Ana,False,2.9991714871763686
"E sigma alarm, per-episode @1d",1,14,Ana,False,2.985550420679583
"E sigma alarm, per-episode @1d",1,14,Ana,False,2.790747657873142
"E sigma alarm, per-episode @1d",1,14,Ana,False,2.93555409309384
"E sigma alarm, per-episode @1d",1,14,Ana,False,2.669084585908318
"E sigma alarm, per-episode @1d",1,14,Ana,False,2.886249109912543
"E sigma alarm, per-episode @1d",1,14,Ana,False,2.8228011207943986
"E sigma alarm, per-episode @1d",1,14,Ana,False,2.6303168808735187
"E sigma alarm, per-episode @1d",1,14,Ana,False,2.970160071000597
"E sigma alarm, per-episode @1d",1,14,Ana,False,2.7238153239741156
"E sigma alarm, per-episode @1d",1,14,Ana,False,2.6618520319487775
"E sigma alarm, per-episode @1d",1,14,Ana,False,2.865392173124503
"E sigma alarm, per-episode @1d",1,14,Ana,False,2.6302802466617377
"E sigma alarm, per-episode @1d",1,14,Ana,False,2.782063829857978
"E sigma alarm, per-episode @1d",1,14,Ana,False,2.9264247910823524
"E sigma alarm, per-episode @1d",1,14,Ana,False,2.9007952403426533
"E sigma alarm, per-episode @1d",1,14,Ana,False,2.964400714804394
"E sigma alarm, per-episode @1d",1,14,Ana,False,2.7601164017506363
"E sigma alarm, per-episode @1d",1,14,Ana,False,2.7017867686036836
"E sigma alarm, per-episode @1d",1,14,Ana,False,2.7141829886411535
"E sigma alarm, per-episode @1d",1,14,Ana,False,2.7191149702577095
"E sigma alarm, per-episode @1d",1,14,Ana,False,3.095498921167959
"E sigma alarm, per-episode @1d",1,14,Ana,False,2.8559543021663933
"E sigma alarm, per-episode @1d",1,14,Ana,False,2.8552217333914696
"E sigma alarm, per-episode @1d",1,14,Ana,False,2.7714619806230916
"E sigma alarm, per-episode @1d",1,14,Ana,False,2.9577879384087336
"E sigma alarm, per-episode @1d",1,14,Ana,False,2.597148982851986
"E sigma alarm, per-episode @1d",1,14,Ana,False,2.775387652139192
Fixed taper (traditional) @7d,7,26,Marta,True,
Fixed taper (traditional) @7d,7,26,Marta,False,0.8186472351808927
Fixed taper (traditional) @7d,7,26,Marta,False,0.8186472351808927
Fixed taper (traditional) @7d,7,26,Marta,True,
Fixed taper (traditional) @7d,7,26,Marta,False,0.8186472351808927
Fixed taper (traditional) @7d,7,26,Marta,False,0.8186472351808927
Fixed taper (traditional) @7d,7,26,Marta,False,0.8186472351808927
Fixed taper (traditional) @7d,7,26,Marta,True,
Fixed taper (traditional) @7d,7,26,Marta,False,0.8186472351808927
Fixed taper (traditional) @7d,7,26,Marta,False,0.8186472351808927
Fixed taper (traditional) @7d,7,26,Marta,False,0.8186472351808927
Fixed taper (traditional) @7d,7,26,Marta,True,
Fixed taper (traditional) @7d,7,26,Marta,False,0.8186472351808927
Fixed taper (traditional) @7d,7,26,Marta,False,0.8186472351808927
Fixed taper (traditional) @7d,7,26,Marta,False,0.8186472351808927
Fixed taper (traditional) @7d,7,26,Marta,True,
Fixed taper (traditional) @7d,7,26,Marta,False,0.8186472351808927
Fixed taper (traditional) @7d,7,26,Marta,False,0.8186472351808927
Fixed taper (traditional) @7d,7,26,Marta,True,
Fixed taper (traditional) @7d,7,26,Marta,False,0.8186472351808927
Fixed taper (traditional) @7d,7,26,Marta,True,
Fixed taper (traditional) @7d,7,26,Marta,False,0.8186472351808927
Fixed taper (traditional) @7d,7,26,Marta,True,
Fixed taper (traditional) @7d,7,26,Marta,False,0.8186472351808927
Fixed taper (traditional) @7d,7,26,Marta,False,0.8186472351808927
Fixed taper (traditional) @7d,7,26,Marta,True,
Fixed taper (traditional) @7d,7,26,Marta,False,0.8186472351808927
Fixed taper (traditional) @7d,7,26,Marta,False,0.8186472351808927
Fixed taper (traditional) @7d,7,26,Marta,False,0.8186472351808927
Fixed taper (traditional) @7d,7,26,Marta,False,0.8186472351808927
Fixed taper (traditional) @7d,7,26,Diego,False,0.8186472351808927
Fixed taper (traditional) @7d,7,26,Diego,False,0.8186472351808927
Fixed taper (traditional) @7d,7,26,Diego,False,0.8186472351808927
Fixed taper (traditional) @7d,7,26,Diego,False,0.8186472351808927
Fixed taper (traditional) @7d,7,26,Diego,False,0.8186472351808927
Fixed taper (traditional) @7d,7,26,Diego,False,0.8186472351808927
Fixed taper (traditional) @7d,7,26,Diego,False,0.8186472351808927
Fixed taper (traditional) @7d,7,26,Diego,False,0.8186472351808927
Fixed taper (traditional) @7d,7,26,Diego,True,
Fixed taper (traditional) @7d,7,26,Diego,True,
Fixed taper (traditional) @7d,7,26,Diego,True,
Fixed taper (traditional) @7d,7,26,Diego,False,0.8186472351808927
Fixed taper (traditional) @7d,7,26,Diego,False,0.8186472351808927
Fixed taper (traditional) @7d,7,26,Diego,False,0.8186472351808927
Fixed taper (traditional) @7d,7,26,Diego,False,0.8186472351808927
Fixed taper (traditional) @7d,7,26,Diego,False,0.8186472351808927
Fixed taper (traditional) @7d,7,26,Diego,False,0.8186472351808927
Fixed taper (traditional) @7d,7,26,Diego,True,
Fixed taper (traditional) @7d,7,26,Diego,True,
Fixed taper (traditional) @7d,7,26,Diego,False,0.8186472351808927
Fixed taper (traditional) @7d,7,26,Diego,False,0.8186472351808927
Fixed taper (traditional) @7d,7,26,Diego,False,0.8186472351808927
Fixed taper (traditional) @7d,7,26,Diego,True,
Fixed taper (traditional) @7d,7,26,Diego,False,0.8186472351808927
Fixed taper (traditional) @7d,7,26,Diego,False,0.8186472351808927
Fixed taper (traditional) @7d,7,26,Diego,False,0.8186472351808927
Fixed taper (traditional) @7d,7,26,Diego,False,0.8186472351808927
Fixed taper (traditional) @7d,7,26,Diego,False,0.8186472351808927
Fixed taper (traditional) @7d,7,26,Diego,False,0.8186472351808927
Fixed taper (traditional) @7d,7,26,Diego,False,0.8186472351808927
Fixed taper (traditional) @7d,7,26,Lucía,True,
Fixed taper (traditional) @7d,7,26,Lucía,True,
Fixed taper (traditional) @7d,7,26,Lucía,True,
Fixed taper (traditional) @7d,7,26,Lucía,True,
Fixed taper (traditional) @7d,7,26,Lucía,True,
Fixed taper (traditional) @7d,7,26,Lucía,True,
Fixed taper (traditional) @7d,7,26,Lucía,True,
Fixed taper (traditional) @7d,7,26,Lucía,True,
Fixed taper (traditional) @7d,7,26,Lucía,True,
Fixed taper (traditional) @7d,7,26,Lucía,True,
Fixed taper (traditional) @7d,7,26,Lucía,True,
Fixed taper (traditional) @7d,7,26,Lucía,True,
Fixed taper (traditional) @7d,7,26,Lucía,True,
Fixed taper (traditional) @7d,7,26,Lucía,True,
Fixed taper (traditional) @7d,7,26,Lucía,True,
Fixed taper (traditional) @7d,7,26,Lucía,True,
Fixed taper (traditional) @7d,7,26,Lucía,True,
Fixed taper (traditional) @7d,7,26,Lucía,True,
Fixed taper (traditional) @7d,7,26,Lucía,True,
Fixed taper (traditional) @7d,7,26,Lucía,True,
Fixed taper (traditional) @7d,7,26,Lucía,True,
Fixed taper (traditional) @7d,7,26,Lucía,True,
Fixed taper (traditional) @7d,7,26,Lucía,True,
Fixed taper (traditional) @7d,7,26,Lucía,True,
Fixed taper (traditional) @7d,7,26,Lucía,True,
Fixed taper (traditional) @7d,7,26,Lucía,True,
Fixed taper (traditional) @7d,7,26,Lucía,True,
Fixed taper (traditional) @7d,7,26,Lucía,True,
Fixed taper (traditional) @7d,7,26,Lucía,True,
Fixed taper (traditional) @7d,7,26,Lucía,True,
Fixed taper (traditional) @7d,7,26,Karim,True,
Fixed taper (traditional) @7d,7,26,Karim,True,
Fixed taper (traditional) @7d,7,26,Karim,True,
Fixed taper (traditional) @7d,7,26,Karim,True,
Fixed taper (traditional) @7d,7,26,Karim,True,
Fixed taper (traditional) @7d,7,26,Karim,True,
Fixed taper (traditional) @7d,7,26,Karim,True,
Fixed taper (traditional) @7d,7,26,Karim,True,
Fixed taper (traditional) @7d,7,26,Karim,True,
Fixed taper (traditional) @7d,7,26,Karim,True,
Fixed taper (traditional) @7d,7,26,Karim,True,
Fixed taper (traditional) @7d,7,26,Karim,True,
Fixed taper (traditional) @7d,7,26,Karim,True,
Fixed taper (traditional) @7d,7,26,Karim,True,
Fixed taper (traditional) @7d,7,26,Karim,True,
Fixed taper (traditional) @7d,7,26,Karim,True,
Fixed taper (traditional) @7d,7,26,Karim,True,
Fixed taper (traditional) @7d,7,26,Karim,True,
Fixed taper (traditional) @7d,7,26,Karim,True,
Fixed taper (traditional) @7d,7,26,Karim,False,0.8186472351808927
Fixed taper (traditional) @7d,7,26,Karim,True,
Fixed taper (traditional) @7d,7,26,Karim,True,
Fixed taper (traditional) @7d,7,26,Karim,True,
Fixed taper (traditional) @7d,7,26,Karim,True,
Fixed taper (traditional) @7d,7,26,Karim,True,
Fixed taper (traditional) @7d,7,26,Karim,True,
Fixed taper (traditional) @7d,7,26,Karim,True,
Fixed taper (traditional) @7d,7,26,Karim,True,
Fixed taper (traditional) @7d,7,26,Karim,True,
Fixed taper (traditional) @7d,7,26,Karim,True,
Fixed taper (traditional) @7d,7,26,Ana,False,0.8186472351808927
Fixed taper (traditional) @7d,7,26,Ana,False,0.8186472351808927
Fixed taper (traditional) @7d,7,26,Ana,False,0.8186472351808927
Fixed taper (traditional) @7d,7,26,Ana,False,0.8186472351808927
Fixed taper (traditional) @7d,7,26,Ana,False,0.8186472351808927
Fixed taper (traditional) @7d,7,26,Ana,False,0.8186472351808927
Fixed taper (traditional) @7d,7,26,Ana,False,0.8186472351808927
Fixed taper (traditional) @7d,7,26,Ana,False,0.8186472351808927
Fixed taper (traditional) @7d,7,26,Ana,False,0.8186472351808927
Fixed taper (traditional) @7d,7,26,Ana,False,0.8186472351808927
Fixed taper (traditional) @7d,7,26,Ana,False,0.8186472351808927
Fixed taper (traditional) @7d,7,26,Ana,False,0.8186472351808927
Fixed taper (traditional) @7d,7,26,Ana,False,0.8186472351808927
Fixed taper (traditional) @7d,7,26,Ana,False,0.8186472351808927
Fixed taper (traditional) @7d,7,26,Ana,False,0.8186472351808927
Fixed taper (traditional) @7d,7,26,Ana,False,0.8186472351808927
Fixed taper (traditional) @7d,7,26,Ana,False,0.8186472351808927
Fixed taper (traditional) @7d,7,26,Ana,False,0.8186472351808927
Fixed taper (traditional) @7d,7,26,Ana,False,0.8186472351808927
Fixed taper (traditional) @7d,7,26,Ana,False,0.8186472351808927
Fixed taper (traditional) @7d,7,26,Ana,False,0.8186472351808927
Fixed taper (traditional) @7d,7,26,Ana,False,0.8186472351808927
Fixed taper (traditional) @7d,7,26,Ana,False,0.8186472351808927
Fixed taper (traditional) @7d,7,26,Ana,False,0.8186472351808927
Fixed taper (traditional) @7d,7,26,Ana,False,0.8186472351808927
Fixed taper (traditional) @7d,7,26,Ana,False,0.8186472351808927
Fixed taper (traditional) @7d,7,26,Ana,False,0.8186472351808927
Fixed taper (traditional) @7d,7,26,Ana,False,0.8186472351808927
Fixed taper (traditional) @7d,7,26,Ana,False,0.8186472351808927
Fixed taper (traditional) @7d,7,26,Ana,False,0.8186472351808927
Wane adaptive engine @7d,7,26,Marta,False,1.2434596276654402
Wane adaptive engine @7d,7,26,Marta,False,0.8264186372322717
Wane adaptive engine @7d,7,26,Marta,False,1.2798904448916009
Wane adaptive engine @7d,7,26,Marta,False,0.7265227318892649
Wane adaptive engine @7d,7,26,Marta,False,0.9408230122630088
Wane adaptive engine @7d,7,26,Marta,False,1.177654214905545
Wane adaptive engine @7d,7,26,Marta,False,0.992679997339464
Wane adaptive engine @7d,7,26,Marta,False,1.3731478550528493
Wane adaptive engine @7d,7,26,Marta,False,0.9927522068482906
Wane adaptive engine @7d,7,26,Marta,False,1.4662216416690654
Wane adaptive engine @7d,7,26,Marta,False,1.0293745127347338
Wane adaptive engine @7d,7,26,Marta,False,1.0618028577508998
Wane adaptive engine @7d,7,26,Marta,False,0.8204164699338541
Wane adaptive engine @7d,7,26,Marta,False,1.2199614096661793
Wane adaptive engine @7d,7,26,Marta,False,0.922251034661168
Wane adaptive engine @7d,7,26,Marta,False,1.1459811367135342
Wane adaptive engine @7d,7,26,Marta,False,1.0291847819012294
Wane adaptive engine @7d,7,26,Marta,False,0.8639156931218596
Wane adaptive engine @7d,7,26,Marta,False,1.2600551887332119
Wane adaptive engine @7d,7,26,Marta,False,0.9648941134263785
Wane adaptive engine @7d,7,26,Marta,True,
Wane adaptive engine @7d,7,26,Marta,False,0.8620289363243556
Wane adaptive engine @7d,7,26,Marta,False,1.2112946848319501
Wane adaptive engine @7d,7,26,Marta,False,0.9745976082187889
Wane adaptive engine @7d,7,26,Marta,False,1.077341170779674
Wane adaptive engine @7d,7,26,Marta,True,
Wane adaptive engine @7d,7,26,Marta,False,1.2621458659392535
Wane adaptive engine @7d,7,26,Marta,False,0.9719704520233383
Wane adaptive engine @7d,7,26,Marta,False,1.0997121961456675
Wane adaptive engine @7d,7,26,Marta,False,1.2184937072444508
Wane adaptive engine @7d,7,26,Diego,False,1.9515709132966326
Wane adaptive engine @7d,7,26,Diego,False,1.247637686131187
Wane adaptive engine @7d,7,26,Diego,False,1.0598137782500194
Wane adaptive engine @7d,7,26,Diego,False,1.058074528508122
Wane adaptive engine @7d,7,26,Diego,False,1.4040629007150323
Wane adaptive engine @7d,7,26,Diego,False,1.0069134097952361
Wane adaptive engine @7d,7,26,Diego,True,
Wane adaptive engine @7d,7,26,Diego,False,1.455429803925067
Wane adaptive engine @7d,7,26,Diego,False,1.1121870036784856
Wane adaptive engine @7d,7,26,Diego,False,1.8211715881405541
Wane adaptive engine @7d,7,26,Diego,False,1.0258466576728342
Wane adaptive engine @7d,7,26,Diego,False,1.4875620887406824
Wane adaptive engine @7d,7,26,Diego,False,1.1718276740885167
Wane adaptive engine @7d,7,26,Diego,False,1.3603262226584478
Wane adaptive engine @7d,7,26,Diego,True,
Wane adaptive engine @7d,7,26,Diego,False,1.1448361503611895
Wane adaptive engine @7d,7,26,Diego,False,1.664487106494285
Wane adaptive engine @7d,7,26,Diego,False,1.547580146366302
Wane adaptive engine @7d,7,26,Diego,False,1.448077797085455
Wane adaptive engine @7d,7,26,Diego,False,2.461590223312177
Wane adaptive engine @7d,7,26,Diego,False,1.556183084959852
Wane adaptive engine @7d,7,26,Diego,False,1.2657317258994023
Wane adaptive engine @7d,7,26,Diego,False,1.4299550112331931
Wane adaptive engine @7d,7,26,Diego,False,0.7936045801309142
Wane adaptive engine @7d,7,26,Diego,False,1.0440069646184633
Wane adaptive engine @7d,7,26,Diego,True,
Wane adaptive engine @7d,7,26,Diego,False,2.0698968221431038
Wane adaptive engine @7d,7,26,Diego,False,2.238802909990335
Wane adaptive engine @7d,7,26,Diego,False,1.3105727489466612
Wane adaptive engine @7d,7,26,Diego,True,
Wane adaptive engine @7d,7,26,Lucía,True,
Wane adaptive engine @7d,7,26,Lucía,True,
Wane adaptive engine @7d,7,26,Lucía,True,
Wane adaptive engine @7d,7,26,Lucía,True,
Wane adaptive engine @7d,7,26,Lucía,False,2.4321172926354837
Wane adaptive engine @7d,7,26,Lucía,True,
Wane adaptive engine @7d,7,26,Lucía,True,
Wane adaptive engine @7d,7,26,Lucía,False,2.998023116311475
Wane adaptive engine @7d,7,26,Lucía,True,
Wane adaptive engine @7d,7,26,Lucía,True,
Wane adaptive engine @7d,7,26,Lucía,True,
Wane adaptive engine @7d,7,26,Lucía,False,2.740055359278038
Wane adaptive engine @7d,7,26,Lucía,False,2.324155220397459
Wane adaptive engine @7d,7,26,Lucía,True,
Wane adaptive engine @7d,7,26,Lucía,True,
Wane adaptive engine @7d,7,26,Lucía,True,
Wane adaptive engine @7d,7,26,Lucía,True,
Wane adaptive engine @7d,7,26,Lucía,True,
Wane adaptive engine @7d,7,26,Lucía,True,
Wane adaptive engine @7d,7,26,Lucía,True,
Wane adaptive engine @7d,7,26,Lucía,True,
Wane adaptive engine @7d,7,26,Lucía,False,2.312204992867559
Wane adaptive engine @7d,7,26,Lucía,True,
Wane adaptive engine @7d,7,26,Lucía,False,2.9087747929406933
Wane adaptive engine @7d,7,26,Lucía,True,
Wane adaptive engine @7d,7,26,Lucía,False,2.7035228987455273
Wane adaptive engine @7d,7,26,Lucía,True,
Wane adaptive engine @7d,7,26,Lucía,True,
Wane adaptive engine @7d,7,26,Lucía,True,
Wane adaptive engine @7d,7,26,Lucía,False,2.324126340245294
Wane adaptive engine @7d,7,26,Karim,False,3.3637271815888647
Wane adaptive engine @7d,7,26,Karim,False,2.9265807878137147
Wane adaptive engine @7d,7,26,Karim,False,2.511559651954692
Wane adaptive engine @7d,7,26,Karim,False,3.836297537162142
Wane adaptive engine @7d,7,26,Karim,False,3.7185829621310846
Wane adaptive engine @7d,7,26,Karim,True,
Wane adaptive engine @7d,7,26,Karim,False,3.1184855380042014
Wane adaptive engine @7d,7,26,Karim,True,
Wane adaptive engine @7d,7,26,Karim,False,2.9758621009311277
Wane adaptive engine @7d,7,26,Karim,True,
Wane adaptive engine @7d,7,26,Karim,False,2.1155398799047656
Wane adaptive engine @7d,7,26,Karim,False,3.2576559564359684
Wane adaptive engine @7d,7,26,Karim,True,
Wane adaptive engine @7d,7,26,Karim,False,3.7688656131716836
Wane adaptive engine @7d,7,26,Karim,True,
Wane adaptive engine @7d,7,26,Karim,True,
Wane adaptive engine @7d,7,26,Karim,False,3.5618072075782035
Wane adaptive engine @7d,7,26,Karim,False,2.788786189928167
Wane adaptive engine @7d,7,26,Karim,False,4.53245327471583
Wane adaptive engine @7d,7,26,Karim,False,2.423967974773013
Wane adaptive engine @7d,7,26,Karim,False,3.489561169256723
Wane adaptive engine @7d,7,26,Karim,True,
Wane adaptive engine @7d,7,26,Karim,False,2.380203900092506
Wane adaptive engine @7d,7,26,Karim,False,4.401559712336785
Wane adaptive engine @7d,7,26,Karim,False,2.1763014271723575
Wane adaptive engine @7d,7,26,Karim,False,2.5923915048801547
Wane adaptive engine @7d,7,26,Karim,False,2.752826570450136
Wane adaptive engine @7d,7,26,Karim,False,1.6556780949763328
Wane adaptive engine @7d,7,26,Karim,False,2.3251980159988173
Wane adaptive engine @7d,7,26,Karim,False,4.34449763102119
Wane adaptive engine @7d,7,26,Ana,False,0.5077848605134913
Wane adaptive engine @7d,7,26,Ana,False,0.5
Wane adaptive engine @7d,7,26,Ana,False,0.5
Wane adaptive engine @7d,7,26,Ana,False,0.5
Wane adaptive engine @7d,7,26,Ana,False,0.5
Wane adaptive engine @7d,7,26,Ana,False,0.5
Wane adaptive engine @7d,7,26,Ana,False,0.5
Wane adaptive engine @7d,7,26,Ana,False,0.5
Wane adaptive engine @7d,7,26,Ana,False,0.5
Wane adaptive engine @7d,7,26,Ana,False,0.5
Wane adaptive engine @7d,7,26,Ana,False,0.5525894070293873
Wane adaptive engine @7d,7,26,Ana,False,0.5647348284108478
Wane adaptive engine @7d,7,26,Ana,False,0.5
Wane adaptive engine @7d,7,26,Ana,False,0.5
Wane adaptive engine @7d,7,26,Ana,False,0.5
Wane adaptive engine @7d,7,26,Ana,False,0.5
Wane adaptive engine @7d,7,26,Ana,False,0.5
Wane adaptive engine @7d,7,26,Ana,False,0.5
Wane adaptive engine @7d,7,26,Ana,False,0.5
Wane adaptive engine @7d,7,26,Ana,False,0.5
Wane adaptive engine @7d,7,26,Ana,False,0.5
Wane adaptive engine @7d,7,26,Ana,False,0.5
Wane adaptive engine @7d,7,26,Ana,False,0.5657331166943262
Wane adaptive engine @7d,7,26,Ana,False,0.507784860513491
Wane adaptive engine @7d,7,26,Ana,False,0.6300001612667532
Wane adaptive engine @7d,7,26,Ana,False,0.5
Wane adaptive engine @7d,7,26,Ana,False,0.5
Wane adaptive engine @7d,7,26,Ana,False,0.5
Wane adaptive engine @7d,7,26,Ana,False,0.5917688990841875
Wane adaptive engine @7d,7,26,Ana,False,0.5155579233322556
Wane adaptive engine @1d,1,26,Marta,False,0.9458132013810461
Wane adaptive engine @1d,1,26,Marta,False,1.0160085338782827
Wane adaptive engine @1d,1,26,Marta,False,0.7456078837256187
Wane adaptive engine @1d,1,26,Marta,False,0.8161856963640287
Wane adaptive engine @1d,1,26,Marta,False,1.0194290435244344
Wane adaptive engine @1d,1,26,Marta,True,
Wane adaptive engine @1d,1,26,Marta,False,0.7044529886556724
Wane adaptive engine @1d,1,26,Marta,False,0.7984610669174119
Wane adaptive engine @1d,1,26,Marta,True,
Wane adaptive engine @1d,1,26,Marta,False,0.8511895917865646
Wane adaptive engine @1d,1,26,Marta,False,0.7515783929523764
Wane adaptive engine @1d,1,26,Marta,False,0.8911323879769389
Wane adaptive engine @1d,1,26,Marta,False,0.8770747597320604
Wane adaptive engine @1d,1,26,Marta,False,0.7335907825781157
Wane adaptive engine @1d,1,26,Marta,False,1.0205975993147476
Wane adaptive engine @1d,1,26,Marta,False,0.9979183258972357
Wane adaptive engine @1d,1,26,Marta,False,0.9073644777377016
Wane adaptive engine @1d,1,26,Marta,True,
Wane adaptive engine @1d,1,26,Marta,False,1.0703930953383858
Wane adaptive engine @1d,1,26,Marta,True,
Wane adaptive engine @1d,1,26,Marta,False,0.8476697478693178
Wane adaptive engine @1d,1,26,Marta,False,0.6858722691497595
Wane adaptive engine @1d,1,26,Marta,False,0.9072382300589324
Wane adaptive engine @1d,1,26,Marta,True,
Wane adaptive engine @1d,1,26,Marta,False,0.9693575642427393
Wane adaptive engine @1d,1,26,Marta,False,1.0209162435790695
Wane adaptive engine @1d,1,26,Marta,False,0.8210950608584301
Wane adaptive engine @1d,1,26,Marta,True,
Wane adaptive engine @1d,1,26,Marta,False,0.8146920247188603
Wane adaptive engine @1d,1,26,Marta,False,0.778271402940405
Wane adaptive engine @1d,1,26,Diego,False,0.8415669917766904
Wane adaptive engine @1d,1,26,Diego,False,0.9676617693295121
Wane adaptive engine @1d,1,26,Diego,False,1.1689635883306428
Wane adaptive engine @1d,1,26,Diego,False,1.142527187884204
Wane adaptive engine @1d,1,26,Diego,False,0.9844796498136984
Wane adaptive engine @1d,1,26,Diego,False,0.7272847256763083
Wane adaptive engine @1d,1,26,Diego,False,1.5212151554107294
Wane adaptive engine @1d,1,26,Diego,True,
Wane adaptive engine @1d,1,26,Diego,False,1.0784252153930116
Wane adaptive engine @1d,1,26,Diego,False,0.815740010249074
Wane adaptive engine @1d,1,26,Diego,True,
Wane adaptive engine @1d,1,26,Diego,False,0.9468667150384886
Wane adaptive engine @1d,1,26,Diego,False,1.115110888318287
Wane adaptive engine @1d,1,26,Diego,False,1.6449453409742476
Wane adaptive engine @1d,1,26,Diego,False,1.0393870115627921
Wane adaptive engine @1d,1,26,Diego,False,1.1848128750458666
Wane adaptive engine @1d,1,26,Diego,False,1.14984707890337
Wane adaptive engine @1d,1,26,Diego,False,0.9942007634751304
Wane adaptive engine @1d,1,26,Diego,False,1.3834281189126045
Wane adaptive engine @1d,1,26,Diego,False,1.1381104353963474
Wane adaptive engine @1d,1,26,Diego,False,1.2955517622226913
Wane adaptive engine @1d,1,26,Diego,False,0.9848662004729621
Wane adaptive engine @1d,1,26,Diego,True,
Wane adaptive engine @1d,1,26,Diego,False,1.2011844119588277
Wane adaptive engine @1d,1,26,Diego,True,
Wane adaptive engine @1d,1,26,Diego,False,0.7142512641619421
Wane adaptive engine @1d,1,26,Diego,False,1.173492494470267
Wane adaptive engine @1d,1,26,Diego,True,
Wane adaptive engine @1d,1,26,Diego,False,1.2175262008297678
Wane adaptive engine @1d,1,26,Diego,True,
Wane adaptive engine @1d,1,26,Lucía,True,
Wane adaptive engine @1d,1,26,Lucía,True,
Wane adaptive engine @1d,1,26,Lucía,True,
Wane adaptive engine @1d,1,26,Lucía,True,
Wane adaptive engine @1d,1,26,Lucía,False,2.9753433487926864
Wane adaptive engine @1d,1,26,Lucía,True,
Wane adaptive engine @1d,1,26,Lucía,True,
Wane adaptive engine @1d,1,26,Lucía,True,
Wane adaptive engine @1d,1,26,Lucía,True,
Wane adaptive engine @1d,1,26,Lucía,False,2.093389103862918
Wane adaptive engine @1d,1,26,Lucía,True,
Wane adaptive engine @1d,1,26,Lucía,True,
Wane adaptive engine @1d,1,26,Lucía,True,
Wane adaptive engine @1d,1,26,Lucía,True,
Wane adaptive engine @1d,1,26,Lucía,True,
Wane adaptive engine @1d,1,26,Lucía,True,
Wane adaptive engine @1d,1,26,Lucía,True,
Wane adaptive engine @1d,1,26,Lucía,True,
Wane adaptive engine @1d,1,26,Lucía,True,
Wane adaptive engine @1d,1,26,Lucía,True,
Wane adaptive engine @1d,1,26,Lucía,True,
Wane adaptive engine @1d,1,26,Lucía,True,
Wane adaptive engine @1d,1,26,Lucía,True,
Wane adaptive engine @1d,1,26,Lucía,True,
Wane adaptive engine @1d,1,26,Lucía,True,
Wane adaptive engine @1d,1,26,Lucía,True,
Wane adaptive engine @1d,1,26,Lucía,True,
Wane adaptive engine @1d,1,26,Lucía,True,
Wane adaptive engine @1d,1,26,Lucía,True,
Wane adaptive engine @1d,1,26,Lucía,False,1.9857304157863311
Wane adaptive engine @1d,1,26,Karim,True,
Wane adaptive engine @1d,1,26,Karim,False,2.7732023969458024
Wane adaptive engine @1d,1,26,Karim,False,4.848518453137878
Wane adaptive engine @1d,1,26,Karim,True,
Wane adaptive engine @1d,1,26,Karim,False,3.2378332030942554
Wane adaptive engine @1d,1,26,Karim,False,2.336444425181668
Wane adaptive engine @1d,1,26,Karim,False,2.4276511801897698
Wane adaptive engine @1d,1,26,Karim,False,2.74245861232942
Wane adaptive engine @1d,1,26,Karim,False,3.279883501093857
Wane adaptive engine @1d,1,26,Karim,False,2.6842027813022247
Wane adaptive engine @1d,1,26,Karim,True,
Wane adaptive engine @1d,1,26,Karim,False,3.6174013894771795
Wane adaptive engine @1d,1,26,Karim,False,2.1951401725309285
Wane adaptive engine @1d,1,26,Karim,False,3.1087473625128785
Wane adaptive engine @1d,1,26,Karim,False,3.4488057980237588
Wane adaptive engine @1d,1,26,Karim,False,3.152330979020667
Wane adaptive engine @1d,1,26,Karim,True,
Wane adaptive engine @1d,1,26,Karim,True,
Wane adaptive engine @1d,1,26,Karim,False,2.861796683836669
Wane adaptive engine @1d,1,26,Karim,False,2.0214066255532552
Wane adaptive engine @1d,1,26,Karim,False,2.664408787700933
Wane adaptive engine @1d,1,26,Karim,False,1.8766781928181029
Wane adaptive engine @1d,1,26,Karim,False,2.5013746773484575
Wane adaptive engine @1d,1,26,Karim,False,2.654064946122189
Wane adaptive engine @1d,1,26,Karim,False,2.1764174393061664
Wane adaptive engine @1d,1,26,Karim,True,
Wane adaptive engine @1d,1,26,Karim,False,2.821153932433805
Wane adaptive engine @1d,1,26,Karim,False,2.3202067927564234
Wane adaptive engine @1d,1,26,Karim,False,2.991540267460134
Wane adaptive engine @1d,1,26,Karim,False,2.3056316728889175
Wane adaptive engine @1d,1,26,Ana,False,0.5
Wane adaptive engine @1d,1,26,Ana,False,0.5
Wane adaptive engine @1d,1,26,Ana,False,0.5
Wane adaptive engine @1d,1,26,Ana,False,0.5
Wane adaptive engine @1d,1,26,Ana,False,0.5
Wane adaptive engine @1d,1,26,Ana,False,0.5
Wane adaptive engine @1d,1,26,Ana,False,0.5
Wane adaptive engine @1d,1,26,Ana,False,0.5
Wane adaptive engine @1d,1,26,Ana,False,0.5
Wane adaptive engine @1d,1,26,Ana,False,0.5
Wane adaptive engine @1d,1,26,Ana,False,0.5
Wane adaptive engine @1d,1,26,Ana,False,0.5
Wane adaptive engine @1d,1,26,Ana,False,0.5
Wane adaptive engine @1d,1,26,Ana,False,0.5
Wane adaptive engine @1d,1,26,Ana,False,0.5
Wane adaptive engine @1d,1,26,Ana,False,0.5
Wane adaptive engine @1d,1,26,Ana,False,0.5
Wane adaptive engine @1d,1,26,Ana,False,0.5
Wane adaptive engine @1d,1,26,Ana,False,0.5
Wane adaptive engine @1d,1,26,Ana,False,0.5
Wane adaptive engine @1d,1,26,Ana,False,0.5
Wane adaptive engine @1d,1,26,Ana,False,0.5
Wane adaptive engine @1d,1,26,Ana,False,0.5
Wane adaptive engine @1d,1,26,Ana,False,0.5
Wane adaptive engine @1d,1,26,Ana,False,0.5
Wane adaptive engine @1d,1,26,Ana,False,0.5
Wane adaptive engine @1d,1,26,Ana,False,0.5
Wane adaptive engine @1d,1,26,Ana,False,0.5
Wane adaptive engine @1d,1,26,Ana,False,0.5
Wane adaptive engine @1d,1,26,Ana,False,0.5
B fast vs last 5 days @1d,1,26,Marta,False,1.2718881677738083
B fast vs last 5 days @1d,1,26,Marta,False,1.613290872264139
B fast vs last 5 days @1d,1,26,Marta,False,2.455901124691861
B fast vs last 5 days @1d,1,26,Marta,False,1.385842682122473
B fast vs last 5 days @1d,1,26,Marta,False,2.0091982540968036
B fast vs last 5 days @1d,1,26,Marta,False,2.1295228644437016
B fast vs last 5 days @1d,1,26,Marta,False,1.817360146781052
B fast vs last 5 days @1d,1,26,Marta,False,1.6384613226272615
B fast vs last 5 days @1d,1,26,Marta,False,1.5442100943005175
B fast vs last 5 days @1d,1,26,Marta,False,2.299486606650552
B fast vs last 5 days @1d,1,26,Marta,False,1.6768454848455963
B fast vs last 5 days @1d,1,26,Marta,False,1.786824732046143
B fast vs last 5 days @1d,1,26,Marta,False,1.9614258276315981
B fast vs last 5 days @1d,1,26,Marta,False,1.4731093133014908
B fast vs last 5 days @1d,1,26,Marta,False,1.7042186148385225
B fast vs last 5 days @1d,1,26,Marta,False,2.611342076300045
B fast vs last 5 days @1d,1,26,Marta,False,2.0905221541631356
B fast vs last 5 days @1d,1,26,Marta,False,1.526312369821066
B fast vs last 5 days @1d,1,26,Marta,False,1.7512202330932225
B fast vs last 5 days @1d,1,26,Marta,False,2.1833662833379974
B fast vs last 5 days @1d,1,26,Marta,False,2.094233177807833
B fast vs last 5 days @1d,1,26,Marta,False,1.5428806318552388
B fast vs last 5 days @1d,1,26,Marta,False,1.702709578866014
B fast vs last 5 days @1d,1,26,Marta,False,1.8751855559710267
B fast vs last 5 days @1d,1,26,Marta,False,1.3771658791845154
B fast vs last 5 days @1d,1,26,Marta,False,1.8841847169503911
B fast vs last 5 days @1d,1,26,Marta,False,2.1687361730280297
B fast vs last 5 days @1d,1,26,Marta,False,2.0530126240342517
B fast vs last 5 days @1d,1,26,Marta,False,2.1592553001157877
B fast vs last 5 days @1d,1,26,Marta,False,1.6345529956972071
B fast vs last 5 days @1d,1,26,Diego,False,6.866059796559003
B fast vs last 5 days @1d,1,26,Diego,False,7.3861621134290365
B fast vs last 5 days @1d,1,26,Diego,False,6.910453062105669
B fast vs last 5 days @1d,1,26,Diego,False,7.076952431012104
B fast vs last 5 days @1d,1,26,Diego,False,5.059398103769352
B fast vs last 5 days @1d,1,26,Diego,False,5.691445828655195
B fast vs last 5 days @1d,1,26,Diego,False,7.787915710554292
B fast vs last 5 days @1d,1,26,Diego,False,7.161264406267332
B fast vs last 5 days @1d,1,26,Diego,False,7.6642636633238315
B fast vs last 5 days @1d,1,26,Diego,False,6.122278796511135
B fast vs last 5 days @1d,1,26,Diego,False,6.251380684824577
B fast vs last 5 days @1d,1,26,Diego,False,8.078103354539529
B fast vs last 5 days @1d,1,26,Diego,False,6.407137170866717
B fast vs last 5 days @1d,1,26,Diego,False,7.337616632921574
B fast vs last 5 days @1d,1,26,Diego,False,8.022426325381874
B fast vs last 5 days @1d,1,26,Diego,False,6.68073382501782
B fast vs last 5 days @1d,1,26,Diego,False,5.543184348362881
B fast vs last 5 days @1d,1,26,Diego,False,6.059690267999015
B fast vs last 5 days @1d,1,26,Diego,False,6.664217520288335
B fast vs last 5 days @1d,1,26,Diego,False,5.737089466860235
B fast vs last 5 days @1d,1,26,Diego,False,5.578627377017528
B fast vs last 5 days @1d,1,26,Diego,False,5.730875233567969
B fast vs last 5 days @1d,1,26,Diego,False,7.920400103451067
B fast vs last 5 days @1d,1,26,Diego,False,6.1727376529755364
B fast vs last 5 days @1d,1,26,Diego,False,5.720740590588052
B fast vs last 5 days @1d,1,26,Diego,False,7.813905472464341
B fast vs last 5 days @1d,1,26,Diego,False,7.01674556727819
B fast vs last 5 days @1d,1,26,Diego,False,6.25951993860812
B fast vs last 5 days @1d,1,26,Diego,False,4.331271098254898
B fast vs last 5 days @1d,1,26,Diego,False,6.653214222195523
B fast vs last 5 days @1d,1,26,Lucía,True,
B fast vs last 5 days @1d,1,26,Lucía,False,3.3881813672578227
B fast vs last 5 days @1d,1,26,Lucía,False,3.426099944008037
B fast vs last 5 days @1d,1,26,Lucía,True,
B fast vs last 5 days @1d,1,26,Lucía,False,4.260778882003816
B fast vs last 5 days @1d,1,26,Lucía,False,3.5412434313312504
B fast vs last 5 days @1d,1,26,Lucía,False,2.958843760092303
B fast vs last 5 days @1d,1,26,Lucía,True,
B fast vs last 5 days @1d,1,26,Lucía,True,
B fast vs last 5 days @1d,1,26,Lucía,True,
B fast vs last 5 days @1d,1,26,Lucía,True,
B fast vs last 5 days @1d,1,26,Lucía,False,3.6172744255540383
B fast vs last 5 days @1d,1,26,Lucía,False,4.369236297546574
B fast vs last 5 days @1d,1,26,Lucía,True,
B fast vs last 5 days @1d,1,26,Lucía,False,3.4755861435523947
B fast vs last 5 days @1d,1,26,Lucía,False,4.073240064508227
B fast vs last 5 days @1d,1,26,Lucía,False,3.886951648786984
B fast vs last 5 days @1d,1,26,Lucía,False,5.153231359038346
B fast vs last 5 days @1d,1,26,Lucía,False,3.7300773768839774
B fast vs last 5 days @1d,1,26,Lucía,False,3.6158528244048935
B fast vs last 5 days @1d,1,26,Lucía,False,3.1147732276462414
B fast vs last 5 days @1d,1,26,Lucía,False,3.605118534841891
B fast vs last 5 days @1d,1,26,Lucía,False,3.1338163137813555
B fast vs last 5 days @1d,1,26,Lucía,False,3.54133110367009
B fast vs last 5 days @1d,1,26,Lucía,False,4.246537151683757
B fast vs last 5 days @1d,1,26,Lucía,True,
B fast vs last 5 days @1d,1,26,Lucía,False,4.004498692915874
B fast vs last 5 days @1d,1,26,Lucía,True,
B fast vs last 5 days @1d,1,26,Lucía,False,4.582147812289031
B fast vs last 5 days @1d,1,26,Lucía,True,
B fast vs last 5 days @1d,1,26,Karim,False,10.113693137389133
B fast vs last 5 days @1d,1,26,Karim,False,10.18393894377955
B fast vs last 5 days @1d,1,26,Karim,False,9.876904814519099
B fast vs last 5 days @1d,1,26,Karim,False,9.40745844776599
B fast vs last 5 days @1d,1,26,Karim,False,10.787220426415878
B fast vs last 5 days @1d,1,26,Karim,False,9.511354161650827
B fast vs last 5 days @1d,1,26,Karim,False,9.911471004028872
B fast vs last 5 days @1d,1,26,Karim,False,9.808778740547943
B fast vs last 5 days @1d,1,26,Karim,False,9.738354775478353
B fast vs last 5 days @1d,1,26,Karim,False,9.289519042786488
B fast vs last 5 days @1d,1,26,Karim,False,9.8881543412806
B fast vs last 5 days @1d,1,26,Karim,False,9.4264878645051
B fast vs last 5 days @1d,1,26,Karim,False,9.488468569253108
B fast vs last 5 days @1d,1,26,Karim,False,9.133520509069678
B fast vs last 5 days @1d,1,26,Karim,False,9.591509020318536
B fast vs last 5 days @1d,1,26,Karim,False,9.683894356559394
B fast vs last 5 days @1d,1,26,Karim,False,9.12488463190906
B fast vs last 5 days @1d,1,26,Karim,False,10.27664113656096
B fast vs last 5 days @1d,1,26,Karim,False,10.94185923074702
B fast vs last 5 days @1d,1,26,Karim,False,9.990123581610202
B fast vs last 5 days @1d,1,26,Karim,False,10.418417501610056
B fast vs last 5 days @1d,1,26,Karim,False,10.30221612968082
B fast vs last 5 days @1d,1,26,Karim,False,8.792696391486162
B fast vs last 5 days @1d,1,26,Karim,False,9.53545865680472
B fast vs last 5 days @1d,1,26,Karim,False,8.727717634046323
B fast vs last 5 days @1d,1,26,Karim,False,10.017811453781833
B fast vs last 5 days @1d,1,26,Karim,False,9.436426545654331
B fast vs last 5 days @1d,1,26,Karim,False,8.953079846348782
B fast vs last 5 days @1d,1,26,Karim,False,9.658697953172933
B fast vs last 5 days @1d,1,26,Karim,False,9.157809283845344
B fast vs last 5 days @1d,1,26,Ana,False,2.4539150157215275
B fast vs last 5 days @1d,1,26,Ana,False,1.725692915023978
B fast vs last 5 days @1d,1,26,Ana,False,1.6085045825466509
B fast vs last 5 days @1d,1,26,Ana,False,0.8175668576273832
B fast vs last 5 days @1d,1,26,Ana,False,1.6614508639459296
B fast vs last 5 days @1d,1,26,Ana,False,1.391071149989852
B fast vs last 5 days @1d,1,26,Ana,False,1.8535678135973617
B fast vs last 5 days @1d,1,26,Ana,False,2.065705053611386
B fast vs last 5 days @1d,1,26,Ana,False,1.1437437777840411
B fast vs last 5 days @1d,1,26,Ana,False,0.7410907577538629
B fast vs last 5 days @1d,1,26,Ana,False,2.9583701784389334
B fast vs last 5 days @1d,1,26,Ana,False,2.657944662438707
B fast vs last 5 days @1d,1,26,Ana,False,2.5751276695963066
B fast vs last 5 days @1d,1,26,Ana,False,1.6298659512606763
B fast vs last 5 days @1d,1,26,Ana,False,1.1172024378528058
B fast vs last 5 days @1d,1,26,Ana,False,3.0756150338378716
B fast vs last 5 days @1d,1,26,Ana,False,2.0451098564795553
B fast vs last 5 days @1d,1,26,Ana,False,2.501545702634555
B fast vs last 5 days @1d,1,26,Ana,False,1.7874713240505022
B fast vs last 5 days @1d,1,26,Ana,False,2.211562277181774
B fast vs last 5 days @1d,1,26,Ana,False,2.176566742079823
B fast vs last 5 days @1d,1,26,Ana,False,1.8545004698532563
B fast vs last 5 days @1d,1,26,Ana,False,2.1384114673047376
B fast vs last 5 days @1d,1,26,Ana,False,1.3849246477883717
B fast vs last 5 days @1d,1,26,Ana,False,1.7756825064895585
B fast vs last 5 days @1d,1,26,Ana,False,1.642657957507014
B fast vs last 5 days @1d,1,26,Ana,False,1.898063328819586
B fast vs last 5 days @1d,1,26,Ana,False,1.5586259468846269
B fast vs last 5 days @1d,1,26,Ana,False,1.6318085142717402
B fast vs last 5 days @1d,1,26,Ana,False,1.2285028490772292
D fast vs own weekday baseline @1d,1,26,Marta,False,2.700313649890551
D fast vs own weekday baseline @1d,1,26,Marta,False,3.513051635449669
D fast vs own weekday baseline @1d,1,26,Marta,False,3.2722655782983003
D fast vs own weekday baseline @1d,1,26,Marta,False,3.699808749394087
D fast vs own weekday baseline @1d,1,26,Marta,False,3.727883346978343
D fast vs own weekday baseline @1d,1,26,Marta,False,3.7925642804432913
D fast vs own weekday baseline @1d,1,26,Marta,False,3.2849911682062114
D fast vs own weekday baseline @1d,1,26,Marta,False,3.3274650462529483
D fast vs own weekday baseline @1d,1,26,Marta,False,4.431643125480106
D fast vs own weekday baseline @1d,1,26,Marta,False,4.2405468902746835
D fast vs own weekday baseline @1d,1,26,Marta,False,4.457777238195547
D fast vs own weekday baseline @1d,1,26,Marta,False,3.570405043719823
D fast vs own weekday baseline @1d,1,26,Marta,False,3.636062503441908
D fast vs own weekday baseline @1d,1,26,Marta,False,3.167846950781648
D fast vs own weekday baseline @1d,1,26,Marta,False,4.011269538809832
D fast vs own weekday baseline @1d,1,26,Marta,False,3.2016251277963472
D fast vs own weekday baseline @1d,1,26,Marta,False,4.492798275693645
D fast vs own weekday baseline @1d,1,26,Marta,False,3.2766171771537405
D fast vs own weekday baseline @1d,1,26,Marta,False,4.2101094266755625
D fast vs own weekday baseline @1d,1,26,Marta,False,2.9764625676526353
D fast vs own weekday baseline @1d,1,26,Marta,False,3.4832419026893273
D fast vs own weekday baseline @1d,1,26,Marta,False,3.453777969690802
D fast vs own weekday baseline @1d,1,26,Marta,False,3.5386896449508294
D fast vs own weekday baseline @1d,1,26,Marta,False,3.882682829211496
D fast vs own weekday baseline @1d,1,26,Marta,False,3.558049666362233
D fast vs own weekday baseline @1d,1,26,Marta,False,3.2202910298262357
D fast vs own weekday baseline @1d,1,26,Marta,False,4.884915439206851
D fast vs own weekday baseline @1d,1,26,Marta,False,3.2617000156630787
D fast vs own weekday baseline @1d,1,26,Marta,False,3.6511385363120192
D fast vs own weekday baseline @1d,1,26,Marta,False,3.409828323253681
D fast vs own weekday baseline @1d,1,26,Diego,False,5.419042933396671
D fast vs own weekday baseline @1d,1,26,Diego,False,5.741890265998719
D fast vs own weekday baseline @1d,1,26,Diego,False,7.305546308632233
D fast vs own weekday baseline @1d,1,26,Diego,False,7.102080317092064
D fast vs own weekday baseline @1d,1,26,Diego,False,5.603460124387993
D fast vs own weekday baseline @1d,1,26,Diego,False,6.770675464967322
D fast vs own weekday baseline @1d,1,26,Diego,False,7.698005910576401
D fast vs own weekday baseline @1d,1,26,Diego,False,5.863934967067127
D fast vs own weekday baseline @1d,1,26,Diego,False,6.691330490944186
D fast vs own weekday baseline @1d,1,26,Diego,False,6.9670293553772025
D fast vs own weekday baseline @1d,1,26,Diego,False,6.515448055247162
D fast vs own weekday baseline @1d,1,26,Diego,False,5.831762632799722
D fast vs own weekday baseline @1d,1,26,Diego,False,5.110320175046887
D fast vs own weekday baseline @1d,1,26,Diego,False,6.925680974901573
D fast vs own weekday baseline @1d,1,26,Diego,False,5.5857100699680915
D fast vs own weekday baseline @1d,1,26,Diego,False,6.253959384090715
D fast vs own weekday baseline @1d,1,26,Diego,False,6.271008475410348
D fast vs own weekday baseline @1d,1,26,Diego,False,5.4039987050661376
D fast vs own weekday baseline @1d,1,26,Diego,False,6.0190895200822006
D fast vs own weekday baseline @1d,1,26,Diego,False,4.582992687797228
D fast vs own weekday baseline @1d,1,26,Diego,False,5.925545976509127
D fast vs own weekday baseline @1d,1,26,Diego,False,5.299146633286235
D fast vs own weekday baseline @1d,1,26,Diego,False,8.07853996509373
D fast vs own weekday baseline @1d,1,26,Diego,False,7.64500654117761
D fast vs own weekday baseline @1d,1,26,Diego,False,6.869573250631168
D fast vs own weekday baseline @1d,1,26,Diego,False,5.43078718044975
D fast vs own weekday baseline @1d,1,26,Diego,False,9.252661734416959
D fast vs own weekday baseline @1d,1,26,Diego,False,7.160542699816277
D fast vs own weekday baseline @1d,1,26,Diego,False,5.793250776250361
D fast vs own weekday baseline @1d,1,26,Diego,False,5.29610584868408
D fast vs own weekday baseline @1d,1,26,Lucía,False,5.021678079775073
D fast vs own weekday baseline @1d,1,26,Lucía,False,4.222401350726261
D fast vs own weekday baseline @1d,1,26,Lucía,False,5.404889125080031
D fast vs own weekday baseline @1d,1,26,Lucía,False,5.825607617296532
D fast vs own weekday baseline @1d,1,26,Lucía,False,6.233634666677687
D fast vs own weekday baseline @1d,1,26,Lucía,False,6.216355870163162
D fast vs own weekday baseline @1d,1,26,Lucía,False,4.637726728844065
D fast vs own weekday baseline @1d,1,26,Lucía,False,4.948951328407492
D fast vs own weekday baseline @1d,1,26,Lucía,False,7.332067766826698
D fast vs own weekday baseline @1d,1,26,Lucía,False,4.895746958194345
D fast vs own weekday baseline @1d,1,26,Lucía,False,5.55381615164457
D fast vs own weekday baseline @1d,1,26,Lucía,False,4.757761117918135
D fast vs own weekday baseline @1d,1,26,Lucía,False,5.36443067149676
D fast vs own weekday baseline @1d,1,26,Lucía,False,5.277261034100831
D fast vs own weekday baseline @1d,1,26,Lucía,False,5.119990489908242
D fast vs own weekday baseline @1d,1,26,Lucía,True,
D fast vs own weekday baseline @1d,1,26,Lucía,True,
D fast vs own weekday baseline @1d,1,26,Lucía,False,6.279686500212122
D fast vs own weekday baseline @1d,1,26,Lucía,False,5.628305398164303
D fast vs own weekday baseline @1d,1,26,Lucía,False,6.426616632791025
D fast vs own weekday baseline @1d,1,26,Lucía,False,5.222169091092767
D fast vs own weekday baseline @1d,1,26,Lucía,False,4.8260044990424396
D fast vs own weekday baseline @1d,1,26,Lucía,False,5.578807718351257
D fast vs own weekday baseline @1d,1,26,Lucía,False,5.829862235449696
D fast vs own weekday baseline @1d,1,26,Lucía,False,5.661177100090104
D fast vs own weekday baseline @1d,1,26,Lucía,False,5.082574520404828
D fast vs own weekday baseline @1d,1,26,Lucía,False,7.805115230504627
D fast vs own weekday baseline @1d,1,26,Lucía,False,5.079923400497444
D fast vs own weekday baseline @1d,1,26,Lucía,True,
D fast vs own weekday baseline @1d,1,26,Lucía,False,6.221856657827784
D fast vs own weekday baseline @1d,1,26,Karim,False,5.496489991738346
D fast vs own weekday baseline @1d,1,26,Karim,False,6.296924756095148
D fast vs own weekday baseline @1d,1,26,Karim,False,5.7331631987241565
D fast vs own weekday baseline @1d,1,26,Karim,False,6.434492594719288
D fast vs own weekday baseline @1d,1,26,Karim,False,6.7219677812782646
D fast vs own weekday baseline @1d,1,26,Karim,False,7.512313578777424
D fast vs own weekday baseline @1d,1,26,Karim,False,5.646109895923036
D fast vs own weekday baseline @1d,1,26,Karim,False,6.675958724156375
D fast vs own weekday baseline @1d,1,26,Karim,False,8.663764040161059
D fast vs own weekday baseline @1d,1,26,Karim,False,6.087583365302417
D fast vs own weekday baseline @1d,1,26,Karim,False,5.75837661436665
D fast vs own weekday baseline @1d,1,26,Karim,False,5.784467812321353
D fast vs own weekday baseline @1d,1,26,Karim,False,5.355310863734648
D fast vs own weekday baseline @1d,1,26,Karim,False,6.8964830632103356
D fast vs own weekday baseline @1d,1,26,Karim,False,6.785198423850609
D fast vs own weekday baseline @1d,1,26,Karim,False,6.065634827647406
D fast vs own weekday baseline @1d,1,26,Karim,False,5.412649483645327
D fast vs own weekday baseline @1d,1,26,Karim,False,7.280053200956908
D fast vs own weekday baseline @1d,1,26,Karim,False,6.216883383736846
D fast vs own weekday baseline @1d,1,26,Karim,False,5.780148111986959
D fast vs own weekday baseline @1d,1,26,Karim,False,5.898984473905648
D fast vs own weekday baseline @1d,1,26,Karim,False,7.16131390049702
D fast vs own weekday baseline @1d,1,26,Karim,False,6.867656781526171
D fast vs own weekday baseline @1d,1,26,Karim,False,6.520491503005962
D fast vs own weekday baseline @1d,1,26,Karim,False,5.790869996441491
D fast vs own weekday baseline @1d,1,26,Karim,False,6.1472559497221475
D fast vs own weekday baseline @1d,1,26,Karim,False,7.067557264154595
D fast vs own weekday baseline @1d,1,26,Karim,False,6.603455744519299
D fast vs own weekday baseline @1d,1,26,Karim,False,7.102031405101813
D fast vs own weekday baseline @1d,1,26,Karim,False,6.82750741941153
D fast vs own weekday baseline @1d,1,26,Ana,False,1.9348916231242073
D fast vs own weekday baseline @1d,1,26,Ana,False,1.5954961984786642
D fast vs own weekday baseline @1d,1,26,Ana,False,1.5925722107406395
D fast vs own weekday baseline @1d,1,26,Ana,False,1.8273977465637568
D fast vs own weekday baseline @1d,1,26,Ana,False,1.7646536860683242
D fast vs own weekday baseline @1d,1,26,Ana,False,1.9627620052472639
D fast vs own weekday baseline @1d,1,26,Ana,False,1.4232857821157276
D fast vs own weekday baseline @1d,1,26,Ana,False,2.083564127663367
D fast vs own weekday baseline @1d,1,26,Ana,False,2.4565643683664717
D fast vs own weekday baseline @1d,1,26,Ana,False,2.097507693160639
D fast vs own weekday baseline @1d,1,26,Ana,False,1.722360887884573
D fast vs own weekday baseline @1d,1,26,Ana,False,2.3389038466102865
D fast vs own weekday baseline @1d,1,26,Ana,False,1.8967894276368158
D fast vs own weekday baseline @1d,1,26,Ana,False,1.9316543198435516
D fast vs own weekday baseline @1d,1,26,Ana,False,1.9960998975181428
D fast vs own weekday baseline @1d,1,26,Ana,False,2.093088490391391
D fast vs own weekday baseline @1d,1,26,Ana,False,3.075776342134535
D fast vs own weekday baseline @1d,1,26,Ana,False,1.7592766093871026
D fast vs own weekday baseline @1d,1,26,Ana,False,3.5043471494434666
D fast vs own weekday baseline @1d,1,26,Ana,False,2.2289276059942127
D fast vs own weekday baseline @1d,1,26,Ana,False,2.1400905185228343
D fast vs own weekday baseline @1d,1,26,Ana,False,1.8895398377085864
D fast vs own weekday baseline @1d,1,26,Ana,False,2.6219429184406837
D fast vs own weekday baseline @1d,1,26,Ana,False,2.907348255436238
D fast vs own weekday baseline @1d,1,26,Ana,False,1.7216382192017603
D fast vs own weekday baseline @1d,1,26,Ana,False,2.663395538845839
D fast vs own weekday baseline @1d,1,26,Ana,False,1.7022670776615079
D fast vs own weekday baseline @1d,1,26,Ana,False,1.9441795390114491
D fast vs own weekday baseline @1d,1,26,Ana,False,2.563993275842449
D fast vs own weekday baseline @1d,1,26,Ana,False,2.278093345952173
"E sigma alarm, per-episode @1d",1,26,Marta,False,0.8682859157895284
"E sigma alarm, per-episode @1d",1,26,Marta,True,
"E sigma alarm, per-episode @1d",1,26,Marta,True,
"E sigma alarm, per-episode @1d",1,26,Marta,False,1.0970574700776097
"E sigma alarm, per-episode @1d",1,26,Marta,False,0.9715377471266884
"E sigma alarm, per-episode @1d",1,26,Marta,False,1.0819753030169128
"E sigma alarm, per-episode @1d",1,26,Marta,False,0.8772863836523233
"E sigma alarm, per-episode @1d",1,26,Marta,True,
"E sigma alarm, per-episode @1d",1,26,Marta,True,
"E sigma alarm, per-episode @1d",1,26,Marta,False,0.9950874556960604
"E sigma alarm, per-episode @1d",1,26,Marta,False,1.0151473731835474
"E sigma alarm, per-episode @1d",1,26,Marta,False,1.1301696566735706
"E sigma alarm, per-episode @1d",1,26,Marta,False,1.0407679117401156
"E sigma alarm, per-episode @1d",1,26,Marta,True,
"E sigma alarm, per-episode @1d",1,26,Marta,False,1.212564899822839
"E sigma alarm, per-episode @1d",1,26,Marta,True,
"E sigma alarm, per-episode @1d",1,26,Marta,False,0.8685858851235665
"E sigma alarm, per-episode @1d",1,26,Marta,True,
"E sigma alarm, per-episode @1d",1,26,Marta,False,1.2028126635036251
"E sigma alarm, per-episode @1d",1,26,Marta,False,1.0136862189108196
"E sigma alarm, per-episode @1d",1,26,Marta,False,0.9990557722613983
"E sigma alarm, per-episode @1d",1,26,Marta,True,
"E sigma alarm, per-episode @1d",1,26,Marta,True,
"E sigma alarm, per-episode @1d",1,26,Marta,False,1.1667839712784942
"E sigma alarm, per-episode @1d",1,26,Marta,False,0.9482304616869442
"E sigma alarm, per-episode @1d",1,26,Marta,False,1.036393367572714
"E sigma alarm, per-episode @1d",1,26,Marta,False,0.7228476346273719
"E sigma alarm, per-episode @1d",1,26,Marta,False,0.9903624534379575
"E sigma alarm, per-episode @1d",1,26,Marta,False,0.907518880027723
"E sigma alarm, per-episode @1d",1,26,Marta,False,0.9015606783838744
"E sigma alarm, per-episode @1d",1,26,Diego,False,1.4266621064763834
"E sigma alarm, per-episode @1d",1,26,Diego,True,
"E sigma alarm, per-episode @1d",1,26,Diego,False,1.539941456227878
"E sigma alarm, per-episode @1d",1,26,Diego,False,1.6356940713257195
"E sigma alarm, per-episode @1d",1,26,Diego,False,1.0418956331940201
"E sigma alarm, per-episode @1d",1,26,Diego,False,1.3792470129164058
"E sigma alarm, per-episode @1d",1,26,Diego,False,1.5018699166958525
"E sigma alarm, per-episode @1d",1,26,Diego,False,1.2183947586189814
"E sigma alarm, per-episode @1d",1,26,Diego,False,1.1515570032572893
"E sigma alarm, per-episode @1d",1,26,Diego,True,
"E sigma alarm, per-episode @1d",1,26,Diego,False,1.0341694286370657
"E sigma alarm, per-episode @1d",1,26,Diego,False,1.386252369391324
"E sigma alarm, per-episode @1d",1,26,Diego,False,1.0482352633749232
"E sigma alarm, per-episode @1d",1,26,Diego,False,1.2419998375144552
"E sigma alarm, per-episode @1d",1,26,Diego,False,0.9979463011877779
"E sigma alarm, per-episode @1d",1,26,Diego,False,1.3895596790722216
"E sigma alarm, per-episode @1d",1,26,Diego,False,1.0441360276921685
"E sigma alarm, per-episode @1d",1,26,Diego,False,1.571172401226169
"E sigma alarm, per-episode @1d",1,26,Diego,False,1.29173359029134
"E sigma alarm, per-episode @1d",1,26,Diego,False,0.9496945123665242
"E sigma alarm, per-episode @1d",1,26,Diego,False,1.35928405226254
"E sigma alarm, per-episode @1d",1,26,Diego,False,1.1542353857464092
"E sigma alarm, per-episode @1d",1,26,Diego,False,1.107958326423675
"E sigma alarm, per-episode @1d",1,26,Diego,False,0.9348375025285143
"E sigma alarm, per-episode @1d",1,26,Diego,False,1.2794999304738
"E sigma alarm, per-episode @1d",1,26,Diego,False,1.4867904180208094
"E sigma alarm, per-episode @1d",1,26,Diego,False,1.00530976607699
"E sigma alarm, per-episode @1d",1,26,Diego,True,
"E sigma alarm, per-episode @1d",1,26,Diego,False,1.0594871305501448
"E sigma alarm, per-episode @1d",1,26,Diego,False,1.3677910429848916
"E sigma alarm, per-episode @1d",1,26,Lucía,False,2.6252620185741518
"E sigma alarm, per-episode @1d",1,26,Lucía,True,
"E sigma alarm, per-episode @1d",1,26,Lucía,True,
"E sigma alarm, per-episode @1d",1,26,Lucía,True,
"E sigma alarm, per-episode @1d",1,26,Lucía,False,1.8311497457684576
"E sigma alarm, per-episode @1d",1,26,Lucía,True,
"E sigma alarm, per-episode @1d",1,26,Lucía,True,
"E sigma alarm, per-episode @1d",1,26,Lucía,True,
"E sigma alarm, per-episode @1d",1,26,Lucía,True,
"E sigma alarm, per-episode @1d",1,26,Lucía,True,
"E sigma alarm, per-episode @1d",1,26,Lucía,False,1.9139085423702815
"E sigma alarm, per-episode @1d",1,26,Lucía,True,
"E sigma alarm, per-episode @1d",1,26,Lucía,True,
"E sigma alarm, per-episode @1d",1,26,Lucía,True,
"E sigma alarm, per-episode @1d",1,26,Lucía,True,
"E sigma alarm, per-episode @1d",1,26,Lucía,True,
"E sigma alarm, per-episode @1d",1,26,Lucía,True,
"E sigma alarm, per-episode @1d",1,26,Lucía,True,
"E sigma alarm, per-episode @1d",1,26,Lucía,True,
"E sigma alarm, per-episode @1d",1,26,Lucía,True,
"E sigma alarm, per-episode @1d",1,26,Lucía,True,
"E sigma alarm, per-episode @1d",1,26,Lucía,False,2.1015927259431746
"E sigma alarm, per-episode @1d",1,26,Lucía,True,
"E sigma alarm, per-episode @1d",1,26,Lucía,True,
"E sigma alarm, per-episode @1d",1,26,Lucía,False,3.5907800396267326
"E sigma alarm, per-episode @1d",1,26,Lucía,True,
"E sigma alarm, per-episode @1d",1,26,Lucía,True,
"E sigma alarm, per-episode @1d",1,26,Lucía,True,
"E sigma alarm, per-episode @1d",1,26,Lucía,True,
"E sigma alarm, per-episode @1d",1,26,Lucía,True,
"E sigma alarm, per-episode @1d",1,26,Karim,True,
"E sigma alarm, per-episode @1d",1,26,Karim,True,
"E sigma alarm, per-episode @1d",1,26,Karim,False,4.848518453137878
"E sigma alarm, per-episode @1d",1,26,Karim,True,
"E sigma alarm, per-episode @1d",1,26,Karim,False,3.77677330033407
"E sigma alarm, per-episode @1d",1,26,Karim,False,2.5656253648623077
"E sigma alarm, per-episode @1d",1,26,Karim,False,2.3683886169409525
"E sigma alarm, per-episode @1d",1,26,Karim,False,2.998603117567784
"E sigma alarm, per-episode @1d",1,26,Karim,False,3.279883501093857
"E sigma alarm, per-episode @1d",1,26,Karim,False,2.6842027813022247
"E sigma alarm, per-episode @1d",1,26,Karim,False,1.8463284253992696
"E sigma alarm, per-episode @1d",1,26,Karim,True,
"E sigma alarm, per-episode @1d",1,26,Karim,True,
"E sigma alarm, per-episode @1d",1,26,Karim,False,3.2376545811806876
"E sigma alarm, per-episode @1d",1,26,Karim,False,3.4488057980237588
"E sigma alarm, per-episode @1d",1,26,Karim,False,3.5988908124108456
"E sigma alarm, per-episode @1d",1,26,Karim,True,
"E sigma alarm, per-episode @1d",1,26,Karim,True,
"E sigma alarm, per-episode @1d",1,26,Karim,False,2.861796683836669
"E sigma alarm, per-episode @1d",1,26,Karim,False,2.0021462741146663
"E sigma alarm, per-episode @1d",1,26,Karim,False,2.629801758958651
"E sigma alarm, per-episode @1d",1,26,Karim,False,2.0620592633054025
"E sigma alarm, per-episode @1d",1,26,Karim,False,2.5013746773484575
"E sigma alarm, per-episode @1d",1,26,Karim,False,2.6942368588654113
"E sigma alarm, per-episode @1d",1,26,Karim,False,3.168519872507368
"E sigma alarm, per-episode @1d",1,26,Karim,False,2.8510089652989605
"E sigma alarm, per-episode @1d",1,26,Karim,False,4.168729244940906
"E sigma alarm, per-episode @1d",1,26,Karim,False,3.3330863678991656
"E sigma alarm, per-episode @1d",1,26,Karim,False,2.638280431809803
"E sigma alarm, per-episode @1d",1,26,Karim,False,2.425973361945978
"E sigma alarm, per-episode @1d",1,26,Ana,False,0.5
"E sigma alarm, per-episode @1d",1,26,Ana,False,0.5002517417894402
"E sigma alarm, per-episode @1d",1,26,Ana,False,0.5
"E sigma alarm, per-episode @1d",1,26,Ana,False,0.5
"E sigma alarm, per-episode @1d",1,26,Ana,False,0.5
"E sigma alarm, per-episode @1d",1,26,Ana,False,0.5
"E sigma alarm, per-episode @1d",1,26,Ana,False,0.5
"E sigma alarm, per-episode @1d",1,26,Ana,False,0.5
"E sigma alarm, per-episode @1d",1,26,Ana,False,0.5
"E sigma alarm, per-episode @1d",1,26,Ana,False,0.5
"E sigma alarm, per-episode @1d",1,26,Ana,False,0.5
"E sigma alarm, per-episode @1d",1,26,Ana,False,0.5
"E sigma alarm, per-episode @1d",1,26,Ana,False,0.5
"E sigma alarm, per-episode @1d",1,26,Ana,False,0.5311524489044069
"E sigma alarm, per-episode @1d",1,26,Ana,False,0.5
"E sigma alarm, per-episode @1d",1,26,Ana,False,0.5
"E sigma alarm, per-episode @1d",1,26,Ana,False,0.5
"E sigma alarm, per-episode @1d",1,26,Ana,False,0.5
"E sigma alarm, per-episode @1d",1,26,Ana,False,0.5045688320429559
"E sigma alarm, per-episode @1d",1,26,Ana,False,0.5
"E sigma alarm, per-episode @1d",1,26,Ana,False,0.5
"E sigma alarm, per-episode @1d",1,26,Ana,False,0.5
"E sigma alarm, per-episode @1d",1,26,Ana,False,0.5
"E sigma alarm, per-episode @1d",1,26,Ana,False,0.5
"E sigma alarm, per-episode @1d",1,26,Ana,False,0.5129085437349676
"E sigma alarm, per-episode @1d",1,26,Ana,False,0.5
"E sigma alarm, per-episode @1d",1,26,Ana,False,0.5
"E sigma alarm, per-episode @1d",1,26,Ana,False,0.5
"E sigma alarm, per-episode @1d",1,26,Ana,False,0.5
"E sigma alarm, per-episode @1d",1,26,Ana,False,0.5
