engine,period,weeks,profile,relapsed,final
Fixed 12%/wk @7d,7,14,Marta,True,
Fixed 12%/wk @7d,7,14,Marta,False,3.795812342461587
Fixed 12%/wk @7d,7,14,Marta,False,3.795812342461587
Fixed 12%/wk @7d,7,14,Marta,False,3.795812342461587
Fixed 12%/wk @7d,7,14,Marta,False,3.795812342461587
Fixed 12%/wk @7d,7,14,Marta,False,3.795812342461587
Fixed 12%/wk @7d,7,14,Marta,False,3.795812342461587
Fixed 12%/wk @7d,7,14,Marta,False,3.795812342461587
Fixed 12%/wk @7d,7,14,Marta,False,3.795812342461587
Fixed 12%/wk @7d,7,14,Marta,False,3.795812342461587
Fixed 12%/wk @7d,7,14,Marta,False,3.795812342461587
Fixed 12%/wk @7d,7,14,Marta,False,3.795812342461587
Fixed 12%/wk @7d,7,14,Marta,False,3.795812342461587
Fixed 12%/wk @7d,7,14,Marta,False,3.795812342461587
Fixed 12%/wk @7d,7,14,Marta,False,3.795812342461587
Fixed 12%/wk @7d,7,14,Marta,False,3.795812342461587
Fixed 12%/wk @7d,7,14,Marta,False,3.795812342461587
Fixed 12%/wk @7d,7,14,Marta,False,3.795812342461587
Fixed 12%/wk @7d,7,14,Marta,True,
Fixed 12%/wk @7d,7,14,Marta,False,3.795812342461587
Fixed 12%/wk @7d,7,14,Marta,True,
Fixed 12%/wk @7d,7,14,Marta,False,3.795812342461587
Fixed 12%/wk @7d,7,14,Marta,True,
Fixed 12%/wk @7d,7,14,Marta,False,3.795812342461587
Fixed 12%/wk @7d,7,14,Marta,False,3.795812342461587
Fixed 12%/wk @7d,7,14,Marta,False,3.795812342461587
Fixed 12%/wk @7d,7,14,Marta,False,3.795812342461587
Fixed 12%/wk @7d,7,14,Marta,False,3.795812342461587
Fixed 12%/wk @7d,7,14,Marta,False,3.795812342461587
Fixed 12%/wk @7d,7,14,Marta,False,3.795812342461587
Fixed 12%/wk @7d,7,14,Marta,False,3.795812342461587
Fixed 12%/wk @7d,7,14,Marta,False,3.795812342461587
Fixed 12%/wk @7d,7,14,Marta,False,3.795812342461587
Fixed 12%/wk @7d,7,14,Marta,True,
Fixed 12%/wk @7d,7,14,Marta,False,3.795812342461587
Fixed 12%/wk @7d,7,14,Marta,False,3.795812342461587
Fixed 12%/wk @7d,7,14,Marta,True,
Fixed 12%/wk @7d,7,14,Marta,False,3.795812342461587
Fixed 12%/wk @7d,7,14,Marta,False,3.795812342461587
Fixed 12%/wk @7d,7,14,Marta,False,3.795812342461587
Fixed 12%/wk @7d,7,14,Marta,False,3.795812342461587
Fixed 12%/wk @7d,7,14,Marta,True,
Fixed 12%/wk @7d,7,14,Marta,False,3.795812342461587
Fixed 12%/wk @7d,7,14,Marta,False,3.795812342461587
Fixed 12%/wk @7d,7,14,Marta,False,3.795812342461587
Fixed 12%/wk @7d,7,14,Marta,False,3.795812342461587
Fixed 12%/wk @7d,7,14,Marta,False,3.795812342461587
Fixed 12%/wk @7d,7,14,Marta,False,3.795812342461587
Fixed 12%/wk @7d,7,14,Marta,False,3.795812342461587
Fixed 12%/wk @7d,7,14,Marta,False,3.795812342461587
Fixed 12%/wk @7d,7,14,Marta,False,3.795812342461587
Fixed 12%/wk @7d,7,14,Marta,False,3.795812342461587
Fixed 12%/wk @7d,7,14,Marta,False,3.795812342461587
Fixed 12%/wk @7d,7,14,Marta,False,3.795812342461587
Fixed 12%/wk @7d,7,14,Marta,False,3.795812342461587
Fixed 12%/wk @7d,7,14,Marta,False,3.795812342461587
Fixed 12%/wk @7d,7,14,Marta,False,3.795812342461587
Fixed 12%/wk @7d,7,14,Marta,False,3.795812342461587
Fixed 12%/wk @7d,7,14,Marta,False,3.795812342461587
Fixed 12%/wk @7d,7,14,Marta,False,3.795812342461587
Fixed 12%/wk @7d,7,14,Diego,False,3.795812342461587
Fixed 12%/wk @7d,7,14,Diego,False,3.795812342461587
Fixed 12%/wk @7d,7,14,Diego,False,3.795812342461587
Fixed 12%/wk @7d,7,14,Diego,False,3.795812342461587
Fixed 12%/wk @7d,7,14,Diego,False,3.795812342461587
Fixed 12%/wk @7d,7,14,Diego,False,3.795812342461587
Fixed 12%/wk @7d,7,14,Diego,False,3.795812342461587
Fixed 12%/wk @7d,7,14,Diego,False,3.795812342461587
Fixed 12%/wk @7d,7,14,Diego,False,3.795812342461587
Fixed 12%/wk @7d,7,14,Diego,True,
Fixed 12%/wk @7d,7,14,Diego,False,3.795812342461587
Fixed 12%/wk @7d,7,14,Diego,False,3.795812342461587
Fixed 12%/wk @7d,7,14,Diego,False,3.795812342461587
Fixed 12%/wk @7d,7,14,Diego,False,3.795812342461587
Fixed 12%/wk @7d,7,14,Diego,False,3.795812342461587
Fixed 12%/wk @7d,7,14,Diego,False,3.795812342461587
Fixed 12%/wk @7d,7,14,Diego,False,3.795812342461587
Fixed 12%/wk @7d,7,14,Diego,True,
Fixed 12%/wk @7d,7,14,Diego,True,
Fixed 12%/wk @7d,7,14,Diego,False,3.795812342461587
Fixed 12%/wk @7d,7,14,Diego,False,3.795812342461587
Fixed 12%/wk @7d,7,14,Diego,False,3.795812342461587
Fixed 12%/wk @7d,7,14,Diego,False,3.795812342461587
Fixed 12%/wk @7d,7,14,Diego,False,3.795812342461587
Fixed 12%/wk @7d,7,14,Diego,False,3.795812342461587
Fixed 12%/wk @7d,7,14,Diego,False,3.795812342461587
Fixed 12%/wk @7d,7,14,Diego,False,3.795812342461587
Fixed 12%/wk @7d,7,14,Diego,False,3.795812342461587
Fixed 12%/wk @7d,7,14,Diego,False,3.795812342461587
Fixed 12%/wk @7d,7,14,Diego,False,3.795812342461587
Fixed 12%/wk @7d,7,14,Diego,False,3.795812342461587
Fixed 12%/wk @7d,7,14,Diego,False,3.795812342461587
Fixed 12%/wk @7d,7,14,Diego,False,3.795812342461587
Fixed 12%/wk @7d,7,14,Diego,False,3.795812342461587
Fixed 12%/wk @7d,7,14,Diego,False,3.795812342461587
Fixed 12%/wk @7d,7,14,Diego,False,3.795812342461587
Fixed 12%/wk @7d,7,14,Diego,False,3.795812342461587
Fixed 12%/wk @7d,7,14,Diego,False,3.795812342461587
Fixed 12%/wk @7d,7,14,Diego,False,3.795812342461587
Fixed 12%/wk @7d,7,14,Diego,False,3.795812342461587
Fixed 12%/wk @7d,7,14,Diego,False,3.795812342461587
Fixed 12%/wk @7d,7,14,Diego,False,3.795812342461587
Fixed 12%/wk @7d,7,14,Diego,False,3.795812342461587
Fixed 12%/wk @7d,7,14,Diego,True,
Fixed 12%/wk @7d,7,14,Diego,False,3.795812342461587
Fixed 12%/wk @7d,7,14,Diego,False,3.795812342461587
Fixed 12%/wk @7d,7,14,Diego,False,3.795812342461587
Fixed 12%/wk @7d,7,14,Diego,False,3.795812342461587
Fixed 12%/wk @7d,7,14,Diego,False,3.795812342461587
Fixed 12%/wk @7d,7,14,Diego,False,3.795812342461587
Fixed 12%/wk @7d,7,14,Diego,False,3.795812342461587
Fixed 12%/wk @7d,7,14,Diego,False,3.795812342461587
Fixed 12%/wk @7d,7,14,Diego,False,3.795812342461587
Fixed 12%/wk @7d,7,14,Diego,False,3.795812342461587
Fixed 12%/wk @7d,7,14,Diego,False,3.795812342461587
Fixed 12%/wk @7d,7,14,Diego,True,
Fixed 12%/wk @7d,7,14,Diego,False,3.795812342461587
Fixed 12%/wk @7d,7,14,Diego,False,3.795812342461587
Fixed 12%/wk @7d,7,14,Diego,False,3.795812342461587
Fixed 12%/wk @7d,7,14,Diego,False,3.795812342461587
Fixed 12%/wk @7d,7,14,Lucía,True,
Fixed 12%/wk @7d,7,14,Lucía,True,
Fixed 12%/wk @7d,7,14,Lucía,True,
Fixed 12%/wk @7d,7,14,Lucía,True,
Fixed 12%/wk @7d,7,14,Lucía,True,
Fixed 12%/wk @7d,7,14,Lucía,True,
Fixed 12%/wk @7d,7,14,Lucía,True,
Fixed 12%/wk @7d,7,14,Lucía,True,
Fixed 12%/wk @7d,7,14,Lucía,True,
Fixed 12%/wk @7d,7,14,Lucía,True,
Fixed 12%/wk @7d,7,14,Lucía,True,
Fixed 12%/wk @7d,7,14,Lucía,True,
Fixed 12%/wk @7d,7,14,Lucía,True,
Fixed 12%/wk @7d,7,14,Lucía,True,
Fixed 12%/wk @7d,7,14,Lucía,True,
Fixed 12%/wk @7d,7,14,Lucía,True,
Fixed 12%/wk @7d,7,14,Lucía,True,
Fixed 12%/wk @7d,7,14,Lucía,True,
Fixed 12%/wk @7d,7,14,Lucía,True,
Fixed 12%/wk @7d,7,14,Lucía,True,
Fixed 12%/wk @7d,7,14,Lucía,True,
Fixed 12%/wk @7d,7,14,Lucía,True,
Fixed 12%/wk @7d,7,14,Lucía,True,
Fixed 12%/wk @7d,7,14,Lucía,True,
Fixed 12%/wk @7d,7,14,Lucía,True,
Fixed 12%/wk @7d,7,14,Lucía,True,
Fixed 12%/wk @7d,7,14,Lucía,True,
Fixed 12%/wk @7d,7,14,Lucía,True,
Fixed 12%/wk @7d,7,14,Lucía,True,
Fixed 12%/wk @7d,7,14,Lucía,True,
Fixed 12%/wk @7d,7,14,Lucía,True,
Fixed 12%/wk @7d,7,14,Lucía,True,
Fixed 12%/wk @7d,7,14,Lucía,True,
Fixed 12%/wk @7d,7,14,Lucía,True,
Fixed 12%/wk @7d,7,14,Lucía,True,
Fixed 12%/wk @7d,7,14,Lucía,True,
Fixed 12%/wk @7d,7,14,Lucía,True,
Fixed 12%/wk @7d,7,14,Lucía,True,
Fixed 12%/wk @7d,7,14,Lucía,True,
Fixed 12%/wk @7d,7,14,Lucía,True,
Fixed 12%/wk @7d,7,14,Lucía,True,
Fixed 12%/wk @7d,7,14,Lucía,True,
Fixed 12%/wk @7d,7,14,Lucía,True,
Fixed 12%/wk @7d,7,14,Lucía,True,
Fixed 12%/wk @7d,7,14,Lucía,True,
Fixed 12%/wk @7d,7,14,Lucía,True,
Fixed 12%/wk @7d,7,14,Lucía,True,
Fixed 12%/wk @7d,7,14,Lucía,True,
Fixed 12%/wk @7d,7,14,Lucía,True,
Fixed 12%/wk @7d,7,14,Lucía,True,
Fixed 12%/wk @7d,7,14,Lucía,True,
Fixed 12%/wk @7d,7,14,Lucía,True,
Fixed 12%/wk @7d,7,14,Lucía,True,
Fixed 12%/wk @7d,7,14,Lucía,True,
Fixed 12%/wk @7d,7,14,Lucía,True,
Fixed 12%/wk @7d,7,14,Lucía,True,
Fixed 12%/wk @7d,7,14,Lucía,True,
Fixed 12%/wk @7d,7,14,Lucía,True,
Fixed 12%/wk @7d,7,14,Lucía,True,
Fixed 12%/wk @7d,7,14,Lucía,True,
Fixed 12%/wk @7d,7,14,Karim,True,
Fixed 12%/wk @7d,7,14,Karim,True,
Fixed 12%/wk @7d,7,14,Karim,False,3.795812342461587
Fixed 12%/wk @7d,7,14,Karim,False,3.795812342461587
Fixed 12%/wk @7d,7,14,Karim,True,
Fixed 12%/wk @7d,7,14,Karim,True,
Fixed 12%/wk @7d,7,14,Karim,True,
Fixed 12%/wk @7d,7,14,Karim,False,3.795812342461587
Fixed 12%/wk @7d,7,14,Karim,True,
Fixed 12%/wk @7d,7,14,Karim,False,3.795812342461587
Fixed 12%/wk @7d,7,14,Karim,True,
Fixed 12%/wk @7d,7,14,Karim,False,3.795812342461587
Fixed 12%/wk @7d,7,14,Karim,True,
Fixed 12%/wk @7d,7,14,Karim,False,3.795812342461587
Fixed 12%/wk @7d,7,14,Karim,False,3.795812342461587
Fixed 12%/wk @7d,7,14,Karim,True,
Fixed 12%/wk @7d,7,14,Karim,True,
Fixed 12%/wk @7d,7,14,Karim,False,3.795812342461587
Fixed 12%/wk @7d,7,14,Karim,True,
Fixed 12%/wk @7d,7,14,Karim,False,3.795812342461587
Fixed 12%/wk @7d,7,14,Karim,True,
Fixed 12%/wk @7d,7,14,Karim,False,3.795812342461587
Fixed 12%/wk @7d,7,14,Karim,False,3.795812342461587
Fixed 12%/wk @7d,7,14,Karim,False,3.795812342461587
Fixed 12%/wk @7d,7,14,Karim,False,3.795812342461587
Fixed 12%/wk @7d,7,14,Karim,True,
Fixed 12%/wk @7d,7,14,Karim,True,
Fixed 12%/wk @7d,7,14,Karim,True,
Fixed 12%/wk @7d,7,14,Karim,True,
Fixed 12%/wk @7d,7,14,Karim,False,3.795812342461587
Fixed 12%/wk @7d,7,14,Karim,True,
Fixed 12%/wk @7d,7,14,Karim,True,
Fixed 12%/wk @7d,7,14,Karim,False,3.795812342461587
Fixed 12%/wk @7d,7,14,Karim,True,
Fixed 12%/wk @7d,7,14,Karim,False,3.795812342461587
Fixed 12%/wk @7d,7,14,Karim,True,
Fixed 12%/wk @7d,7,14,Karim,True,
Fixed 12%/wk @7d,7,14,Karim,True,
Fixed 12%/wk @7d,7,14,Karim,True,
Fixed 12%/wk @7d,7,14,Karim,True,
Fixed 12%/wk @7d,7,14,Karim,True,
Fixed 12%/wk @7d,7,14,Karim,False,3.795812342461587
Fixed 12%/wk @7d,7,14,Karim,True,
Fixed 12%/wk @7d,7,14,Karim,True,
Fixed 12%/wk @7d,7,14,Karim,True,
Fixed 12%/wk @7d,7,14,Karim,False,3.795812342461587
Fixed 12%/wk @7d,7,14,Karim,True,
Fixed 12%/wk @7d,7,14,Karim,True,
Fixed 12%/wk @7d,7,14,Karim,False,3.795812342461587
Fixed 12%/wk @7d,7,14,Karim,True,
Fixed 12%/wk @7d,7,14,Karim,False,3.795812342461587
Fixed 12%/wk @7d,7,14,Karim,True,
Fixed 12%/wk @7d,7,14,Karim,True,
Fixed 12%/wk @7d,7,14,Karim,False,3.795812342461587
Fixed 12%/wk @7d,7,14,Karim,True,
Fixed 12%/wk @7d,7,14,Karim,False,3.795812342461587
Fixed 12%/wk @7d,7,14,Karim,False,3.795812342461587
Fixed 12%/wk @7d,7,14,Karim,True,
Fixed 12%/wk @7d,7,14,Karim,True,
Fixed 12%/wk @7d,7,14,Karim,False,3.795812342461587
Fixed 12%/wk @7d,7,14,Ana,False,3.795812342461587
Fixed 12%/wk @7d,7,14,Ana,False,3.795812342461587
Fixed 12%/wk @7d,7,14,Ana,False,3.795812342461587
Fixed 12%/wk @7d,7,14,Ana,False,3.795812342461587
Fixed 12%/wk @7d,7,14,Ana,False,3.795812342461587
Fixed 12%/wk @7d,7,14,Ana,False,3.795812342461587
Fixed 12%/wk @7d,7,14,Ana,False,3.795812342461587
Fixed 12%/wk @7d,7,14,Ana,False,3.795812342461587
Fixed 12%/wk @7d,7,14,Ana,False,3.795812342461587
Fixed 12%/wk @7d,7,14,Ana,False,3.795812342461587
Fixed 12%/wk @7d,7,14,Ana,False,3.795812342461587
Fixed 12%/wk @7d,7,14,Ana,False,3.795812342461587
Fixed 12%/wk @7d,7,14,Ana,False,3.795812342461587
Fixed 12%/wk @7d,7,14,Ana,False,3.795812342461587
Fixed 12%/wk @7d,7,14,Ana,False,3.795812342461587
Fixed 12%/wk @7d,7,14,Ana,False,3.795812342461587
Fixed 12%/wk @7d,7,14,Ana,False,3.795812342461587
Fixed 12%/wk @7d,7,14,Ana,False,3.795812342461587
Fixed 12%/wk @7d,7,14,Ana,False,3.795812342461587
Fixed 12%/wk @7d,7,14,Ana,False,3.795812342461587
Fixed 12%/wk @7d,7,14,Ana,False,3.795812342461587
Fixed 12%/wk @7d,7,14,Ana,False,3.795812342461587
Fixed 12%/wk @7d,7,14,Ana,False,3.795812342461587
Fixed 12%/wk @7d,7,14,Ana,False,3.795812342461587
Fixed 12%/wk @7d,7,14,Ana,False,3.795812342461587
Fixed 12%/wk @7d,7,14,Ana,False,3.795812342461587
Fixed 12%/wk @7d,7,14,Ana,False,3.795812342461587
Fixed 12%/wk @7d,7,14,Ana,False,3.795812342461587
Fixed 12%/wk @7d,7,14,Ana,False,3.795812342461587
Fixed 12%/wk @7d,7,14,Ana,False,3.795812342461587
Fixed 12%/wk @7d,7,14,Ana,False,3.795812342461587
Fixed 12%/wk @7d,7,14,Ana,False,3.795812342461587
Fixed 12%/wk @7d,7,14,Ana,False,3.795812342461587
Fixed 12%/wk @7d,7,14,Ana,False,3.795812342461587
Fixed 12%/wk @7d,7,14,Ana,False,3.795812342461587
Fixed 12%/wk @7d,7,14,Ana,False,3.795812342461587
Fixed 12%/wk @7d,7,14,Ana,False,3.795812342461587
Fixed 12%/wk @7d,7,14,Ana,False,3.795812342461587
Fixed 12%/wk @7d,7,14,Ana,False,3.795812342461587
Fixed 12%/wk @7d,7,14,Ana,False,3.795812342461587
Fixed 12%/wk @7d,7,14,Ana,False,3.795812342461587
Fixed 12%/wk @7d,7,14,Ana,False,3.795812342461587
Fixed 12%/wk @7d,7,14,Ana,False,3.795812342461587
Fixed 12%/wk @7d,7,14,Ana,False,3.795812342461587
Fixed 12%/wk @7d,7,14,Ana,False,3.795812342461587
Fixed 12%/wk @7d,7,14,Ana,False,3.795812342461587
Fixed 12%/wk @7d,7,14,Ana,False,3.795812342461587
Fixed 12%/wk @7d,7,14,Ana,False,3.795812342461587
Fixed 12%/wk @7d,7,14,Ana,False,3.795812342461587
Fixed 12%/wk @7d,7,14,Ana,False,3.795812342461587
Fixed 12%/wk @7d,7,14,Ana,False,3.795812342461587
Fixed 12%/wk @7d,7,14,Ana,False,3.795812342461587
Fixed 12%/wk @7d,7,14,Ana,False,3.795812342461587
Fixed 12%/wk @7d,7,14,Ana,False,3.795812342461587
Fixed 12%/wk @7d,7,14,Ana,False,3.795812342461587
Fixed 12%/wk @7d,7,14,Ana,False,3.795812342461587
Fixed 12%/wk @7d,7,14,Ana,False,3.795812342461587
Fixed 12%/wk @7d,7,14,Ana,False,3.795812342461587
Fixed 12%/wk @7d,7,14,Ana,False,3.795812342461587
Fixed 12%/wk @7d,7,14,Ana,False,3.795812342461587
Wane 12%/wk @7d,7,14,Marta,False,3.6462365279722704
Wane 12%/wk @7d,7,14,Marta,False,3.65142919200826
Wane 12%/wk @7d,7,14,Marta,False,4.303271464999713
Wane 12%/wk @7d,7,14,Marta,False,3.641923932843361
Wane 12%/wk @7d,7,14,Marta,False,3.9677962470643826
Wane 12%/wk @7d,7,14,Marta,False,4.1114922160831116
Wane 12%/wk @7d,7,14,Marta,False,4.458448210962865
Wane 12%/wk @7d,7,14,Marta,False,4.725052457614421
Wane 12%/wk @7d,7,14,Marta,False,4.41325719587458
Wane 12%/wk @7d,7,14,Marta,False,4.639029930414471
Wane 12%/wk @7d,7,14,Marta,False,4.659359885651321
Wane 12%/wk @7d,7,14,Marta,False,3.935956590096115
Wane 12%/wk @7d,7,14,Marta,False,4.112595856403813
Wane 12%/wk @7d,7,14,Marta,False,3.926365851787733
Wane 12%/wk @7d,7,14,Marta,False,3.9037787924943776
Wane 12%/wk @7d,7,14,Marta,False,3.6120907191958915
Wane 12%/wk @7d,7,14,Marta,False,3.8855140523957887
Wane 12%/wk @7d,7,14,Marta,False,3.6955991047087484
Wane 12%/wk @7d,7,14,Marta,False,4.366715875469523
Wane 12%/wk @7d,7,14,Marta,False,3.836663358091218
Wane 12%/wk @7d,7,14,Marta,False,4.80484306967724
Wane 12%/wk @7d,7,14,Marta,False,3.303773044735171
Wane 12%/wk @7d,7,14,Marta,False,3.59126224806825
Wane 12%/wk @7d,7,14,Marta,False,4.1542567422762104
Wane 12%/wk @7d,7,14,Marta,False,3.410445607253713
Wane 12%/wk @7d,7,14,Marta,True,
Wane 12%/wk @7d,7,14,Marta,False,4.768589814672887
Wane 12%/wk @7d,7,14,Marta,False,4.399032897788724
Wane 12%/wk @7d,7,14,Marta,False,4.343294749822396
Wane 12%/wk @7d,7,14,Marta,False,4.372176290941243
Wane 12%/wk @7d,7,14,Marta,False,4.9911923154642
Wane 12%/wk @7d,7,14,Marta,False,4.571304115486132
Wane 12%/wk @7d,7,14,Marta,False,5.306107993649789
Wane 12%/wk @7d,7,14,Marta,False,4.175175248823401
Wane 12%/wk @7d,7,14,Marta,False,3.9278303176268765
Wane 12%/wk @7d,7,14,Marta,False,3.732165636179753
Wane 12%/wk @7d,7,14,Marta,False,4.262489805776875
Wane 12%/wk @7d,7,14,Marta,False,4.811053212068533
Wane 12%/wk @7d,7,14,Marta,False,4.031985350983086
Wane 12%/wk @7d,7,14,Marta,False,3.192201982380667
Wane 12%/wk @7d,7,14,Marta,False,4.216412569370981
Wane 12%/wk @7d,7,14,Marta,False,5.318324298123465
Wane 12%/wk @7d,7,14,Marta,False,4.379365604057931
Wane 12%/wk @7d,7,14,Marta,False,3.5952824310353333
Wane 12%/wk @7d,7,14,Marta,False,4.089718214397605
Wane 12%/wk @7d,7,14,Marta,True,
Wane 12%/wk @7d,7,14,Marta,False,4.075915976147403
Wane 12%/wk @7d,7,14,Marta,True,
Wane 12%/wk @7d,7,14,Marta,False,3.9729097110631666
Wane 12%/wk @7d,7,14,Marta,False,3.6790755136494235
Wane 12%/wk @7d,7,14,Marta,False,3.4168050304378723
Wane 12%/wk @7d,7,14,Marta,False,2.864586815120013
Wane 12%/wk @7d,7,14,Marta,False,4.911310231417441
Wane 12%/wk @7d,7,14,Marta,False,4.2925494491404175
Wane 12%/wk @7d,7,14,Marta,False,3.9022643381732127
Wane 12%/wk @7d,7,14,Marta,False,4.0254838817201435
Wane 12%/wk @7d,7,14,Marta,False,5.016320844319772
Wane 12%/wk @7d,7,14,Marta,False,3.6706683459958622
Wane 12%/wk @7d,7,14,Marta,False,4.624611435902772
Wane 12%/wk @7d,7,14,Marta,False,4.424149439352629
Wane 12%/wk @7d,7,14,Diego,False,4.942488383728772
Wane 12%/wk @7d,7,14,Diego,False,4.542156887384992
Wane 12%/wk @7d,7,14,Diego,False,4.424074573826569
Wane 12%/wk @7d,7,14,Diego,False,4.736245028544421
Wane 12%/wk @7d,7,14,Diego,False,4.290565769703705
Wane 12%/wk @7d,7,14,Diego,False,3.9271698129888644
Wane 12%/wk @7d,7,14,Diego,True,
Wane 12%/wk @7d,7,14,Diego,False,4.413672958925099
Wane 12%/wk @7d,7,14,Diego,False,4.9417679368728
Wane 12%/wk @7d,7,14,Diego,False,6.748099425674339
Wane 12%/wk @7d,7,14,Diego,False,3.6202517466657316
Wane 12%/wk @7d,7,14,Diego,False,5.856432089822487
Wane 12%/wk @7d,7,14,Diego,False,4.104427791995204
Wane 12%/wk @7d,7,14,Diego,False,4.424221924195411
Wane 12%/wk @7d,7,14,Diego,False,3.7398786270098965
Wane 12%/wk @7d,7,14,Diego,False,3.434052626618202
Wane 12%/wk @7d,7,14,Diego,False,5.448478863106362
Wane 12%/wk @7d,7,14,Diego,False,5.5414068022584
Wane 12%/wk @7d,7,14,Diego,False,4.335369748675041
Wane 12%/wk @7d,7,14,Diego,False,5.2338389708259525
Wane 12%/wk @7d,7,14,Diego,False,4.685994946465341
Wane 12%/wk @7d,7,14,Diego,False,4.771772254965283
Wane 12%/wk @7d,7,14,Diego,False,5.782302591007758
Wane 12%/wk @7d,7,14,Diego,False,3.6040269524052198
Wane 12%/wk @7d,7,14,Diego,False,4.527609882500357
Wane 12%/wk @7d,7,14,Diego,True,
Wane 12%/wk @7d,7,14,Diego,False,5.442950298406598
Wane 12%/wk @7d,7,14,Diego,False,6.221007448847444
Wane 12%/wk @7d,7,14,Diego,False,4.0921817146686434
Wane 12%/wk @7d,7,14,Diego,True,
Wane 12%/wk @7d,7,14,Diego,False,4.739223155202352
Wane 12%/wk @7d,7,14,Diego,False,4.047652743701452
Wane 12%/wk @7d,7,14,Diego,False,4.340207682380984
Wane 12%/wk @7d,7,14,Diego,False,5.217322265035619
Wane 12%/wk @7d,7,14,Diego,False,4.962236568732089
Wane 12%/wk @7d,7,14,Diego,False,5.683090801297747
Wane 12%/wk @7d,7,14,Diego,False,4.94863154920816
Wane 12%/wk @7d,7,14,Diego,False,4.364447415502511
Wane 12%/wk @7d,7,14,Diego,False,4.2645261255755065
Wane 12%/wk @7d,7,14,Diego,False,3.9455297063041583
Wane 12%/wk @7d,7,14,Diego,False,4.968778057655248
Wane 12%/wk @7d,7,14,Diego,False,3.322979720677565
Wane 12%/wk @7d,7,14,Diego,False,5.460876501664906
Wane 12%/wk @7d,7,14,Diego,False,4.355249687411485
Wane 12%/wk @7d,7,14,Diego,False,6.652002428095761
Wane 12%/wk @7d,7,14,Diego,False,4.288030183883382
Wane 12%/wk @7d,7,14,Diego,False,5.063422108583496
Wane 12%/wk @7d,7,14,Diego,False,4.413559815636658
Wane 12%/wk @7d,7,14,Diego,True,
Wane 12%/wk @7d,7,14,Diego,False,5.139025970809038
Wane 12%/wk @7d,7,14,Diego,False,5.81076298698461
Wane 12%/wk @7d,7,14,Diego,False,4.4779796221698085
Wane 12%/wk @7d,7,14,Diego,False,5.4357189091226275
Wane 12%/wk @7d,7,14,Diego,False,4.876955320052006
Wane 12%/wk @7d,7,14,Diego,False,4.637597080088898
Wane 12%/wk @7d,7,14,Diego,False,6.039643682282607
Wane 12%/wk @7d,7,14,Diego,False,5.518458432660313
Wane 12%/wk @7d,7,14,Diego,True,
Wane 12%/wk @7d,7,14,Diego,False,3.687644100617635
Wane 12%/wk @7d,7,14,Diego,False,4.445992552931435
Wane 12%/wk @7d,7,14,Lucía,True,
Wane 12%/wk @7d,7,14,Lucía,True,
Wane 12%/wk @7d,7,14,Lucía,True,
Wane 12%/wk @7d,7,14,Lucía,False,6.2267906720295345
Wane 12%/wk @7d,7,14,Lucía,False,5.417913121112511
Wane 12%/wk @7d,7,14,Lucía,True,
Wane 12%/wk @7d,7,14,Lucía,True,
Wane 12%/wk @7d,7,14,Lucía,False,7.301258252100938
Wane 12%/wk @7d,7,14,Lucía,True,
Wane 12%/wk @7d,7,14,Lucía,True,
Wane 12%/wk @7d,7,14,Lucía,False,6.0657345688229
Wane 12%/wk @7d,7,14,Lucía,False,6.9420296706111255
Wane 12%/wk @7d,7,14,Lucía,False,7.108971348468016
Wane 12%/wk @7d,7,14,Lucía,True,
Wane 12%/wk @7d,7,14,Lucía,True,
Wane 12%/wk @7d,7,14,Lucía,False,6.31861220469099
Wane 12%/wk @7d,7,14,Lucía,True,
Wane 12%/wk @7d,7,14,Lucía,False,7.566767882523584
Wane 12%/wk @7d,7,14,Lucía,True,
Wane 12%/wk @7d,7,14,Lucía,True,
Wane 12%/wk @7d,7,14,Lucía,True,
Wane 12%/wk @7d,7,14,Lucía,False,6.781463694823455
Wane 12%/wk @7d,7,14,Lucía,True,
Wane 12%/wk @7d,7,14,Lucía,False,6.412127971733272
Wane 12%/wk @7d,7,14,Lucía,True,
Wane 12%/wk @7d,7,14,Lucía,False,7.0433987601121455
Wane 12%/wk @7d,7,14,Lucía,False,6.707051715706002
Wane 12%/wk @7d,7,14,Lucía,True,
Wane 12%/wk @7d,7,14,Lucía,True,
Wane 12%/wk @7d,7,14,Lucía,False,5.9161874805719465
Wane 12%/wk @7d,7,14,Lucía,False,5.665703124706813
Wane 12%/wk @7d,7,14,Lucía,True,
Wane 12%/wk @7d,7,14,Lucía,True,
Wane 12%/wk @7d,7,14,Lucía,True,
Wane 12%/wk @7d,7,14,Lucía,True,
Wane 12%/wk @7d,7,14,Lucía,True,
Wane 12%/wk @7d,7,14,Lucía,True,
Wane 12%/wk @7d,7,14,Lucía,True,
Wane 12%/wk @7d,7,14,Lucía,True,
Wane 12%/wk @7d,7,14,Lucía,False,6.407600309338544
Wane 12%/wk @7d,7,14,Lucía,True,
Wane 12%/wk @7d,7,14,Lucía,True,
Wane 12%/wk @7d,7,14,Lucía,True,
Wane 12%/wk @7d,7,14,Lucía,True,
Wane 12%/wk @7d,7,14,Lucía,True,
Wane 12%/wk @7d,7,14,Lucía,False,6.6215993586219
Wane 12%/wk @7d,7,14,Lucía,False,5.9958307642490505
Wane 12%/wk @7d,7,14,Lucía,True,
Wane 12%/wk @7d,7,14,Lucía,False,5.7554288331044985
Wane 12%/wk @7d,7,14,Lucía,True,
Wane 12%/wk @7d,7,14,Lucía,True,
Wane 12%/wk @7d,7,14,Lucía,False,7.041865875564194
Wane 12%/wk @7d,7,14,Lucía,False,6.0105823009099515
Wane 12%/wk @7d,7,14,Lucía,True,
Wane 12%/wk @7d,7,14,Lucía,True,
Wane 12%/wk @7d,7,14,Lucía,True,
Wane 12%/wk @7d,7,14,Lucía,True,
Wane 12%/wk @7d,7,14,Lucía,False,6.429677209607651
Wane 12%/wk @7d,7,14,Lucía,True,
Wane 12%/wk @7d,7,14,Lucía,False,6.747534804845073
Wane 12%/wk @7d,7,14,Karim,False,7.060338696420255
Wane 12%/wk @7d,7,14,Karim,False,7.436158885043699
Wane 12%/wk @7d,7,14,Karim,False,5.72053815335409
Wane 12%/wk @7d,7,14,Karim,False,6.834712346554248
Wane 12%/wk @7d,7,14,Karim,False,7.831912011668709
Wane 12%/wk @7d,7,14,Karim,True,
Wane 12%/wk @7d,7,14,Karim,False,6.400741000185353
Wane 12%/wk @7d,7,14,Karim,True,
Wane 12%/wk @7d,7,14,Karim,False,6.572768553693181
Wane 12%/wk @7d,7,14,Karim,True,
Wane 12%/wk @7d,7,14,Karim,False,5.7703876766241295
Wane 12%/wk @7d,7,14,Karim,False,7.3210931813775915
Wane 12%/wk @7d,7,14,Karim,False,6.0396305532578145
Wane 12%/wk @7d,7,14,Karim,False,7.456574732996033
Wane 12%/wk @7d,7,14,Karim,True,
Wane 12%/wk @7d,7,14,Karim,False,6.201325427312565
Wane 12%/wk @7d,7,14,Karim,False,6.752582717639384
Wane 12%/wk @7d,7,14,Karim,False,6.733542878214875
Wane 12%/wk @7d,7,14,Karim,False,9.024234788964117
Wane 12%/wk @7d,7,14,Karim,False,5.450292105422137
Wane 12%/wk @7d,7,14,Karim,False,7.280001639316492
Wane 12%/wk @7d,7,14,Karim,True,
Wane 12%/wk @7d,7,14,Karim,False,6.743675898789683
Wane 12%/wk @7d,7,14,Karim,False,8.373169333936616
Wane 12%/wk @7d,7,14,Karim,False,5.7098078280976505
Wane 12%/wk @7d,7,14,Karim,False,6.909836724493857
Wane 12%/wk @7d,7,14,Karim,False,6.6074496777675265
Wane 12%/wk @7d,7,14,Karim,False,5.705272165204549
Wane 12%/wk @7d,7,14,Karim,False,6.238568493209873
Wane 12%/wk @7d,7,14,Karim,False,7.570670933882452
Wane 12%/wk @7d,7,14,Karim,False,7.395467316060455
Wane 12%/wk @7d,7,14,Karim,False,7.293462623711539
Wane 12%/wk @7d,7,14,Karim,False,5.547915695176234
Wane 12%/wk @7d,7,14,Karim,True,
Wane 12%/wk @7d,7,14,Karim,False,9.473625071735082
Wane 12%/wk @7d,7,14,Karim,False,6.598819498931734
Wane 12%/wk @7d,7,14,Karim,False,5.953438415030077
Wane 12%/wk @7d,7,14,Karim,False,6.369942489948514
Wane 12%/wk @7d,7,14,Karim,False,6.056633776773311
Wane 12%/wk @7d,7,14,Karim,False,6.710787047056771
Wane 12%/wk @7d,7,14,Karim,False,9.422183181860719
Wane 12%/wk @7d,7,14,Karim,False,8.457295227406119
Wane 12%/wk @7d,7,14,Karim,False,6.909680168293509
Wane 12%/wk @7d,7,14,Karim,False,6.905620170045064
Wane 12%/wk @7d,7,14,Karim,False,8.284275185366944
Wane 12%/wk @7d,7,14,Karim,False,7.368698195912405
Wane 12%/wk @7d,7,14,Karim,False,7.273029042501814
Wane 12%/wk @7d,7,14,Karim,True,
Wane 12%/wk @7d,7,14,Karim,True,
Wane 12%/wk @7d,7,14,Karim,False,7.8181973123297395
Wane 12%/wk @7d,7,14,Karim,False,7.815096357480191
Wane 12%/wk @7d,7,14,Karim,False,5.529234507409731
Wane 12%/wk @7d,7,14,Karim,False,6.529125484651569
Wane 12%/wk @7d,7,14,Karim,True,
Wane 12%/wk @7d,7,14,Karim,False,5.478878828338434
Wane 12%/wk @7d,7,14,Karim,False,8.071640898681602
Wane 12%/wk @7d,7,14,Karim,False,5.558206045450224
Wane 12%/wk @7d,7,14,Karim,False,6.819753127618396
Wane 12%/wk @7d,7,14,Karim,False,6.860774235353365
Wane 12%/wk @7d,7,14,Karim,False,7.981223293132043
Wane 12%/wk @7d,7,14,Ana,False,3.0144426494940553
Wane 12%/wk @7d,7,14,Ana,False,2.8482409466570857
Wane 12%/wk @7d,7,14,Ana,False,2.7700283806161585
Wane 12%/wk @7d,7,14,Ana,False,2.78351760411553
Wane 12%/wk @7d,7,14,Ana,False,2.7700283806161585
Wane 12%/wk @7d,7,14,Ana,False,2.78351760411553
Wane 12%/wk @7d,7,14,Ana,False,3.0325048639641317
Wane 12%/wk @7d,7,14,Ana,False,3.014442649494055
Wane 12%/wk @7d,7,14,Ana,False,2.864586815120013
Wane 12%/wk @7d,7,14,Ana,False,2.7700283806161585
Wane 12%/wk @7d,7,14,Ana,False,3.280422883272942
Wane 12%/wk @7d,7,14,Ana,False,3.7918041081105813
Wane 12%/wk @7d,7,14,Ana,False,2.7700283806161585
Wane 12%/wk @7d,7,14,Ana,False,3.014442649494055
Wane 12%/wk @7d,7,14,Ana,False,3.0144426494940553
Wane 12%/wk @7d,7,14,Ana,False,3.043283533221646
Wane 12%/wk @7d,7,14,Ana,False,3.0537545280465737
Wane 12%/wk @7d,7,14,Ana,False,2.78351760411553
Wane 12%/wk @7d,7,14,Ana,False,2.8482409466570857
Wane 12%/wk @7d,7,14,Ana,False,2.78351760411553
Wane 12%/wk @7d,7,14,Ana,False,2.7700283806161585
Wane 12%/wk @7d,7,14,Ana,False,3.0144426494940553
Wane 12%/wk @7d,7,14,Ana,False,3.9772646801089073
Wane 12%/wk @7d,7,14,Ana,False,3.014442649494055
Wane 12%/wk @7d,7,14,Ana,False,3.0211872612437407
Wane 12%/wk @7d,7,14,Ana,False,2.78351760411553
Wane 12%/wk @7d,7,14,Ana,False,3.0325048639641317
Wane 12%/wk @7d,7,14,Ana,False,3.322979720677565
Wane 12%/wk @7d,7,14,Ana,False,3.408719322904196
Wane 12%/wk @7d,7,14,Ana,False,3.3306389001861056
Wane 12%/wk @7d,7,14,Ana,False,3.9818891822249505
Wane 12%/wk @7d,7,14,Ana,False,3.014442649494055
Wane 12%/wk @7d,7,14,Ana,False,2.7700283806161585
Wane 12%/wk @7d,7,14,Ana,False,3.099556324303299
Wane 12%/wk @7d,7,14,Ana,False,2.7700283806161585
Wane 12%/wk @7d,7,14,Ana,False,3.077213984665872
Wane 12%/wk @7d,7,14,Ana,False,2.8061528095563104
Wane 12%/wk @7d,7,14,Ana,False,3.014442649494055
Wane 12%/wk @7d,7,14,Ana,False,3.0144426494940553
Wane 12%/wk @7d,7,14,Ana,False,2.7700283806161585
Wane 12%/wk @7d,7,14,Ana,False,3.280422883272942
Wane 12%/wk @7d,7,14,Ana,False,3.373046588212413
Wane 12%/wk @7d,7,14,Ana,False,3.014442649494055
Wane 12%/wk @7d,7,14,Ana,False,3.785011647359433
Wane 12%/wk @7d,7,14,Ana,False,2.7700283806161585
Wane 12%/wk @7d,7,14,Ana,False,3.014442649494055
Wane 12%/wk @7d,7,14,Ana,False,2.8061528095563104
Wane 12%/wk @7d,7,14,Ana,False,2.7700283806161585
Wane 12%/wk @7d,7,14,Ana,False,2.7700283806161585
Wane 12%/wk @7d,7,14,Ana,False,2.8061528095563104
Wane 12%/wk @7d,7,14,Ana,False,2.8061528095563104
Wane 12%/wk @7d,7,14,Ana,False,3.053548932514519
Wane 12%/wk @7d,7,14,Ana,False,2.8482409466570857
Wane 12%/wk @7d,7,14,Ana,False,2.8482409466570857
Wane 12%/wk @7d,7,14,Ana,False,3.287762607824071
Wane 12%/wk @7d,7,14,Ana,False,4.012057743373768
Wane 12%/wk @7d,7,14,Ana,False,2.7700283806161585
Wane 12%/wk @7d,7,14,Ana,False,3.117344475277662
Wane 12%/wk @7d,7,14,Ana,False,2.7700283806161585
Wane 12%/wk @7d,7,14,Ana,False,2.7700283806161585
"Wane 8%/wk @7d  (slower, no alarm)",7,14,Marta,False,7.833205190404856
"Wane 8%/wk @7d  (slower, no alarm)",7,14,Marta,False,5.997224402103586
"Wane 8%/wk @7d  (slower, no alarm)",7,14,Marta,False,5.465185695258192
"Wane 8%/wk @7d  (slower, no alarm)",7,14,Marta,False,5.414507923041487
"Wane 8%/wk @7d  (slower, no alarm)",7,14,Marta,False,4.980268809522735
"Wane 8%/wk @7d  (slower, no alarm)",7,14,Marta,False,5.665791511157499
"Wane 8%/wk @7d  (slower, no alarm)",7,14,Marta,False,4.939383743023988
"Wane 8%/wk @7d  (slower, no alarm)",7,14,Marta,False,5.4688102455189105
"Wane 8%/wk @7d  (slower, no alarm)",7,14,Marta,False,4.93433528637107
"Wane 8%/wk @7d  (slower, no alarm)",7,14,Marta,False,5.341642280379434
"Wane 8%/wk @7d  (slower, no alarm)",7,14,Marta,False,5.9855540963333125
"Wane 8%/wk @7d  (slower, no alarm)",7,14,Marta,False,5.293475588960154
"Wane 8%/wk @7d  (slower, no alarm)",7,14,Marta,False,5.9059850488426155
"Wane 8%/wk @7d  (slower, no alarm)",7,14,Marta,False,6.300846300625357
"Wane 8%/wk @7d  (slower, no alarm)",7,14,Marta,False,6.634217316167799
"Wane 8%/wk @7d  (slower, no alarm)",7,14,Marta,False,5.639916855104584
"Wane 8%/wk @7d  (slower, no alarm)",7,14,Marta,False,5.5553226206200375
"Wane 8%/wk @7d  (slower, no alarm)",7,14,Marta,False,5.549006048391707
"Wane 8%/wk @7d  (slower, no alarm)",7,14,Marta,False,5.408667068745755
"Wane 8%/wk @7d  (slower, no alarm)",7,14,Marta,False,5.201821207718079
"Wane 8%/wk @7d  (slower, no alarm)",7,14,Marta,False,4.783687804193033
"Wane 8%/wk @7d  (slower, no alarm)",7,14,Marta,False,5.430052156423595
"Wane 8%/wk @7d  (slower, no alarm)",7,14,Marta,False,5.413190929278186
"Wane 8%/wk @7d  (slower, no alarm)",7,14,Marta,False,5.117131944986836
"Wane 8%/wk @7d  (slower, no alarm)",7,14,Marta,False,5.638660769202548
"Wane 8%/wk @7d  (slower, no alarm)",7,14,Marta,False,5.140679901872272
"Wane 8%/wk @7d  (slower, no alarm)",7,14,Marta,False,5.5286172361958945
"Wane 8%/wk @7d  (slower, no alarm)",7,14,Marta,False,5.74952597640401
"Wane 8%/wk @7d  (slower, no alarm)",7,14,Marta,False,4.774532386534555
"Wane 8%/wk @7d  (slower, no alarm)",7,14,Marta,False,5.655400498942032
"Wane 8%/wk @7d  (slower, no alarm)",7,14,Marta,False,5.207914110287511
"Wane 8%/wk @7d  (slower, no alarm)",7,14,Marta,False,5.1258258913467305
"Wane 8%/wk @7d  (slower, no alarm)",7,14,Marta,False,5.747168862863475
"Wane 8%/wk @7d  (slower, no alarm)",7,14,Marta,False,5.17714951365668
"Wane 8%/wk @7d  (slower, no alarm)",7,14,Marta,False,5.04512133648568
"Wane 8%/wk @7d  (slower, no alarm)",7,14,Marta,False,5.886196023367043
"Wane 8%/wk @7d  (slower, no alarm)",7,14,Marta,False,5.2601964420990726
"Wane 8%/wk @7d  (slower, no alarm)",7,14,Marta,False,5.278403785350057
"Wane 8%/wk @7d  (slower, no alarm)",7,14,Marta,False,5.9224799611326295
"Wane 8%/wk @7d  (slower, no alarm)",7,14,Marta,False,4.62285825912715
"Wane 8%/wk @7d  (slower, no alarm)",7,14,Marta,False,5.516526069767618
"Wane 8%/wk @7d  (slower, no alarm)",7,14,Marta,False,5.04788482369702
"Wane 8%/wk @7d  (slower, no alarm)",7,14,Marta,False,5.713565476433588
"Wane 8%/wk @7d  (slower, no alarm)",7,14,Marta,False,6.658617876515103
"Wane 8%/wk @7d  (slower, no alarm)",7,14,Marta,False,5.224896780030875
"Wane 8%/wk @7d  (slower, no alarm)",7,14,Marta,False,5.241357311915142
"Wane 8%/wk @7d  (slower, no alarm)",7,14,Marta,False,5.773561269812921
"Wane 8%/wk @7d  (slower, no alarm)",7,14,Marta,False,5.808999512595802
"Wane 8%/wk @7d  (slower, no alarm)",7,14,Marta,False,5.426933840522169
"Wane 8%/wk @7d  (slower, no alarm)",7,14,Marta,False,6.581810295799084
"Wane 8%/wk @7d  (slower, no alarm)",7,14,Marta,False,4.964088567327129
"Wane 8%/wk @7d  (slower, no alarm)",7,14,Marta,False,5.684638493468442
"Wane 8%/wk @7d  (slower, no alarm)",7,14,Marta,False,5.6400344476644815
"Wane 8%/wk @7d  (slower, no alarm)",7,14,Marta,False,5.896705828649693
"Wane 8%/wk @7d  (slower, no alarm)",7,14,Marta,True,
"Wane 8%/wk @7d  (slower, no alarm)",7,14,Marta,False,5.426933840522169
"Wane 8%/wk @7d  (slower, no alarm)",7,14,Marta,False,5.4925488930907145
"Wane 8%/wk @7d  (slower, no alarm)",7,14,Marta,False,4.72306589119893
"Wane 8%/wk @7d  (slower, no alarm)",7,14,Marta,False,4.521588196073494
"Wane 8%/wk @7d  (slower, no alarm)",7,14,Marta,False,5.505982816004274
"Wane 8%/wk @7d  (slower, no alarm)",7,14,Diego,False,8.017867479776067
"Wane 8%/wk @7d  (slower, no alarm)",7,14,Diego,False,6.584225314228607
"Wane 8%/wk @7d  (slower, no alarm)",7,14,Diego,False,5.560413410397107
"Wane 8%/wk @7d  (slower, no alarm)",7,14,Diego,False,6.454555080529997
"Wane 8%/wk @7d  (slower, no alarm)",7,14,Diego,False,5.996550267983874
"Wane 8%/wk @7d  (slower, no alarm)",7,14,Diego,False,6.107864700609983
"Wane 8%/wk @7d  (slower, no alarm)",7,14,Diego,False,6.291726808443357
"Wane 8%/wk @7d  (slower, no alarm)",7,14,Diego,False,6.820582773976982
"Wane 8%/wk @7d  (slower, no alarm)",7,14,Diego,False,8.545255545146178
"Wane 8%/wk @7d  (slower, no alarm)",7,14,Diego,False,6.2860400547987165
"Wane 8%/wk @7d  (slower, no alarm)",7,14,Diego,False,4.887998465350971
"Wane 8%/wk @7d  (slower, no alarm)",7,14,Diego,False,6.1918282281657895
"Wane 8%/wk @7d  (slower, no alarm)",7,14,Diego,False,7.177390297353761
"Wane 8%/wk @7d  (slower, no alarm)",7,14,Diego,False,6.197783874105976
"Wane 8%/wk @7d  (slower, no alarm)",7,14,Diego,False,7.934942129818657
"Wane 8%/wk @7d  (slower, no alarm)",7,14,Diego,False,5.182808487197561
"Wane 8%/wk @7d  (slower, no alarm)",7,14,Diego,False,5.496062409619749
"Wane 8%/wk @7d  (slower, no alarm)",7,14,Diego,False,6.0058033829714565
"Wane 8%/wk @7d  (slower, no alarm)",7,14,Diego,False,5.3213632060983596
"Wane 8%/wk @7d  (slower, no alarm)",7,14,Diego,False,5.924491027199519
"Wane 8%/wk @7d  (slower, no alarm)",7,14,Diego,False,7.1389962390194395
"Wane 8%/wk @7d  (slower, no alarm)",7,14,Diego,False,7.144196726956841
"Wane 8%/wk @7d  (slower, no alarm)",7,14,Diego,False,10.353251770667667
"Wane 8%/wk @7d  (slower, no alarm)",7,14,Diego,False,7.3908868074714755
"Wane 8%/wk @7d  (slower, no alarm)",7,14,Diego,False,6.019315801100087
"Wane 8%/wk @7d  (slower, no alarm)",7,14,Diego,False,6.285452337904968
"Wane 8%/wk @7d  (slower, no alarm)",7,14,Diego,False,7.737603007283713
"Wane 8%/wk @7d  (slower, no alarm)",7,14,Diego,False,8.174413941428924
"Wane 8%/wk @7d  (slower, no alarm)",7,14,Diego,False,5.665775039283796
"Wane 8%/wk @7d  (slower, no alarm)",7,14,Diego,False,6.300435804148741
"Wane 8%/wk @7d  (slower, no alarm)",7,14,Diego,False,8.84753710986385
"Wane 8%/wk @7d  (slower, no alarm)",7,14,Diego,False,5.819719344749913
"Wane 8%/wk @7d  (slower, no alarm)",7,14,Diego,False,6.467118672320864
"Wane 8%/wk @7d  (slower, no alarm)",7,14,Diego,False,8.049613321048376
"Wane 8%/wk @7d  (slower, no alarm)",7,14,Diego,False,8.475961422994006
"Wane 8%/wk @7d  (slower, no alarm)",7,14,Diego,False,6.050379913672614
"Wane 8%/wk @7d  (slower, no alarm)",7,14,Diego,False,5.934013001425803
"Wane 8%/wk @7d  (slower, no alarm)",7,14,Diego,False,10.143234014846088
"Wane 8%/wk @7d  (slower, no alarm)",7,14,Diego,False,5.404253594846536
"Wane 8%/wk @7d  (slower, no alarm)",7,14,Diego,False,5.636800853923948
"Wane 8%/wk @7d  (slower, no alarm)",7,14,Diego,False,8.1723082748838
"Wane 8%/wk @7d  (slower, no alarm)",7,14,Diego,False,5.312873601336717
"Wane 8%/wk @7d  (slower, no alarm)",7,14,Diego,False,7.490926472926758
"Wane 8%/wk @7d  (slower, no alarm)",7,14,Diego,False,5.819719344749913
"Wane 8%/wk @7d  (slower, no alarm)",7,14,Diego,False,8.112267995042279
"Wane 8%/wk @7d  (slower, no alarm)",7,14,Diego,False,7.738490992909197
"Wane 8%/wk @7d  (slower, no alarm)",7,14,Diego,False,7.843158351725174
"Wane 8%/wk @7d  (slower, no alarm)",7,14,Diego,False,6.054822375725469
"Wane 8%/wk @7d  (slower, no alarm)",7,14,Diego,False,6.911909435895352
"Wane 8%/wk @7d  (slower, no alarm)",7,14,Diego,False,5.466014644771288
"Wane 8%/wk @7d  (slower, no alarm)",7,14,Diego,False,8.060428015652246
"Wane 8%/wk @7d  (slower, no alarm)",7,14,Diego,False,7.476866851716078
"Wane 8%/wk @7d  (slower, no alarm)",7,14,Diego,False,5.807709936569962
"Wane 8%/wk @7d  (slower, no alarm)",7,14,Diego,False,6.430721213270227
"Wane 8%/wk @7d  (slower, no alarm)",7,14,Diego,False,6.21164250358103
"Wane 8%/wk @7d  (slower, no alarm)",7,14,Diego,False,5.962236113873842
"Wane 8%/wk @7d  (slower, no alarm)",7,14,Diego,False,6.070300734951353
"Wane 8%/wk @7d  (slower, no alarm)",7,14,Diego,False,6.346851230861179
"Wane 8%/wk @7d  (slower, no alarm)",7,14,Diego,False,6.089286862537565
"Wane 8%/wk @7d  (slower, no alarm)",7,14,Diego,False,6.089453277509736
"Wane 8%/wk @7d  (slower, no alarm)",7,14,Lucía,False,8.646976347114759
"Wane 8%/wk @7d  (slower, no alarm)",7,14,Lucía,False,8.151034411653558
"Wane 8%/wk @7d  (slower, no alarm)",7,14,Lucía,False,8.682763860024123
"Wane 8%/wk @7d  (slower, no alarm)",7,14,Lucía,True,
"Wane 8%/wk @7d  (slower, no alarm)",7,14,Lucía,False,7.583760754988137
"Wane 8%/wk @7d  (slower, no alarm)",7,14,Lucía,False,7.418754653639601
"Wane 8%/wk @7d  (slower, no alarm)",7,14,Lucía,False,7.541946266540582
"Wane 8%/wk @7d  (slower, no alarm)",7,14,Lucía,False,6.24424309234825
"Wane 8%/wk @7d  (slower, no alarm)",7,14,Lucía,False,8.499893455149229
"Wane 8%/wk @7d  (slower, no alarm)",7,14,Lucía,False,7.20985150017969
"Wane 8%/wk @7d  (slower, no alarm)",7,14,Lucía,False,8.91039212368384
"Wane 8%/wk @7d  (slower, no alarm)",7,14,Lucía,True,
"Wane 8%/wk @7d  (slower, no alarm)",7,14,Lucía,False,8.207925424210124
"Wane 8%/wk @7d  (slower, no alarm)",7,14,Lucía,False,6.917107397245475
"Wane 8%/wk @7d  (slower, no alarm)",7,14,Lucía,False,7.820784170810387
"Wane 8%/wk @7d  (slower, no alarm)",7,14,Lucía,False,8.384004613820077
"Wane 8%/wk @7d  (slower, no alarm)",7,14,Lucía,False,6.729486443554195
"Wane 8%/wk @7d  (slower, no alarm)",7,14,Lucía,False,6.819040053293185
"Wane 8%/wk @7d  (slower, no alarm)",7,14,Lucía,True,
"Wane 8%/wk @7d  (slower, no alarm)",7,14,Lucía,False,7.329111136174684
"Wane 8%/wk @7d  (slower, no alarm)",7,14,Lucía,False,6.866190395304361
"Wane 8%/wk @7d  (slower, no alarm)",7,14,Lucía,False,8.999985321967522
"Wane 8%/wk @7d  (slower, no alarm)",7,14,Lucía,True,
"Wane 8%/wk @7d  (slower, no alarm)",7,14,Lucía,False,7.774269834576454
"Wane 8%/wk @7d  (slower, no alarm)",7,14,Lucía,False,7.826494016841686
"Wane 8%/wk @7d  (slower, no alarm)",7,14,Lucía,True,
"Wane 8%/wk @7d  (slower, no alarm)",7,14,Lucía,False,6.675441361749216
"Wane 8%/wk @7d  (slower, no alarm)",7,14,Lucía,True,
"Wane 8%/wk @7d  (slower, no alarm)",7,14,Lucía,True,
"Wane 8%/wk @7d  (slower, no alarm)",7,14,Lucía,False,7.905166689011824
"Wane 8%/wk @7d  (slower, no alarm)",7,14,Lucía,True,
"Wane 8%/wk @7d  (slower, no alarm)",7,14,Lucía,False,7.842590049173909
"Wane 8%/wk @7d  (slower, no alarm)",7,14,Lucía,False,8.497837006675509
"Wane 8%/wk @7d  (slower, no alarm)",7,14,Lucía,False,8.02424547906762
"Wane 8%/wk @7d  (slower, no alarm)",7,14,Lucía,False,8.376706472047648
"Wane 8%/wk @7d  (slower, no alarm)",7,14,Lucía,True,
"Wane 8%/wk @7d  (slower, no alarm)",7,14,Lucía,False,9.328441737697387
"Wane 8%/wk @7d  (slower, no alarm)",7,14,Lucía,False,7.306039828390655
"Wane 8%/wk @7d  (slower, no alarm)",7,14,Lucía,True,
"Wane 8%/wk @7d  (slower, no alarm)",7,14,Lucía,False,6.359744028375926
"Wane 8%/wk @7d  (slower, no alarm)",7,14,Lucía,False,7.481172611582892
"Wane 8%/wk @7d  (slower, no alarm)",7,14,Lucía,True,
"Wane 8%/wk @7d  (slower, no alarm)",7,14,Lucía,False,6.929624553625748
"Wane 8%/wk @7d  (slower, no alarm)",7,14,Lucía,False,7.666737871586644
"Wane 8%/wk @7d  (slower, no alarm)",7,14,Lucía,False,7.427529195238922
"Wane 8%/wk @7d  (slower, no alarm)",7,14,Lucía,False,5.42636581369996
"Wane 8%/wk @7d  (slower, no alarm)",7,14,Lucía,False,6.178470926472401
"Wane 8%/wk @7d  (slower, no alarm)",7,14,Lucía,False,6.611763575633904
"Wane 8%/wk @7d  (slower, no alarm)",7,14,Lucía,True,
"Wane 8%/wk @7d  (slower, no alarm)",7,14,Lucía,False,7.533839615703116
"Wane 8%/wk @7d  (slower, no alarm)",7,14,Lucía,False,7.96675713403912
"Wane 8%/wk @7d  (slower, no alarm)",7,14,Lucía,False,8.042904391904262
"Wane 8%/wk @7d  (slower, no alarm)",7,14,Lucía,True,
"Wane 8%/wk @7d  (slower, no alarm)",7,14,Lucía,False,7.729518638848429
"Wane 8%/wk @7d  (slower, no alarm)",7,14,Lucía,True,
"Wane 8%/wk @7d  (slower, no alarm)",7,14,Lucía,False,8.43255520455747
"Wane 8%/wk @7d  (slower, no alarm)",7,14,Lucía,False,7.2604137070769
"Wane 8%/wk @7d  (slower, no alarm)",7,14,Lucía,True,
"Wane 8%/wk @7d  (slower, no alarm)",7,14,Lucía,False,6.9833679320392354
"Wane 8%/wk @7d  (slower, no alarm)",7,14,Lucía,False,8.369076598096337
"Wane 8%/wk @7d  (slower, no alarm)",7,14,Karim,False,10.681873642052608
"Wane 8%/wk @7d  (slower, no alarm)",7,14,Karim,False,7.254349027548823
"Wane 8%/wk @7d  (slower, no alarm)",7,14,Karim,False,9.92551491523854
"Wane 8%/wk @7d  (slower, no alarm)",7,14,Karim,False,7.858946455500575
"Wane 8%/wk @7d  (slower, no alarm)",7,14,Karim,False,7.814979482911592
"Wane 8%/wk @7d  (slower, no alarm)",7,14,Karim,False,8.95128845567463
"Wane 8%/wk @7d  (slower, no alarm)",7,14,Karim,False,9.495341641861428
"Wane 8%/wk @7d  (slower, no alarm)",7,14,Karim,False,7.922135126355846
"Wane 8%/wk @7d  (slower, no alarm)",7,14,Karim,False,12.350227421448063
"Wane 8%/wk @7d  (slower, no alarm)",7,14,Karim,False,8.51905766485977
"Wane 8%/wk @7d  (slower, no alarm)",7,14,Karim,False,11.150575398248664
"Wane 8%/wk @7d  (slower, no alarm)",7,14,Karim,False,6.552437908305595
"Wane 8%/wk @7d  (slower, no alarm)",7,14,Karim,False,9.322193226605265
"Wane 8%/wk @7d  (slower, no alarm)",7,14,Karim,False,7.73507261917733
"Wane 8%/wk @7d  (slower, no alarm)",7,14,Karim,False,9.672820642047077
"Wane 8%/wk @7d  (slower, no alarm)",7,14,Karim,False,10.208738090304632
"Wane 8%/wk @7d  (slower, no alarm)",7,14,Karim,False,8.112057084720613
"Wane 8%/wk @7d  (slower, no alarm)",7,14,Karim,False,10.034212174329696
"Wane 8%/wk @7d  (slower, no alarm)",7,14,Karim,False,10.169168856192497
"Wane 8%/wk @7d  (slower, no alarm)",7,14,Karim,False,8.765061285818675
"Wane 8%/wk @7d  (slower, no alarm)",7,14,Karim,False,10.546909521699455
"Wane 8%/wk @7d  (slower, no alarm)",7,14,Karim,False,8.334119523618712
"Wane 8%/wk @7d  (slower, no alarm)",7,14,Karim,False,8.426472418877928
"Wane 8%/wk @7d  (slower, no alarm)",7,14,Karim,False,7.749662669704516
"Wane 8%/wk @7d  (slower, no alarm)",7,14,Karim,False,9.146112811923697
"Wane 8%/wk @7d  (slower, no alarm)",7,14,Karim,False,8.792197179420539
"Wane 8%/wk @7d  (slower, no alarm)",7,14,Karim,False,6.9318403967735405
"Wane 8%/wk @7d  (slower, no alarm)",7,14,Karim,False,7.419505111735533
"Wane 8%/wk @7d  (slower, no alarm)",7,14,Karim,False,9.089540853160646
"Wane 8%/wk @7d  (slower, no alarm)",7,14,Karim,False,10.372669374108911
"Wane 8%/wk @7d  (slower, no alarm)",7,14,Karim,False,7.748550626854371
"Wane 8%/wk @7d  (slower, no alarm)",7,14,Karim,False,8.105572192573375
"Wane 8%/wk @7d  (slower, no alarm)",7,14,Karim,True,
"Wane 8%/wk @7d  (slower, no alarm)",7,14,Karim,False,8.639445049592904
"Wane 8%/wk @7d  (slower, no alarm)",7,14,Karim,False,6.349697572703771
"Wane 8%/wk @7d  (slower, no alarm)",7,14,Karim,False,7.14081611246875
"Wane 8%/wk @7d  (slower, no alarm)",7,14,Karim,False,8.65772829927202
"Wane 8%/wk @7d  (slower, no alarm)",7,14,Karim,False,8.886686805475563
"Wane 8%/wk @7d  (slower, no alarm)",7,14,Karim,False,8.838926786928692
"Wane 8%/wk @7d  (slower, no alarm)",7,14,Karim,False,8.556667371337825
"Wane 8%/wk @7d  (slower, no alarm)",7,14,Karim,False,7.371641116104443
"Wane 8%/wk @7d  (slower, no alarm)",7,14,Karim,False,7.8070141088718445
"Wane 8%/wk @7d  (slower, no alarm)",7,14,Karim,False,10.109977626713471
"Wane 8%/wk @7d  (slower, no alarm)",7,14,Karim,False,9.45784765324963
"Wane 8%/wk @7d  (slower, no alarm)",7,14,Karim,False,7.7602831756443695
"Wane 8%/wk @7d  (slower, no alarm)",7,14,Karim,False,10.169876053700639
"Wane 8%/wk @7d  (slower, no alarm)",7,14,Karim,False,7.813122616273463
"Wane 8%/wk @7d  (slower, no alarm)",7,14,Karim,False,7.418375868273021
"Wane 8%/wk @7d  (slower, no alarm)",7,14,Karim,False,9.083329345606712
"Wane 8%/wk @7d  (slower, no alarm)",7,14,Karim,False,7.8886426280398005
"Wane 8%/wk @7d  (slower, no alarm)",7,14,Karim,False,9.874157929111583
"Wane 8%/wk @7d  (slower, no alarm)",7,14,Karim,False,7.908179371562773
"Wane 8%/wk @7d  (slower, no alarm)",7,14,Karim,False,7.874570990216401
"Wane 8%/wk @7d  (slower, no alarm)",7,14,Karim,False,7.386482579437579
"Wane 8%/wk @7d  (slower, no alarm)",7,14,Karim,False,8.997223333369393
"Wane 8%/wk @7d  (slower, no alarm)",7,14,Karim,False,10.017880894899747
"Wane 8%/wk @7d  (slower, no alarm)",7,14,Karim,False,9.169535927603368
"Wane 8%/wk @7d  (slower, no alarm)",7,14,Karim,False,9.563576287206965
"Wane 8%/wk @7d  (slower, no alarm)",7,14,Karim,False,8.569932619666519
"Wane 8%/wk @7d  (slower, no alarm)",7,14,Karim,False,8.57766833062531
"Wane 8%/wk @7d  (slower, no alarm)",7,14,Ana,False,5.207914110287511
"Wane 8%/wk @7d  (slower, no alarm)",7,14,Ana,False,4.296541470902956
"Wane 8%/wk @7d  (slower, no alarm)",7,14,Ana,False,4.427427987892082
"Wane 8%/wk @7d  (slower, no alarm)",7,14,Ana,False,5.2114962123790365
"Wane 8%/wk @7d  (slower, no alarm)",7,14,Ana,False,4.296541470902956
"Wane 8%/wk @7d  (slower, no alarm)",7,14,Ana,False,4.457300687118675
"Wane 8%/wk @7d  (slower, no alarm)",7,14,Ana,False,5.025949621734282
"Wane 8%/wk @7d  (slower, no alarm)",7,14,Ana,False,4.849010978533112
"Wane 8%/wk @7d  (slower, no alarm)",7,14,Ana,False,4.512846295657918
"Wane 8%/wk @7d  (slower, no alarm)",7,14,Ana,False,4.702375777828772
"Wane 8%/wk @7d  (slower, no alarm)",7,14,Ana,False,4.296541470902956
"Wane 8%/wk @7d  (slower, no alarm)",7,14,Ana,False,4.538651456419471
"Wane 8%/wk @7d  (slower, no alarm)",7,14,Ana,False,5.025949621734282
"Wane 8%/wk @7d  (slower, no alarm)",7,14,Ana,False,4.669386735800809
"Wane 8%/wk @7d  (slower, no alarm)",7,14,Ana,False,5.212536785682634
"Wane 8%/wk @7d  (slower, no alarm)",7,14,Ana,False,5.413148539595325
"Wane 8%/wk @7d  (slower, no alarm)",7,14,Ana,False,4.296541470902956
"Wane 8%/wk @7d  (slower, no alarm)",7,14,Ana,False,5.064097337142872
"Wane 8%/wk @7d  (slower, no alarm)",7,14,Ana,False,5.453309244964253
"Wane 8%/wk @7d  (slower, no alarm)",7,14,Ana,False,4.563227800001904
"Wane 8%/wk @7d  (slower, no alarm)",7,14,Ana,False,4.396061653704159
"Wane 8%/wk @7d  (slower, no alarm)",7,14,Ana,False,5.262247776616428
"Wane 8%/wk @7d  (slower, no alarm)",7,14,Ana,False,4.957539806965649
"Wane 8%/wk @7d  (slower, no alarm)",7,14,Ana,False,5.621109944624151
"Wane 8%/wk @7d  (slower, no alarm)",7,14,Ana,False,4.296541470902956
"Wane 8%/wk @7d  (slower, no alarm)",7,14,Ana,False,4.741091329771309
"Wane 8%/wk @7d  (slower, no alarm)",7,14,Ana,False,5.544666335391721
"Wane 8%/wk @7d  (slower, no alarm)",7,14,Ana,False,5.219888111703544
"Wane 8%/wk @7d  (slower, no alarm)",7,14,Ana,False,4.865968134005598
"Wane 8%/wk @7d  (slower, no alarm)",7,14,Ana,False,5.043165366910854
"Wane 8%/wk @7d  (slower, no alarm)",7,14,Ana,False,4.563227800001904
"Wane 8%/wk @7d  (slower, no alarm)",7,14,Ana,False,4.586633841508982
"Wane 8%/wk @7d  (slower, no alarm)",7,14,Ana,False,4.8523963291640175
"Wane 8%/wk @7d  (slower, no alarm)",7,14,Ana,False,4.735927693553223
"Wane 8%/wk @7d  (slower, no alarm)",7,14,Ana,False,5.314776976570512
"Wane 8%/wk @7d  (slower, no alarm)",7,14,Ana,False,4.485750876858288
"Wane 8%/wk @7d  (slower, no alarm)",7,14,Ana,False,4.753212414888846
"Wane 8%/wk @7d  (slower, no alarm)",7,14,Ana,False,4.563227800001904
"Wane 8%/wk @7d  (slower, no alarm)",7,14,Ana,False,4.725408162677348
"Wane 8%/wk @7d  (slower, no alarm)",7,14,Ana,False,4.512846295657918
"Wane 8%/wk @7d  (slower, no alarm)",7,14,Ana,False,5.038686031704849
"Wane 8%/wk @7d  (slower, no alarm)",7,14,Ana,False,5.221879210081416
"Wane 8%/wk @7d  (slower, no alarm)",7,14,Ana,False,4.82069425657976
"Wane 8%/wk @7d  (slower, no alarm)",7,14,Ana,False,4.799114402101555
"Wane 8%/wk @7d  (slower, no alarm)",7,14,Ana,False,5.258015500164086
"Wane 8%/wk @7d  (slower, no alarm)",7,14,Ana,False,4.980268809522735
"Wane 8%/wk @7d  (slower, no alarm)",7,14,Ana,False,4.563227800001904
"Wane 8%/wk @7d  (slower, no alarm)",7,14,Ana,False,4.328545619364655
"Wane 8%/wk @7d  (slower, no alarm)",7,14,Ana,False,7.254085320708572
"Wane 8%/wk @7d  (slower, no alarm)",7,14,Ana,False,4.776313470388311
"Wane 8%/wk @7d  (slower, no alarm)",7,14,Ana,False,4.538651456419471
"Wane 8%/wk @7d  (slower, no alarm)",7,14,Ana,False,4.906280137214648
"Wane 8%/wk @7d  (slower, no alarm)",7,14,Ana,False,6.157773050865251
"Wane 8%/wk @7d  (slower, no alarm)",7,14,Ana,False,6.0864621799584055
"Wane 8%/wk @7d  (slower, no alarm)",7,14,Ana,False,4.835308876119781
"Wane 8%/wk @7d  (slower, no alarm)",7,14,Ana,False,5.144077968989719
"Wane 8%/wk @7d  (slower, no alarm)",7,14,Ana,False,4.538651456419471
"Wane 8%/wk @7d  (slower, no alarm)",7,14,Ana,False,5.024526337478006
"Wane 8%/wk @7d  (slower, no alarm)",7,14,Ana,False,4.680814666183706
"Wane 8%/wk @7d  (slower, no alarm)",7,14,Ana,False,5.420551787120431
"Wane 6%/wk @7d  (slower, no alarm)",7,14,Marta,False,7.1703729790961495
"Wane 6%/wk @7d  (slower, no alarm)",7,14,Marta,False,7.1898229847179635
"Wane 6%/wk @7d  (slower, no alarm)",7,14,Marta,False,6.670861829249705
"Wane 6%/wk @7d  (slower, no alarm)",7,14,Marta,False,7.010422729081166
"Wane 6%/wk @7d  (slower, no alarm)",7,14,Marta,False,6.878325146835363
"Wane 6%/wk @7d  (slower, no alarm)",7,14,Marta,False,7.447728586092343
"Wane 6%/wk @7d  (slower, no alarm)",7,14,Marta,False,7.129616618495977
"Wane 6%/wk @7d  (slower, no alarm)",7,14,Marta,False,6.779922339078201
"Wane 6%/wk @7d  (slower, no alarm)",7,14,Marta,False,7.119905188392101
"Wane 6%/wk @7d  (slower, no alarm)",7,14,Marta,False,6.806113284902618
"Wane 6%/wk @7d  (slower, no alarm)",7,14,Marta,False,7.230122781344395
"Wane 6%/wk @7d  (slower, no alarm)",7,14,Marta,False,7.1161255228228475
"Wane 6%/wk @7d  (slower, no alarm)",7,14,Marta,False,7.171648539548973
"Wane 6%/wk @7d  (slower, no alarm)",7,14,Marta,False,7.26626995225908
"Wane 6%/wk @7d  (slower, no alarm)",7,14,Marta,False,7.5832726040685
"Wane 6%/wk @7d  (slower, no alarm)",7,14,Marta,False,7.007019714609253
"Wane 6%/wk @7d  (slower, no alarm)",7,14,Marta,False,7.537138562563201
"Wane 6%/wk @7d  (slower, no alarm)",7,14,Marta,False,7.331499132445632
"Wane 6%/wk @7d  (slower, no alarm)",7,14,Marta,False,7.194556219640255
"Wane 6%/wk @7d  (slower, no alarm)",7,14,Marta,False,7.262035211905038
"Wane 6%/wk @7d  (slower, no alarm)",7,14,Marta,False,7.479962752639415
"Wane 6%/wk @7d  (slower, no alarm)",7,14,Marta,False,6.71599759444145
"Wane 6%/wk @7d  (slower, no alarm)",7,14,Marta,False,7.108545047883051
"Wane 6%/wk @7d  (slower, no alarm)",7,14,Marta,False,6.6021388221607875
"Wane 6%/wk @7d  (slower, no alarm)",7,14,Marta,False,6.7280505151407475
"Wane 6%/wk @7d  (slower, no alarm)",7,14,Marta,False,7.029608847263796
"Wane 6%/wk @7d  (slower, no alarm)",7,14,Marta,False,6.632719318378741
"Wane 6%/wk @7d  (slower, no alarm)",7,14,Marta,False,7.617271136995352
"Wane 6%/wk @7d  (slower, no alarm)",7,14,Marta,False,6.765116863330676
"Wane 6%/wk @7d  (slower, no alarm)",7,14,Marta,False,7.246032051048878
"Wane 6%/wk @7d  (slower, no alarm)",7,14,Marta,False,7.342499174128504
"Wane 6%/wk @7d  (slower, no alarm)",7,14,Marta,False,7.858455733564253
"Wane 6%/wk @7d  (slower, no alarm)",7,14,Marta,False,6.607811303054828
"Wane 6%/wk @7d  (slower, no alarm)",7,14,Marta,False,7.537138562563201
"Wane 6%/wk @7d  (slower, no alarm)",7,14,Marta,False,7.615079557188664
"Wane 6%/wk @7d  (slower, no alarm)",7,14,Marta,False,7.8549034240189775
"Wane 6%/wk @7d  (slower, no alarm)",7,14,Marta,False,7.3080793122687
"Wane 6%/wk @7d  (slower, no alarm)",7,14,Marta,False,6.765116863330676
"Wane 6%/wk @7d  (slower, no alarm)",7,14,Marta,False,6.804020747411513
"Wane 6%/wk @7d  (slower, no alarm)",7,14,Marta,False,6.99597321942756
"Wane 6%/wk @7d  (slower, no alarm)",7,14,Marta,False,7.414532535220116
"Wane 6%/wk @7d  (slower, no alarm)",7,14,Marta,False,6.826432073881865
"Wane 6%/wk @7d  (slower, no alarm)",7,14,Marta,False,7.566298466500157
"Wane 6%/wk @7d  (slower, no alarm)",7,14,Marta,False,6.9927427435490515
"Wane 6%/wk @7d  (slower, no alarm)",7,14,Marta,False,7.149394910657954
"Wane 6%/wk @7d  (slower, no alarm)",7,14,Marta,False,7.357799848541844
"Wane 6%/wk @7d  (slower, no alarm)",7,14,Marta,False,7.1014963968425056
"Wane 6%/wk @7d  (slower, no alarm)",7,14,Marta,False,7.194091509323541
"Wane 6%/wk @7d  (slower, no alarm)",7,14,Marta,False,7.004723053034228
"Wane 6%/wk @7d  (slower, no alarm)",7,14,Marta,False,7.462218490986507
"Wane 6%/wk @7d  (slower, no alarm)",7,14,Marta,False,6.99597321942756
"Wane 6%/wk @7d  (slower, no alarm)",7,14,Marta,False,6.678063551528231
"Wane 6%/wk @7d  (slower, no alarm)",7,14,Marta,False,7.4045568773228965
"Wane 6%/wk @7d  (slower, no alarm)",7,14,Marta,False,6.424713449341243
"Wane 6%/wk @7d  (slower, no alarm)",7,14,Marta,False,7.203624326697658
"Wane 6%/wk @7d  (slower, no alarm)",7,14,Marta,False,9.001299869958755
"Wane 6%/wk @7d  (slower, no alarm)",7,14,Marta,False,6.424713449341243
"Wane 6%/wk @7d  (slower, no alarm)",7,14,Marta,False,6.7747333468142985
"Wane 6%/wk @7d  (slower, no alarm)",7,14,Marta,False,7.146650019099199
"Wane 6%/wk @7d  (slower, no alarm)",7,14,Marta,False,6.966955127382208
"Wane 6%/wk @7d  (slower, no alarm)",7,14,Diego,False,8.686855076684257
"Wane 6%/wk @7d  (slower, no alarm)",7,14,Diego,False,8.816539899402187
"Wane 6%/wk @7d  (slower, no alarm)",7,14,Diego,False,9.212823943598545
"Wane 6%/wk @7d  (slower, no alarm)",7,14,Diego,False,9.128871478509812
"Wane 6%/wk @7d  (slower, no alarm)",7,14,Diego,False,7.788405229890433
"Wane 6%/wk @7d  (slower, no alarm)",7,14,Diego,False,7.392945059847062
"Wane 6%/wk @7d  (slower, no alarm)",7,14,Diego,False,7.883395171780328
"Wane 6%/wk @7d  (slower, no alarm)",7,14,Diego,False,6.951609316524732
"Wane 6%/wk @7d  (slower, no alarm)",7,14,Diego,False,9.180952355168008
"Wane 6%/wk @7d  (slower, no alarm)",7,14,Diego,False,8.992984000150999
"Wane 6%/wk @7d  (slower, no alarm)",7,14,Diego,False,7.562349648186929
"Wane 6%/wk @7d  (slower, no alarm)",7,14,Diego,False,9.484306050968598
"Wane 6%/wk @7d  (slower, no alarm)",7,14,Diego,False,7.2732979634816015
"Wane 6%/wk @7d  (slower, no alarm)",7,14,Diego,False,7.560924995763801
"Wane 6%/wk @7d  (slower, no alarm)",7,14,Diego,False,10.313891992027798
"Wane 6%/wk @7d  (slower, no alarm)",7,14,Diego,False,7.301823536414785
"Wane 6%/wk @7d  (slower, no alarm)",7,14,Diego,False,9.288477877259346
"Wane 6%/wk @7d  (slower, no alarm)",7,14,Diego,False,9.324424707514051
"Wane 6%/wk @7d  (slower, no alarm)",7,14,Diego,False,10.725110078111987
"Wane 6%/wk @7d  (slower, no alarm)",7,14,Diego,False,7.688399787585672
"Wane 6%/wk @7d  (slower, no alarm)",7,14,Diego,False,8.66834476893163
"Wane 6%/wk @7d  (slower, no alarm)",7,14,Diego,False,10.691903220855776
"Wane 6%/wk @7d  (slower, no alarm)",7,14,Diego,False,9.68402605320095
"Wane 6%/wk @7d  (slower, no alarm)",7,14,Diego,False,7.713189080396378
"Wane 6%/wk @7d  (slower, no alarm)",7,14,Diego,False,7.0877482292452765
"Wane 6%/wk @7d  (slower, no alarm)",7,14,Diego,False,7.758141026630478
"Wane 6%/wk @7d  (slower, no alarm)",7,14,Diego,False,7.2515017376032604
"Wane 6%/wk @7d  (slower, no alarm)",7,14,Diego,False,8.507982474711302
"Wane 6%/wk @7d  (slower, no alarm)",7,14,Diego,False,7.6407290483224894
"Wane 6%/wk @7d  (slower, no alarm)",7,14,Diego,False,8.152674614887486
"Wane 6%/wk @7d  (slower, no alarm)",7,14,Diego,False,7.763523881677845
"Wane 6%/wk @7d  (slower, no alarm)",7,14,Diego,False,7.7883531005748114
"Wane 6%/wk @7d  (slower, no alarm)",7,14,Diego,False,8.247503576731726
"Wane 6%/wk @7d  (slower, no alarm)",7,14,Diego,False,6.71599759444145
"Wane 6%/wk @7d  (slower, no alarm)",7,14,Diego,False,8.949679573917354
"Wane 6%/wk @7d  (slower, no alarm)",7,14,Diego,False,9.92138711476063
"Wane 6%/wk @7d  (slower, no alarm)",7,14,Diego,False,10.111767994972544
"Wane 6%/wk @7d  (slower, no alarm)",7,14,Diego,False,10.830811116648114
"Wane 6%/wk @7d  (slower, no alarm)",7,14,Diego,False,7.771351944328607
"Wane 6%/wk @7d  (slower, no alarm)",7,14,Diego,False,7.846722546674602
"Wane 6%/wk @7d  (slower, no alarm)",7,14,Diego,False,10.300209036122451
"Wane 6%/wk @7d  (slower, no alarm)",7,14,Diego,False,9.256893956445468
"Wane 6%/wk @7d  (slower, no alarm)",7,14,Diego,False,7.118870544100022
"Wane 6%/wk @7d  (slower, no alarm)",7,14,Diego,False,6.870020617520741
"Wane 6%/wk @7d  (slower, no alarm)",7,14,Diego,False,8.395515525796382
"Wane 6%/wk @7d  (slower, no alarm)",7,14,Diego,False,7.203624326697658
"Wane 6%/wk @7d  (slower, no alarm)",7,14,Diego,False,8.834532653278295
"Wane 6%/wk @7d  (slower, no alarm)",7,14,Diego,False,9.642638320440597
"Wane 6%/wk @7d  (slower, no alarm)",7,14,Diego,False,8.429711190905167
"Wane 6%/wk @7d  (slower, no alarm)",7,14,Diego,False,7.418534237428291
"Wane 6%/wk @7d  (slower, no alarm)",7,14,Diego,False,7.606463041668715
"Wane 6%/wk @7d  (slower, no alarm)",7,14,Diego,False,9.32632089310432
"Wane 6%/wk @7d  (slower, no alarm)",7,14,Diego,False,8.942287012420417
"Wane 6%/wk @7d  (slower, no alarm)",7,14,Diego,False,7.806456024924779
"Wane 6%/wk @7d  (slower, no alarm)",7,14,Diego,False,7.950476317319428
"Wane 6%/wk @7d  (slower, no alarm)",7,14,Diego,False,9.498217432898343
"Wane 6%/wk @7d  (slower, no alarm)",7,14,Diego,False,9.164782115894358
"Wane 6%/wk @7d  (slower, no alarm)",7,14,Diego,False,7.535022116273067
"Wane 6%/wk @7d  (slower, no alarm)",7,14,Diego,False,7.888269646388247
"Wane 6%/wk @7d  (slower, no alarm)",7,14,Diego,False,6.570029301131938
"Wane 6%/wk @7d  (slower, no alarm)",7,14,Lucía,False,8.232680340674472
"Wane 6%/wk @7d  (slower, no alarm)",7,14,Lucía,False,7.711166073029412
"Wane 6%/wk @7d  (slower, no alarm)",7,14,Lucía,True,
"Wane 6%/wk @7d  (slower, no alarm)",7,14,Lucía,False,7.925503007947538
"Wane 6%/wk @7d  (slower, no alarm)",7,14,Lucía,False,8.660442564798856
"Wane 6%/wk @7d  (slower, no alarm)",7,14,Lucía,True,
"Wane 6%/wk @7d  (slower, no alarm)",7,14,Lucía,False,7.688538212308627
"Wane 6%/wk @7d  (slower, no alarm)",7,14,Lucía,False,7.851890522391248
"Wane 6%/wk @7d  (slower, no alarm)",7,14,Lucía,False,8.141220618731502
"Wane 6%/wk @7d  (slower, no alarm)",7,14,Lucía,False,8.35265641600873
"Wane 6%/wk @7d  (slower, no alarm)",7,14,Lucía,False,9.331446420891112
"Wane 6%/wk @7d  (slower, no alarm)",7,14,Lucía,False,8.011745663834514
"Wane 6%/wk @7d  (slower, no alarm)",7,14,Lucía,False,8.990690829372696
"Wane 6%/wk @7d  (slower, no alarm)",7,14,Lucía,False,8.650642469550432
"Wane 6%/wk @7d  (slower, no alarm)",7,14,Lucía,True,
"Wane 6%/wk @7d  (slower, no alarm)",7,14,Lucía,True,
"Wane 6%/wk @7d  (slower, no alarm)",7,14,Lucía,False,9.253465545390569
"Wane 6%/wk @7d  (slower, no alarm)",7,14,Lucía,False,7.547486077973603
"Wane 6%/wk @7d  (slower, no alarm)",7,14,Lucía,False,8.27114292580293
"Wane 6%/wk @7d  (slower, no alarm)",7,14,Lucía,True,
"Wane 6%/wk @7d  (slower, no alarm)",7,14,Lucía,False,8.909367203012607
"Wane 6%/wk @7d  (slower, no alarm)",7,14,Lucía,False,7.580454669909436
"Wane 6%/wk @7d  (slower, no alarm)",7,14,Lucía,False,7.564365311320386
"Wane 6%/wk @7d  (slower, no alarm)",7,14,Lucía,False,7.6521567487550985
"Wane 6%/wk @7d  (slower, no alarm)",7,14,Lucía,False,8.198999567891999
"Wane 6%/wk @7d  (slower, no alarm)",7,14,Lucía,False,7.667440830752889
"Wane 6%/wk @7d  (slower, no alarm)",7,14,Lucía,False,8.719021301897275
"Wane 6%/wk @7d  (slower, no alarm)",7,14,Lucía,False,7.912776729803762
"Wane 6%/wk @7d  (slower, no alarm)",7,14,Lucía,False,8.511505787739562
"Wane 6%/wk @7d  (slower, no alarm)",7,14,Lucía,True,
"Wane 6%/wk @7d  (slower, no alarm)",7,14,Lucía,False,8.788742098694954
"Wane 6%/wk @7d  (slower, no alarm)",7,14,Lucía,True,
"Wane 6%/wk @7d  (slower, no alarm)",7,14,Lucía,False,9.073054312291305
"Wane 6%/wk @7d  (slower, no alarm)",7,14,Lucía,True,
"Wane 6%/wk @7d  (slower, no alarm)",7,14,Lucía,False,8.549118486043001
"Wane 6%/wk @7d  (slower, no alarm)",7,14,Lucía,False,8.438203940168902
"Wane 6%/wk @7d  (slower, no alarm)",7,14,Lucía,False,8.965224464873156
"Wane 6%/wk @7d  (slower, no alarm)",7,14,Lucía,True,
"Wane 6%/wk @7d  (slower, no alarm)",7,14,Lucía,False,8.782417367717214
"Wane 6%/wk @7d  (slower, no alarm)",7,14,Lucía,False,7.933828164963717
"Wane 6%/wk @7d  (slower, no alarm)",7,14,Lucía,False,9.454554235965002
"Wane 6%/wk @7d  (slower, no alarm)",7,14,Lucía,False,7.6264217269143755
"Wane 6%/wk @7d  (slower, no alarm)",7,14,Lucía,False,8.332395919028194
"Wane 6%/wk @7d  (slower, no alarm)",7,14,Lucía,True,
"Wane 6%/wk @7d  (slower, no alarm)",7,14,Lucía,False,7.909453781470686
"Wane 6%/wk @7d  (slower, no alarm)",7,14,Lucía,False,8.687595952850423
"Wane 6%/wk @7d  (slower, no alarm)",7,14,Lucía,True,
"Wane 6%/wk @7d  (slower, no alarm)",7,14,Lucía,False,7.671431233399781
"Wane 6%/wk @7d  (slower, no alarm)",7,14,Lucía,False,8.093813902860775
"Wane 6%/wk @7d  (slower, no alarm)",7,14,Lucía,False,8.09922296168931
"Wane 6%/wk @7d  (slower, no alarm)",7,14,Lucía,False,8.424404408120436
"Wane 6%/wk @7d  (slower, no alarm)",7,14,Lucía,False,8.44208502151095
"Wane 6%/wk @7d  (slower, no alarm)",7,14,Lucía,False,8.668797897242895
"Wane 6%/wk @7d  (slower, no alarm)",7,14,Lucía,False,7.140507244101696
"Wane 6%/wk @7d  (slower, no alarm)",7,14,Lucía,False,8.323991283793022
"Wane 6%/wk @7d  (slower, no alarm)",7,14,Lucía,False,8.609827708097734
"Wane 6%/wk @7d  (slower, no alarm)",7,14,Lucía,False,7.893635393810652
"Wane 6%/wk @7d  (slower, no alarm)",7,14,Lucía,False,8.255162816572412
"Wane 6%/wk @7d  (slower, no alarm)",7,14,Lucía,False,9.51467643372572
"Wane 6%/wk @7d  (slower, no alarm)",7,14,Lucía,False,10.213273893037805
"Wane 6%/wk @7d  (slower, no alarm)",7,14,Karim,False,11.094067689605597
"Wane 6%/wk @7d  (slower, no alarm)",7,14,Karim,False,10.461699560535491
"Wane 6%/wk @7d  (slower, no alarm)",7,14,Karim,False,11.458853986974509
"Wane 6%/wk @7d  (slower, no alarm)",7,14,Karim,False,12.798552634048068
"Wane 6%/wk @7d  (slower, no alarm)",7,14,Karim,False,9.201067191332916
"Wane 6%/wk @7d  (slower, no alarm)",7,14,Karim,False,10.065788035453968
"Wane 6%/wk @7d  (slower, no alarm)",7,14,Karim,False,9.28046559237717
"Wane 6%/wk @7d  (slower, no alarm)",7,14,Karim,False,8.9166846604897
"Wane 6%/wk @7d  (slower, no alarm)",7,14,Karim,False,12.989917878708244
"Wane 6%/wk @7d  (slower, no alarm)",7,14,Karim,False,11.537614173136351
"Wane 6%/wk @7d  (slower, no alarm)",7,14,Karim,False,9.500572567944033
"Wane 6%/wk @7d  (slower, no alarm)",7,14,Karim,False,9.827195821743624
"Wane 6%/wk @7d  (slower, no alarm)",7,14,Karim,False,9.583593866371373
"Wane 6%/wk @7d  (slower, no alarm)",7,14,Karim,False,13.419927821286523
"Wane 6%/wk @7d  (slower, no alarm)",7,14,Karim,False,9.084251372716427
"Wane 6%/wk @7d  (slower, no alarm)",7,14,Karim,False,11.66874178069916
"Wane 6%/wk @7d  (slower, no alarm)",7,14,Karim,False,9.715364007077781
"Wane 6%/wk @7d  (slower, no alarm)",7,14,Karim,False,9.463974823773505
"Wane 6%/wk @7d  (slower, no alarm)",7,14,Karim,False,10.686776997281811
"Wane 6%/wk @7d  (slower, no alarm)",7,14,Karim,False,11.835307550659708
"Wane 6%/wk @7d  (slower, no alarm)",7,14,Karim,False,10.021524497867782
"Wane 6%/wk @7d  (slower, no alarm)",7,14,Karim,True,
"Wane 6%/wk @7d  (slower, no alarm)",7,14,Karim,False,9.296848816591945
"Wane 6%/wk @7d  (slower, no alarm)",7,14,Karim,False,8.996040900317082
"Wane 6%/wk @7d  (slower, no alarm)",7,14,Karim,False,10.358400305679353
"Wane 6%/wk @7d  (slower, no alarm)",7,14,Karim,False,9.032282513941604
"Wane 6%/wk @7d  (slower, no alarm)",7,14,Karim,False,8.983741430294684
"Wane 6%/wk @7d  (slower, no alarm)",7,14,Karim,False,9.174019906972262
"Wane 6%/wk @7d  (slower, no alarm)",7,14,Karim,False,11.407629889050835
"Wane 6%/wk @7d  (slower, no alarm)",7,14,Karim,False,11.656267864723477
"Wane 6%/wk @7d  (slower, no alarm)",7,14,Karim,False,10.471343921573105
"Wane 6%/wk @7d  (slower, no alarm)",7,14,Karim,False,9.028074841689865
"Wane 6%/wk @7d  (slower, no alarm)",7,14,Karim,False,10.978756794977482
"Wane 6%/wk @7d  (slower, no alarm)",7,14,Karim,False,10.148932579121878
"Wane 6%/wk @7d  (slower, no alarm)",7,14,Karim,False,11.799301541048894
"Wane 6%/wk @7d  (slower, no alarm)",7,14,Karim,False,9.75615985816017
"Wane 6%/wk @7d  (slower, no alarm)",7,14,Karim,False,9.416303608602957
"Wane 6%/wk @7d  (slower, no alarm)",7,14,Karim,False,9.34935154607962
"Wane 6%/wk @7d  (slower, no alarm)",7,14,Karim,False,9.89542266390236
"Wane 6%/wk @7d  (slower, no alarm)",7,14,Karim,False,9.064016841853272
"Wane 6%/wk @7d  (slower, no alarm)",7,14,Karim,False,9.665547222831133
"Wane 6%/wk @7d  (slower, no alarm)",7,14,Karim,False,9.673815206811376
"Wane 6%/wk @7d  (slower, no alarm)",7,14,Karim,False,10.941930174778799
"Wane 6%/wk @7d  (slower, no alarm)",7,14,Karim,False,12.098991773998181
"Wane 6%/wk @7d  (slower, no alarm)",7,14,Karim,False,10.358202549213228
"Wane 6%/wk @7d  (slower, no alarm)",7,14,Karim,False,10.654904458463454
"Wane 6%/wk @7d  (slower, no alarm)",7,14,Karim,False,9.795301164677113
"Wane 6%/wk @7d  (slower, no alarm)",7,14,Karim,False,8.522837570867509
"Wane 6%/wk @7d  (slower, no alarm)",7,14,Karim,False,10.933263781553432
"Wane 6%/wk @7d  (slower, no alarm)",7,14,Karim,False,10.040792186948853
"Wane 6%/wk @7d  (slower, no alarm)",7,14,Karim,False,11.08119611815139
"Wane 6%/wk @7d  (slower, no alarm)",7,14,Karim,False,12.138122062144873
"Wane 6%/wk @7d  (slower, no alarm)",7,14,Karim,False,8.827616147575792
"Wane 6%/wk @7d  (slower, no alarm)",7,14,Karim,False,11.761200916274698
"Wane 6%/wk @7d  (slower, no alarm)",7,14,Karim,False,11.684619393980412
"Wane 6%/wk @7d  (slower, no alarm)",7,14,Karim,False,11.173203849062125
"Wane 6%/wk @7d  (slower, no alarm)",7,14,Karim,False,9.160201543882698
"Wane 6%/wk @7d  (slower, no alarm)",7,14,Karim,False,12.390234223096057
"Wane 6%/wk @7d  (slower, no alarm)",7,14,Karim,False,11.416016987464639
"Wane 6%/wk @7d  (slower, no alarm)",7,14,Karim,False,9.413365739277609
"Wane 6%/wk @7d  (slower, no alarm)",7,14,Ana,False,6.87262139992756
"Wane 6%/wk @7d  (slower, no alarm)",7,14,Ana,False,6.7411562443603215
"Wane 6%/wk @7d  (slower, no alarm)",7,14,Ana,False,7.323069669217724
"Wane 6%/wk @7d  (slower, no alarm)",7,14,Ana,False,6.424713449341243
"Wane 6%/wk @7d  (slower, no alarm)",7,14,Ana,False,6.985631322283731
"Wane 6%/wk @7d  (slower, no alarm)",7,14,Ana,False,7.196021954413555
"Wane 6%/wk @7d  (slower, no alarm)",7,14,Ana,False,6.500913557117339
"Wane 6%/wk @7d  (slower, no alarm)",7,14,Ana,False,6.6895810120266335
"Wane 6%/wk @7d  (slower, no alarm)",7,14,Ana,False,6.570029301131938
"Wane 6%/wk @7d  (slower, no alarm)",7,14,Ana,False,6.7879365004453
"Wane 6%/wk @7d  (slower, no alarm)",7,14,Ana,False,6.424713449341243
"Wane 6%/wk @7d  (slower, no alarm)",7,14,Ana,False,6.816842429285705
"Wane 6%/wk @7d  (slower, no alarm)",7,14,Ana,False,6.816842429285705
"Wane 6%/wk @7d  (slower, no alarm)",7,14,Ana,False,6.765116863330676
"Wane 6%/wk @7d  (slower, no alarm)",7,14,Ana,False,7.193663057200808
"Wane 6%/wk @7d  (slower, no alarm)",7,14,Ana,False,6.922987000445001
"Wane 6%/wk @7d  (slower, no alarm)",7,14,Ana,False,6.938524280558259
"Wane 6%/wk @7d  (slower, no alarm)",7,14,Ana,False,6.799581110500326
"Wane 6%/wk @7d  (slower, no alarm)",7,14,Ana,False,6.500913557117339
"Wane 6%/wk @7d  (slower, no alarm)",7,14,Ana,False,7.016426410811795
"Wane 6%/wk @7d  (slower, no alarm)",7,14,Ana,False,6.747244210862411
"Wane 6%/wk @7d  (slower, no alarm)",7,14,Ana,False,6.7747333468142985
"Wane 6%/wk @7d  (slower, no alarm)",7,14,Ana,False,6.424713449341243
"Wane 6%/wk @7d  (slower, no alarm)",7,14,Ana,False,6.736639304434679
"Wane 6%/wk @7d  (slower, no alarm)",7,14,Ana,False,6.95308642161443
"Wane 6%/wk @7d  (slower, no alarm)",7,14,Ana,False,6.424713449341243
"Wane 6%/wk @7d  (slower, no alarm)",7,14,Ana,False,7.659843840859638
"Wane 6%/wk @7d  (slower, no alarm)",7,14,Ana,False,6.7879365004453
"Wane 6%/wk @7d  (slower, no alarm)",7,14,Ana,False,6.71599759444145
"Wane 6%/wk @7d  (slower, no alarm)",7,14,Ana,False,7.052286937959345
"Wane 6%/wk @7d  (slower, no alarm)",7,14,Ana,False,6.536314304051646
"Wane 6%/wk @7d  (slower, no alarm)",7,14,Ana,False,6.85200441995952
"Wane 6%/wk @7d  (slower, no alarm)",7,14,Ana,False,6.7280505151407475
"Wane 6%/wk @7d  (slower, no alarm)",7,14,Ana,False,7.1385832822219415
"Wane 6%/wk @7d  (slower, no alarm)",7,14,Ana,False,6.463742772836317
"Wane 6%/wk @7d  (slower, no alarm)",7,14,Ana,False,6.632719318378741
"Wane 6%/wk @7d  (slower, no alarm)",7,14,Ana,False,6.424713449341243
"Wane 6%/wk @7d  (slower, no alarm)",7,14,Ana,False,6.7411562443603215
"Wane 6%/wk @7d  (slower, no alarm)",7,14,Ana,False,6.424713449341243
"Wane 6%/wk @7d  (slower, no alarm)",7,14,Ana,False,7.506361606756833
"Wane 6%/wk @7d  (slower, no alarm)",7,14,Ana,False,6.424713449341243
"Wane 6%/wk @7d  (slower, no alarm)",7,14,Ana,False,7.316387837223701
"Wane 6%/wk @7d  (slower, no alarm)",7,14,Ana,False,6.938524280558259
"Wane 6%/wk @7d  (slower, no alarm)",7,14,Ana,False,6.6895810120266335
"Wane 6%/wk @7d  (slower, no alarm)",7,14,Ana,False,6.826432073881865
"Wane 6%/wk @7d  (slower, no alarm)",7,14,Ana,False,7.6326279049270225
"Wane 6%/wk @7d  (slower, no alarm)",7,14,Ana,False,6.966955127382208
"Wane 6%/wk @7d  (slower, no alarm)",7,14,Ana,False,6.77138759894971
"Wane 6%/wk @7d  (slower, no alarm)",7,14,Ana,False,6.424713449341243
"Wane 6%/wk @7d  (slower, no alarm)",7,14,Ana,False,6.6895810120266335
"Wane 6%/wk @7d  (slower, no alarm)",7,14,Ana,False,7.00148488322651
"Wane 6%/wk @7d  (slower, no alarm)",7,14,Ana,False,6.570029301131938
"Wane 6%/wk @7d  (slower, no alarm)",7,14,Ana,False,6.6021388221607875
"Wane 6%/wk @7d  (slower, no alarm)",7,14,Ana,False,6.8903217733947155
"Wane 6%/wk @7d  (slower, no alarm)",7,14,Ana,False,6.632719318378741
"Wane 6%/wk @7d  (slower, no alarm)",7,14,Ana,False,7.4647273067607385
"Wane 6%/wk @7d  (slower, no alarm)",7,14,Ana,False,6.424713449341243
"Wane 6%/wk @7d  (slower, no alarm)",7,14,Ana,False,6.536314304051646
"Wane 6%/wk @7d  (slower, no alarm)",7,14,Ana,False,7.278090237688012
"Wane 6%/wk @7d  (slower, no alarm)",7,14,Ana,False,7.687141036640954
Wane 12%/wk @1d,1,14,Marta,False,3.590604880255884
Wane 12%/wk @1d,1,14,Marta,False,3.945160051859069
Wane 12%/wk @1d,1,14,Marta,False,3.4627291171992716
Wane 12%/wk @1d,1,14,Marta,False,3.8976824691262175
Wane 12%/wk @1d,1,14,Marta,False,3.765419820306463
Wane 12%/wk @1d,1,14,Marta,False,3.6220848113181052
Wane 12%/wk @1d,1,14,Marta,False,3.710232606150342
Wane 12%/wk @1d,1,14,Marta,False,3.4032115911467233
Wane 12%/wk @1d,1,14,Marta,False,3.3503195588589203
Wane 12%/wk @1d,1,14,Marta,False,3.714028492672778
Wane 12%/wk @1d,1,14,Marta,False,3.856551714670268
Wane 12%/wk @1d,1,14,Marta,False,3.776413172199215
Wane 12%/wk @1d,1,14,Marta,False,3.7145090523010302
Wane 12%/wk @1d,1,14,Marta,False,3.322040261087432
Wane 12%/wk @1d,1,14,Marta,False,4.1835918230668385
Wane 12%/wk @1d,1,14,Marta,False,3.677728880947652
Wane 12%/wk @1d,1,14,Marta,False,3.9042693989394595
Wane 12%/wk @1d,1,14,Marta,True,
Wane 12%/wk @1d,1,14,Marta,False,4.186007538869975
Wane 12%/wk @1d,1,14,Marta,True,
Wane 12%/wk @1d,1,14,Marta,False,4.1730441255989446
Wane 12%/wk @1d,1,14,Marta,False,3.7012862412977023
Wane 12%/wk @1d,1,14,Marta,False,3.5415380710711735
Wane 12%/wk @1d,1,14,Marta,False,3.993269695408318
Wane 12%/wk @1d,1,14,Marta,False,3.7892161792283945
Wane 12%/wk @1d,1,14,Marta,False,4.067703640025178
Wane 12%/wk @1d,1,14,Marta,False,3.9578133948609135
Wane 12%/wk @1d,1,14,Marta,False,4.207293687931752
Wane 12%/wk @1d,1,14,Marta,False,3.569534024282512
Wane 12%/wk @1d,1,14,Marta,False,3.7915115804347432
Wane 12%/wk @1d,1,14,Marta,False,3.3156273793511835
Wane 12%/wk @1d,1,14,Marta,False,3.5322495479304616
Wane 12%/wk @1d,1,14,Marta,True,
Wane 12%/wk @1d,1,14,Marta,False,3.3354541406606195
Wane 12%/wk @1d,1,14,Marta,False,4.292658073149571
Wane 12%/wk @1d,1,14,Marta,True,
Wane 12%/wk @1d,1,14,Marta,False,3.5875320217387885
Wane 12%/wk @1d,1,14,Marta,False,3.5621750103296703
Wane 12%/wk @1d,1,14,Marta,False,3.584224112224221
Wane 12%/wk @1d,1,14,Marta,True,
Wane 12%/wk @1d,1,14,Marta,False,3.118962461164254
Wane 12%/wk @1d,1,14,Marta,False,3.439349783068993
Wane 12%/wk @1d,1,14,Marta,True,
Wane 12%/wk @1d,1,14,Marta,False,3.8592129031020943
Wane 12%/wk @1d,1,14,Marta,True,
Wane 12%/wk @1d,1,14,Marta,False,3.948606694200734
Wane 12%/wk @1d,1,14,Marta,False,4.012786622304822
Wane 12%/wk @1d,1,14,Marta,False,4.327158851247738
Wane 12%/wk @1d,1,14,Marta,True,
Wane 12%/wk @1d,1,14,Marta,True,
Wane 12%/wk @1d,1,14,Marta,False,4.179476949896362
Wane 12%/wk @1d,1,14,Marta,True,
Wane 12%/wk @1d,1,14,Marta,True,
Wane 12%/wk @1d,1,14,Marta,False,3.6647381334511726
Wane 12%/wk @1d,1,14,Marta,True,
Wane 12%/wk @1d,1,14,Marta,False,3.5000728706390705
Wane 12%/wk @1d,1,14,Marta,False,3.6253961889188884
Wane 12%/wk @1d,1,14,Marta,False,4.097598690467329
Wane 12%/wk @1d,1,14,Marta,False,3.8809983198981985
Wane 12%/wk @1d,1,14,Marta,False,3.720537834030341
Wane 12%/wk @1d,1,14,Diego,False,4.036360009332535
Wane 12%/wk @1d,1,14,Diego,False,4.094244449692405
Wane 12%/wk @1d,1,14,Diego,False,4.2641848805920475
Wane 12%/wk @1d,1,14,Diego,False,4.364743090202409
Wane 12%/wk @1d,1,14,Diego,False,4.421834832755433
Wane 12%/wk @1d,1,14,Diego,False,3.5559909888666223
Wane 12%/wk @1d,1,14,Diego,False,5.052287693515677
Wane 12%/wk @1d,1,14,Diego,True,
Wane 12%/wk @1d,1,14,Diego,False,4.142954820458746
Wane 12%/wk @1d,1,14,Diego,False,3.562508434416444
Wane 12%/wk @1d,1,14,Diego,True,
Wane 12%/wk @1d,1,14,Diego,False,4.0262562538107645
Wane 12%/wk @1d,1,14,Diego,False,4.125155565161519
Wane 12%/wk @1d,1,14,Diego,False,4.860629952549812
Wane 12%/wk @1d,1,14,Diego,False,4.123970764675269
Wane 12%/wk @1d,1,14,Diego,False,4.022354989745489
Wane 12%/wk @1d,1,14,Diego,False,4.366596716774298
Wane 12%/wk @1d,1,14,Diego,False,4.095528892946443
Wane 12%/wk @1d,1,14,Diego,False,4.450008615023595
Wane 12%/wk @1d,1,14,Diego,False,4.6483837689253855
Wane 12%/wk @1d,1,14,Diego,False,4.759763149998624
Wane 12%/wk @1d,1,14,Diego,False,3.979230248166955
Wane 12%/wk @1d,1,14,Diego,True,
Wane 12%/wk @1d,1,14,Diego,False,4.263633444962623
Wane 12%/wk @1d,1,14,Diego,True,
Wane 12%/wk @1d,1,14,Diego,False,3.4474416028491137
Wane 12%/wk @1d,1,14,Diego,False,4.358205091378709
Wane 12%/wk @1d,1,14,Diego,True,
Wane 12%/wk @1d,1,14,Diego,False,4.094812435514634
Wane 12%/wk @1d,1,14,Diego,False,4.362386332300736
Wane 12%/wk @1d,1,14,Diego,False,3.6443801673610903
Wane 12%/wk @1d,1,14,Diego,False,4.3892596878987415
Wane 12%/wk @1d,1,14,Diego,True,
Wane 12%/wk @1d,1,14,Diego,True,
Wane 12%/wk @1d,1,14,Diego,False,3.744985067236776
Wane 12%/wk @1d,1,14,Diego,False,3.698606485465104
Wane 12%/wk @1d,1,14,Diego,True,
Wane 12%/wk @1d,1,14,Diego,False,4.471233499853837
Wane 12%/wk @1d,1,14,Diego,False,5.384416242855586
Wane 12%/wk @1d,1,14,Diego,True,
Wane 12%/wk @1d,1,14,Diego,False,3.781478619319738
Wane 12%/wk @1d,1,14,Diego,False,4.994568514866457
Wane 12%/wk @1d,1,14,Diego,False,3.890642810553291
Wane 12%/wk @1d,1,14,Diego,False,4.839702739573659
Wane 12%/wk @1d,1,14,Diego,False,4.190446711689359
Wane 12%/wk @1d,1,14,Diego,False,5.141184787436917
Wane 12%/wk @1d,1,14,Diego,False,3.5363751590524326
Wane 12%/wk @1d,1,14,Diego,False,4.224857054656933
Wane 12%/wk @1d,1,14,Diego,False,3.7308671248950884
Wane 12%/wk @1d,1,14,Diego,True,
Wane 12%/wk @1d,1,14,Diego,False,3.8779420182963715
Wane 12%/wk @1d,1,14,Diego,False,3.943810616138627
Wane 12%/wk @1d,1,14,Diego,False,3.6836594069524105
Wane 12%/wk @1d,1,14,Diego,False,3.5616200630150257
Wane 12%/wk @1d,1,14,Diego,False,4.5164676232701835
Wane 12%/wk @1d,1,14,Diego,False,4.443946169180563
Wane 12%/wk @1d,1,14,Diego,False,4.491744633845188
Wane 12%/wk @1d,1,14,Diego,False,3.987981162184931
Wane 12%/wk @1d,1,14,Diego,False,3.8029490329652607
Wane 12%/wk @1d,1,14,Diego,False,5.928795145391798
Wane 12%/wk @1d,1,14,Lucía,True,
Wane 12%/wk @1d,1,14,Lucía,False,5.571165244834467
Wane 12%/wk @1d,1,14,Lucía,True,
Wane 12%/wk @1d,1,14,Lucía,True,
Wane 12%/wk @1d,1,14,Lucía,False,6.621533947562969
Wane 12%/wk @1d,1,14,Lucía,True,
Wane 12%/wk @1d,1,14,Lucía,False,5.933115367820468
Wane 12%/wk @1d,1,14,Lucía,True,
Wane 12%/wk @1d,1,14,Lucía,True,
Wane 12%/wk @1d,1,14,Lucía,False,5.373378917648329
Wane 12%/wk @1d,1,14,Lucía,True,
Wane 12%/wk @1d,1,14,Lucía,False,5.582610584066471
Wane 12%/wk @1d,1,14,Lucía,True,
Wane 12%/wk @1d,1,14,Lucía,True,
Wane 12%/wk @1d,1,14,Lucía,True,
Wane 12%/wk @1d,1,14,Lucía,False,6.163134833505869
Wane 12%/wk @1d,1,14,Lucía,True,
Wane 12%/wk @1d,1,14,Lucía,True,
Wane 12%/wk @1d,1,14,Lucía,True,
Wane 12%/wk @1d,1,14,Lucía,True,
Wane 12%/wk @1d,1,14,Lucía,True,
Wane 12%/wk @1d,1,14,Lucía,True,
Wane 12%/wk @1d,1,14,Lucía,True,
Wane 12%/wk @1d,1,14,Lucía,True,
Wane 12%/wk @1d,1,14,Lucía,True,
Wane 12%/wk @1d,1,14,Lucía,True,
Wane 12%/wk @1d,1,14,Lucía,True,
Wane 12%/wk @1d,1,14,Lucía,True,
Wane 12%/wk @1d,1,14,Lucía,True,
Wane 12%/wk @1d,1,14,Lucía,False,5.508469190492781
Wane 12%/wk @1d,1,14,Lucía,True,
Wane 12%/wk @1d,1,14,Lucía,False,5.906446301751764
Wane 12%/wk @1d,1,14,Lucía,True,
Wane 12%/wk @1d,1,14,Lucía,True,
Wane 12%/wk @1d,1,14,Lucía,True,
Wane 12%/wk @1d,1,14,Lucía,False,5.529244761322964
Wane 12%/wk @1d,1,14,Lucía,True,
Wane 12%/wk @1d,1,14,Lucía,True,
Wane 12%/wk @1d,1,14,Lucía,True,
Wane 12%/wk @1d,1,14,Lucía,True,
Wane 12%/wk @1d,1,14,Lucía,True,
Wane 12%/wk @1d,1,14,Lucía,True,
Wane 12%/wk @1d,1,14,Lucía,True,
Wane 12%/wk @1d,1,14,Lucía,False,5.197632531422752
Wane 12%/wk @1d,1,14,Lucía,True,
Wane 12%/wk @1d,1,14,Lucía,False,5.406073147948013
Wane 12%/wk @1d,1,14,Lucía,False,6.590686948406984
Wane 12%/wk @1d,1,14,Lucía,True,
Wane 12%/wk @1d,1,14,Lucía,True,
Wane 12%/wk @1d,1,14,Lucía,True,
Wane 12%/wk @1d,1,14,Lucía,True,
Wane 12%/wk @1d,1,14,Lucía,True,
Wane 12%/wk @1d,1,14,Lucía,True,
Wane 12%/wk @1d,1,14,Lucía,True,
Wane 12%/wk @1d,1,14,Lucía,False,5.504232369852174
Wane 12%/wk @1d,1,14,Lucía,True,
Wane 12%/wk @1d,1,14,Lucía,False,4.343932659354009
Wane 12%/wk @1d,1,14,Lucía,False,5.474707773556235
Wane 12%/wk @1d,1,14,Lucía,True,
Wane 12%/wk @1d,1,14,Lucía,False,6.160224462896774
Wane 12%/wk @1d,1,14,Karim,True,
Wane 12%/wk @1d,1,14,Karim,False,6.063265021740026
Wane 12%/wk @1d,1,14,Karim,False,8.630884267293895
Wane 12%/wk @1d,1,14,Karim,True,
Wane 12%/wk @1d,1,14,Karim,False,7.1542355506102675
Wane 12%/wk @1d,1,14,Karim,False,5.6710054783593264
Wane 12%/wk @1d,1,14,Karim,False,5.858632179375845
Wane 12%/wk @1d,1,14,Karim,False,6.937010961553747
Wane 12%/wk @1d,1,14,Karim,False,6.977517015483793
Wane 12%/wk @1d,1,14,Karim,False,6.643616590823079
Wane 12%/wk @1d,1,14,Karim,True,
Wane 12%/wk @1d,1,14,Karim,False,7.037684718204391
Wane 12%/wk @1d,1,14,Karim,False,5.35060919184181
Wane 12%/wk @1d,1,14,Karim,False,6.642500523405507
Wane 12%/wk @1d,1,14,Karim,False,7.022674493684131
Wane 12%/wk @1d,1,14,Karim,False,7.450318891930633
Wane 12%/wk @1d,1,14,Karim,True,
Wane 12%/wk @1d,1,14,Karim,True,
Wane 12%/wk @1d,1,14,Karim,False,6.222815630518325
Wane 12%/wk @1d,1,14,Karim,False,5.450404134652793
Wane 12%/wk @1d,1,14,Karim,False,6.581520541655285
Wane 12%/wk @1d,1,14,Karim,False,5.493372611162971
Wane 12%/wk @1d,1,14,Karim,False,5.6511171252334345
Wane 12%/wk @1d,1,14,Karim,False,6.497476565273511
Wane 12%/wk @1d,1,14,Karim,False,5.100422017381751
Wane 12%/wk @1d,1,14,Karim,True,
Wane 12%/wk @1d,1,14,Karim,False,6.168333937219106
Wane 12%/wk @1d,1,14,Karim,False,5.461161409550873
Wane 12%/wk @1d,1,14,Karim,False,6.93460046975517
Wane 12%/wk @1d,1,14,Karim,False,5.624353772362221
Wane 12%/wk @1d,1,14,Karim,False,6.6886021491895455
Wane 12%/wk @1d,1,14,Karim,False,6.053353000863222
Wane 12%/wk @1d,1,14,Karim,False,6.301206464969999
Wane 12%/wk @1d,1,14,Karim,False,4.934867697580775
Wane 12%/wk @1d,1,14,Karim,False,5.503555423820318
Wane 12%/wk @1d,1,14,Karim,False,6.13503873582394
Wane 12%/wk @1d,1,14,Karim,True,
Wane 12%/wk @1d,1,14,Karim,False,6.7959934332036545
Wane 12%/wk @1d,1,14,Karim,False,7.106831307680421
Wane 12%/wk @1d,1,14,Karim,False,6.165360214739552
Wane 12%/wk @1d,1,14,Karim,False,4.763377968524288
Wane 12%/wk @1d,1,14,Karim,False,6.15355695274447
Wane 12%/wk @1d,1,14,Karim,True,
Wane 12%/wk @1d,1,14,Karim,False,7.036806210113702
Wane 12%/wk @1d,1,14,Karim,False,6.10492905828175
Wane 12%/wk @1d,1,14,Karim,True,
Wane 12%/wk @1d,1,14,Karim,False,5.850344078979294
Wane 12%/wk @1d,1,14,Karim,True,
Wane 12%/wk @1d,1,14,Karim,True,
Wane 12%/wk @1d,1,14,Karim,False,5.623555713794852
Wane 12%/wk @1d,1,14,Karim,False,6.91731991688166
Wane 12%/wk @1d,1,14,Karim,False,5.3237109766705295
Wane 12%/wk @1d,1,14,Karim,False,5.79190241397028
Wane 12%/wk @1d,1,14,Karim,True,
Wane 12%/wk @1d,1,14,Karim,False,6.810475655752312
Wane 12%/wk @1d,1,14,Karim,False,6.671615464992573
Wane 12%/wk @1d,1,14,Karim,False,6.124735662712518
Wane 12%/wk @1d,1,14,Karim,True,
Wane 12%/wk @1d,1,14,Karim,False,6.855246216510637
Wane 12%/wk @1d,1,14,Karim,False,6.329115443295169
Wane 12%/wk @1d,1,14,Ana,False,2.728912953048862
Wane 12%/wk @1d,1,14,Ana,False,2.7574645081815934
Wane 12%/wk @1d,1,14,Ana,False,2.926210710926322
Wane 12%/wk @1d,1,14,Ana,False,2.985550420679583
Wane 12%/wk @1d,1,14,Ana,False,2.739296754575902
Wane 12%/wk @1d,1,14,Ana,False,2.6298013477827675
Wane 12%/wk @1d,1,14,Ana,False,2.6919344302715023
Wane 12%/wk @1d,1,14,Ana,False,2.886249109912543
Wane 12%/wk @1d,1,14,Ana,False,2.746373368218721
Wane 12%/wk @1d,1,14,Ana,False,2.6303168808735187
Wane 12%/wk @1d,1,14,Ana,False,2.970160071000597
Wane 12%/wk @1d,1,14,Ana,False,2.7238153239741156
Wane 12%/wk @1d,1,14,Ana,False,2.6618520319487775
Wane 12%/wk @1d,1,14,Ana,False,2.865392173124503
Wane 12%/wk @1d,1,14,Ana,False,2.6302802466617377
Wane 12%/wk @1d,1,14,Ana,False,2.721400849625154
Wane 12%/wk @1d,1,14,Ana,False,2.9264247910823524
Wane 12%/wk @1d,1,14,Ana,False,2.8183325127547794
Wane 12%/wk @1d,1,14,Ana,False,2.6657840565749282
Wane 12%/wk @1d,1,14,Ana,False,2.7601164017506363
Wane 12%/wk @1d,1,14,Ana,False,2.7017867686036836
Wane 12%/wk @1d,1,14,Ana,False,2.7141829886411535
Wane 12%/wk @1d,1,14,Ana,False,2.6602649844626556
Wane 12%/wk @1d,1,14,Ana,False,3.095498921167959
Wane 12%/wk @1d,1,14,Ana,False,2.764897200382708
Wane 12%/wk @1d,1,14,Ana,False,2.8676329012764845
Wane 12%/wk @1d,1,14,Ana,False,2.7714619806230916
Wane 12%/wk @1d,1,14,Ana,False,2.869666681578102
Wane 12%/wk @1d,1,14,Ana,False,2.597148982851986
Wane 12%/wk @1d,1,14,Ana,False,2.775387652139192
Wane 12%/wk @1d,1,14,Ana,False,2.721321985832005
Wane 12%/wk @1d,1,14,Ana,False,2.735927971671662
Wane 12%/wk @1d,1,14,Ana,False,2.7213219858320037
Wane 12%/wk @1d,1,14,Ana,False,2.932679257074104
Wane 12%/wk @1d,1,14,Ana,False,2.6545158506658244
Wane 12%/wk @1d,1,14,Ana,False,2.67601135688745
Wane 12%/wk @1d,1,14,Ana,False,2.68135446833635
Wane 12%/wk @1d,1,14,Ana,False,2.7104669378762964
Wane 12%/wk @1d,1,14,Ana,False,2.703028679947188
Wane 12%/wk @1d,1,14,Ana,False,2.7753548904365912
Wane 12%/wk @1d,1,14,Ana,False,2.6276506824718275
Wane 12%/wk @1d,1,14,Ana,False,2.936813315451955
Wane 12%/wk @1d,1,14,Ana,False,2.9055138379462906
Wane 12%/wk @1d,1,14,Ana,False,2.597148982851986
Wane 12%/wk @1d,1,14,Ana,False,2.7568271003612077
Wane 12%/wk @1d,1,14,Ana,False,2.5980305847075758
Wane 12%/wk @1d,1,14,Ana,False,2.952396586599779
Wane 12%/wk @1d,1,14,Ana,False,2.7639921047814657
Wane 12%/wk @1d,1,14,Ana,False,2.843209002369204
Wane 12%/wk @1d,1,14,Ana,False,2.883587430180171
Wane 12%/wk @1d,1,14,Ana,False,2.9166838794101846
Wane 12%/wk @1d,1,14,Ana,False,2.776548999368576
Wane 12%/wk @1d,1,14,Ana,False,2.8067916234769332
Wane 12%/wk @1d,1,14,Ana,False,2.6051195052556033
Wane 12%/wk @1d,1,14,Ana,False,2.7496060693626196
Wane 12%/wk @1d,1,14,Ana,False,2.6076203860418246
Wane 12%/wk @1d,1,14,Ana,False,2.925524503929278
Wane 12%/wk @1d,1,14,Ana,False,2.6585491247175583
Wane 12%/wk @1d,1,14,Ana,False,2.9677138613050067
Wane 12%/wk @1d,1,14,Ana,False,3.0246596234820773
B fast vs last 5 days @1d,1,14,Marta,False,4.0133097373725315
B fast vs last 5 days @1d,1,14,Marta,False,5.109799947717899
B fast vs last 5 days @1d,1,14,Marta,False,6.132241316792003
B fast vs last 5 days @1d,1,14,Marta,False,4.890325703728937
B fast vs last 5 days @1d,1,14,Marta,False,5.12961877208993
B fast vs last 5 days @1d,1,14,Marta,False,5.873627735213552
B fast vs last 5 days @1d,1,14,Marta,False,5.385681434185367
B fast vs last 5 days @1d,1,14,Marta,False,4.563587616613361
B fast vs last 5 days @1d,1,14,Marta,False,5.059092219704624
B fast vs last 5 days @1d,1,14,Marta,False,5.697512708512632
B fast vs last 5 days @1d,1,14,Marta,False,5.168613394504736
B fast vs last 5 days @1d,1,14,Marta,False,4.93768339312801
B fast vs last 5 days @1d,1,14,Marta,False,5.526386086442761
B fast vs last 5 days @1d,1,14,Marta,False,4.848770464039823
B fast vs last 5 days @1d,1,14,Marta,False,5.366241540552364
B fast vs last 5 days @1d,1,14,Marta,False,6.664680971440708
B fast vs last 5 days @1d,1,14,Marta,False,5.815122313259089
B fast vs last 5 days @1d,1,14,Marta,False,4.892588094848092
B fast vs last 5 days @1d,1,14,Marta,False,5.4753701413548495
B fast vs last 5 days @1d,1,14,Marta,False,5.882789068172567
B fast vs last 5 days @1d,1,14,Marta,False,5.400327450588201
B fast vs last 5 days @1d,1,14,Marta,False,5.0780399512615935
B fast vs last 5 days @1d,1,14,Marta,False,4.911861573311425
B fast vs last 5 days @1d,1,14,Marta,False,5.541414732797354
B fast vs last 5 days @1d,1,14,Marta,False,4.551726625663059
B fast vs last 5 days @1d,1,14,Marta,False,5.158824085936202
B fast vs last 5 days @1d,1,14,Marta,False,5.930192720755442
B fast vs last 5 days @1d,1,14,Marta,False,5.46377611854859
B fast vs last 5 days @1d,1,14,Marta,False,5.835482306304029
B fast vs last 5 days @1d,1,14,Marta,False,4.7593465646288395
B fast vs last 5 days @1d,1,14,Marta,False,6.098481086957073
B fast vs last 5 days @1d,1,14,Marta,False,4.613011274054166
B fast vs last 5 days @1d,1,14,Marta,False,4.244164628934909
B fast vs last 5 days @1d,1,14,Marta,False,5.530787433644344
B fast vs last 5 days @1d,1,14,Marta,False,4.89154617027628
B fast vs last 5 days @1d,1,14,Marta,False,4.837602786747359
B fast vs last 5 days @1d,1,14,Marta,False,4.6006992314915145
B fast vs last 5 days @1d,1,14,Marta,False,5.567759973244645
B fast vs last 5 days @1d,1,14,Marta,False,5.311252485003849
B fast vs last 5 days @1d,1,14,Marta,False,6.140312017471914
B fast vs last 5 days @1d,1,14,Marta,False,5.2206118573191915
B fast vs last 5 days @1d,1,14,Marta,False,4.375349579529957
B fast vs last 5 days @1d,1,14,Marta,False,4.455862564813198
B fast vs last 5 days @1d,1,14,Marta,False,6.541518577632084
B fast vs last 5 days @1d,1,14,Marta,False,6.1004196479120685
B fast vs last 5 days @1d,1,14,Marta,False,6.530595688526475
B fast vs last 5 days @1d,1,14,Marta,False,4.798054466491514
B fast vs last 5 days @1d,1,14,Marta,False,4.679482174582718
B fast vs last 5 days @1d,1,14,Marta,False,4.30474983623853
B fast vs last 5 days @1d,1,14,Marta,False,4.104226340480418
B fast vs last 5 days @1d,1,14,Marta,False,4.4651641537078754
B fast vs last 5 days @1d,1,14,Marta,False,4.310912538100048
B fast vs last 5 days @1d,1,14,Marta,False,5.0336573627908106
B fast vs last 5 days @1d,1,14,Marta,False,5.649380466891746
B fast vs last 5 days @1d,1,14,Marta,False,5.577659603835959
B fast vs last 5 days @1d,1,14,Marta,False,7.09329778788662
B fast vs last 5 days @1d,1,14,Marta,False,4.492394028211949
B fast vs last 5 days @1d,1,14,Marta,False,4.7362008350439115
B fast vs last 5 days @1d,1,14,Marta,False,6.232149083113549
B fast vs last 5 days @1d,1,14,Marta,False,5.197410811909699
B fast vs last 5 days @1d,1,14,Diego,False,9.301754271296097
B fast vs last 5 days @1d,1,14,Diego,False,10.113372916607354
B fast vs last 5 days @1d,1,14,Diego,False,9.31372452225424
B fast vs last 5 days @1d,1,14,Diego,False,9.621828657365889
B fast vs last 5 days @1d,1,14,Diego,False,7.415969338650034
B fast vs last 5 days @1d,1,14,Diego,False,8.901049187105398
B fast vs last 5 days @1d,1,14,Diego,False,10.77527147904444
B fast vs last 5 days @1d,1,14,Diego,False,9.950115911476273
B fast vs last 5 days @1d,1,14,Diego,False,10.460685568029831
B fast vs last 5 days @1d,1,14,Diego,False,8.477857052519804
B fast vs last 5 days @1d,1,14,Diego,False,8.754186181842611
B fast vs last 5 days @1d,1,14,Diego,False,10.328716039147269
B fast vs last 5 days @1d,1,14,Diego,False,8.837607708453698
B fast vs last 5 days @1d,1,14,Diego,False,9.567812888120226
B fast vs last 5 days @1d,1,14,Diego,False,10.726761184608712
B fast vs last 5 days @1d,1,14,Diego,False,9.182371612772362
B fast vs last 5 days @1d,1,14,Diego,False,7.8689913627414505
B fast vs last 5 days @1d,1,14,Diego,False,9.161130876037216
B fast vs last 5 days @1d,1,14,Diego,False,9.190638666067194
B fast vs last 5 days @1d,1,14,Diego,False,8.181908001535744
B fast vs last 5 days @1d,1,14,Diego,False,8.11376399877043
B fast vs last 5 days @1d,1,14,Diego,False,8.394240461303355
B fast vs last 5 days @1d,1,14,Diego,False,10.79278188677788
B fast vs last 5 days @1d,1,14,Diego,False,9.654274036035517
B fast vs last 5 days @1d,1,14,Diego,False,8.613185489333436
B fast vs last 5 days @1d,1,14,Diego,False,10.742889820743622
B fast vs last 5 days @1d,1,14,Diego,False,10.020547032964615
B fast vs last 5 days @1d,1,14,Diego,False,8.48771548610639
B fast vs last 5 days @1d,1,14,Diego,False,7.459394948634555
B fast vs last 5 days @1d,1,14,Diego,False,9.132208026265443
B fast vs last 5 days @1d,1,14,Diego,False,9.138833668154861
B fast vs last 5 days @1d,1,14,Diego,False,9.331817579300854
B fast vs last 5 days @1d,1,14,Diego,False,8.843937166888425
B fast vs last 5 days @1d,1,14,Diego,False,7.954515934386667
B fast vs last 5 days @1d,1,14,Diego,False,11.023417108890072
B fast vs last 5 days @1d,1,14,Diego,False,9.855060311498095
B fast vs last 5 days @1d,1,14,Diego,False,10.24367350564064
B fast vs last 5 days @1d,1,14,Diego,False,9.380484101302896
B fast vs last 5 days @1d,1,14,Diego,False,9.583023533386829
B fast vs last 5 days @1d,1,14,Diego,False,8.959185036836057
B fast vs last 5 days @1d,1,14,Diego,False,10.23348621022271
B fast vs last 5 days @1d,1,14,Diego,False,8.282032951052301
B fast vs last 5 days @1d,1,14,Diego,False,10.023303657591214
B fast vs last 5 days @1d,1,14,Diego,False,11.180344705337804
B fast vs last 5 days @1d,1,14,Diego,False,9.05575990548778
B fast vs last 5 days @1d,1,14,Diego,False,9.82733054604777
B fast vs last 5 days @1d,1,14,Diego,False,7.8105316800356075
B fast vs last 5 days @1d,1,14,Diego,False,8.391749124243054
B fast vs last 5 days @1d,1,14,Diego,False,8.593126155829061
B fast vs last 5 days @1d,1,14,Diego,False,8.44725725354044
B fast vs last 5 days @1d,1,14,Diego,False,9.773339913033528
B fast vs last 5 days @1d,1,14,Diego,False,9.697499577164011
B fast vs last 5 days @1d,1,14,Diego,False,9.668782384408265
B fast vs last 5 days @1d,1,14,Diego,False,8.698512017678322
B fast vs last 5 days @1d,1,14,Diego,False,8.821468027302117
B fast vs last 5 days @1d,1,14,Diego,False,8.505850368889403
B fast vs last 5 days @1d,1,14,Diego,False,8.738656871431543
B fast vs last 5 days @1d,1,14,Diego,False,10.51578469173848
B fast vs last 5 days @1d,1,14,Diego,False,8.265531295695673
B fast vs last 5 days @1d,1,14,Diego,False,8.743555065684747
B fast vs last 5 days @1d,1,14,Lucía,False,7.589766419112955
B fast vs last 5 days @1d,1,14,Lucía,False,6.996823043529954
B fast vs last 5 days @1d,1,14,Lucía,False,6.901150267969671
B fast vs last 5 days @1d,1,14,Lucía,True,
B fast vs last 5 days @1d,1,14,Lucía,False,8.183587862001504
B fast vs last 5 days @1d,1,14,Lucía,False,6.873662648009802
B fast vs last 5 days @1d,1,14,Lucía,False,6.7470171652055795
B fast vs last 5 days @1d,1,14,Lucía,True,
B fast vs last 5 days @1d,1,14,Lucía,True,
B fast vs last 5 days @1d,1,14,Lucía,True,
B fast vs last 5 days @1d,1,14,Lucía,True,
B fast vs last 5 days @1d,1,14,Lucía,False,7.076473755156733
B fast vs last 5 days @1d,1,14,Lucía,False,7.958663996743367
B fast vs last 5 days @1d,1,14,Lucía,True,
B fast vs last 5 days @1d,1,14,Lucía,False,6.870305322168215
B fast vs last 5 days @1d,1,14,Lucía,False,7.983661378640511
B fast vs last 5 days @1d,1,14,Lucía,False,7.902748503117487
B fast vs last 5 days @1d,1,14,Lucía,False,8.544514487717668
B fast vs last 5 days @1d,1,14,Lucía,False,7.589472607576082
B fast vs last 5 days @1d,1,14,Lucía,False,7.625511301712276
B fast vs last 5 days @1d,1,14,Lucía,False,7.094572128461546
B fast vs last 5 days @1d,1,14,Lucía,False,7.378051669474895
B fast vs last 5 days @1d,1,14,Lucía,False,6.938605177829663
B fast vs last 5 days @1d,1,14,Lucía,False,7.0413505767856215
B fast vs last 5 days @1d,1,14,Lucía,False,7.863692639981355
B fast vs last 5 days @1d,1,14,Lucía,True,
B fast vs last 5 days @1d,1,14,Lucía,False,8.33651119943994
B fast vs last 5 days @1d,1,14,Lucía,True,
B fast vs last 5 days @1d,1,14,Lucía,False,8.164354446596382
B fast vs last 5 days @1d,1,14,Lucía,False,7.107205857119229
B fast vs last 5 days @1d,1,14,Lucía,True,
B fast vs last 5 days @1d,1,14,Lucía,False,7.162331652595917
B fast vs last 5 days @1d,1,14,Lucía,True,
B fast vs last 5 days @1d,1,14,Lucía,True,
B fast vs last 5 days @1d,1,14,Lucía,False,6.804693438686653
B fast vs last 5 days @1d,1,14,Lucía,False,6.8142509664455355
B fast vs last 5 days @1d,1,14,Lucía,False,6.494794776336681
B fast vs last 5 days @1d,1,14,Lucía,False,7.632225430381886
B fast vs last 5 days @1d,1,14,Lucía,True,
B fast vs last 5 days @1d,1,14,Lucía,True,
B fast vs last 5 days @1d,1,14,Lucía,False,7.695176399253289
B fast vs last 5 days @1d,1,14,Lucía,False,8.343955177519172
B fast vs last 5 days @1d,1,14,Lucía,False,7.617051929441249
B fast vs last 5 days @1d,1,14,Lucía,False,7.508816065508351
B fast vs last 5 days @1d,1,14,Lucía,False,7.002234147449367
B fast vs last 5 days @1d,1,14,Lucía,False,7.477496115655579
B fast vs last 5 days @1d,1,14,Lucía,True,
B fast vs last 5 days @1d,1,14,Lucía,True,
B fast vs last 5 days @1d,1,14,Lucía,False,7.425741995281833
B fast vs last 5 days @1d,1,14,Lucía,False,7.000906856030126
B fast vs last 5 days @1d,1,14,Lucía,False,7.288590434573698
B fast vs last 5 days @1d,1,14,Lucía,False,7.208367350100119
B fast vs last 5 days @1d,1,14,Lucía,False,7.229602258124178
B fast vs last 5 days @1d,1,14,Lucía,False,8.183911119196466
B fast vs last 5 days @1d,1,14,Lucía,False,6.587800693818014
B fast vs last 5 days @1d,1,14,Lucía,False,8.347236663685795
B fast vs last 5 days @1d,1,14,Lucía,False,6.798414875768668
B fast vs last 5 days @1d,1,14,Lucía,True,
B fast vs last 5 days @1d,1,14,Lucía,False,7.529539250373123
B fast vs last 5 days @1d,1,14,Lucía,False,7.960424923133641
B fast vs last 5 days @1d,1,14,Karim,False,12.215558461782598
B fast vs last 5 days @1d,1,14,Karim,False,12.380149746636151
B fast vs last 5 days @1d,1,14,Karim,False,12.064996125256968
B fast vs last 5 days @1d,1,14,Karim,False,11.55359501510488
B fast vs last 5 days @1d,1,14,Karim,False,13.21164960763528
B fast vs last 5 days @1d,1,14,Karim,False,11.915667584508103
B fast vs last 5 days @1d,1,14,Karim,False,12.102163438538705
B fast vs last 5 days @1d,1,14,Karim,False,12.006308553063832
B fast vs last 5 days @1d,1,14,Karim,False,11.828338246311699
B fast vs last 5 days @1d,1,14,Karim,False,11.636342155723547
B fast vs last 5 days @1d,1,14,Karim,False,11.923128302968426
B fast vs last 5 days @1d,1,14,Karim,False,11.789477000508246
B fast vs last 5 days @1d,1,14,Karim,False,11.70625371995226
B fast vs last 5 days @1d,1,14,Karim,False,11.276563650669202
B fast vs last 5 days @1d,1,14,Karim,False,12.0818587746797
B fast vs last 5 days @1d,1,14,Karim,False,11.935196327698035
B fast vs last 5 days @1d,1,14,Karim,False,11.474593522157843
B fast vs last 5 days @1d,1,14,Karim,False,12.64230660400669
B fast vs last 5 days @1d,1,14,Karim,False,13.074319456515733
B fast vs last 5 days @1d,1,14,Karim,False,12.25890545358477
B fast vs last 5 days @1d,1,14,Karim,False,13.015996044749272
B fast vs last 5 days @1d,1,14,Karim,False,12.35994303781462
B fast vs last 5 days @1d,1,14,Karim,False,10.841125942149949
B fast vs last 5 days @1d,1,14,Karim,False,11.542629487505998
B fast vs last 5 days @1d,1,14,Karim,False,11.02401477245781
B fast vs last 5 days @1d,1,14,Karim,False,12.456308288035824
B fast vs last 5 days @1d,1,14,Karim,False,11.411507932097427
B fast vs last 5 days @1d,1,14,Karim,False,11.017537763620616
B fast vs last 5 days @1d,1,14,Karim,False,11.771431199218155
B fast vs last 5 days @1d,1,14,Karim,False,11.55731617873721
B fast vs last 5 days @1d,1,14,Karim,False,11.762713278300954
B fast vs last 5 days @1d,1,14,Karim,False,11.837050961410625
B fast vs last 5 days @1d,1,14,Karim,False,12.425100618874193
B fast vs last 5 days @1d,1,14,Karim,False,10.91879054469403
B fast vs last 5 days @1d,1,14,Karim,False,10.750791590347129
B fast vs last 5 days @1d,1,14,Karim,False,12.156492372547543
B fast vs last 5 days @1d,1,14,Karim,False,12.048183898847551
B fast vs last 5 days @1d,1,14,Karim,False,11.953150107237674
B fast vs last 5 days @1d,1,14,Karim,False,11.689169670749028
B fast vs last 5 days @1d,1,14,Karim,False,10.864801086887109
B fast vs last 5 days @1d,1,14,Karim,False,11.752787608924292
B fast vs last 5 days @1d,1,14,Karim,False,12.234917254073551
B fast vs last 5 days @1d,1,14,Karim,False,11.146341104795358
B fast vs last 5 days @1d,1,14,Karim,False,12.04706886773084
B fast vs last 5 days @1d,1,14,Karim,False,11.34676537665169
B fast vs last 5 days @1d,1,14,Karim,False,12.259334667609092
B fast vs last 5 days @1d,1,14,Karim,False,13.3005878131651
B fast vs last 5 days @1d,1,14,Karim,False,12.351029846093837
B fast vs last 5 days @1d,1,14,Karim,False,12.926896033299633
B fast vs last 5 days @1d,1,14,Karim,False,11.3435135368361
B fast vs last 5 days @1d,1,14,Karim,False,10.926551308875782
B fast vs last 5 days @1d,1,14,Karim,False,11.427287612470238
B fast vs last 5 days @1d,1,14,Karim,False,12.02240875407288
B fast vs last 5 days @1d,1,14,Karim,False,10.84041848489596
B fast vs last 5 days @1d,1,14,Karim,False,11.965321226178341
B fast vs last 5 days @1d,1,14,Karim,False,11.58779165065628
B fast vs last 5 days @1d,1,14,Karim,False,12.544904722430507
B fast vs last 5 days @1d,1,14,Karim,False,11.415895513257727
B fast vs last 5 days @1d,1,14,Karim,False,12.016720457773364
B fast vs last 5 days @1d,1,14,Karim,False,11.720449985984905
B fast vs last 5 days @1d,1,14,Ana,False,5.41785740862232
B fast vs last 5 days @1d,1,14,Ana,False,5.469597951175399
B fast vs last 5 days @1d,1,14,Ana,False,4.931602303027919
B fast vs last 5 days @1d,1,14,Ana,False,4.165593838649162
B fast vs last 5 days @1d,1,14,Ana,False,4.866953384706912
B fast vs last 5 days @1d,1,14,Ana,False,4.78787943696831
B fast vs last 5 days @1d,1,14,Ana,False,4.686559478415768
B fast vs last 5 days @1d,1,14,Ana,False,6.096922200546014
B fast vs last 5 days @1d,1,14,Ana,False,4.128244094172945
B fast vs last 5 days @1d,1,14,Ana,False,3.8068784752325975
B fast vs last 5 days @1d,1,14,Ana,False,6.5544179926315795
B fast vs last 5 days @1d,1,14,Ana,False,5.68139082471234
B fast vs last 5 days @1d,1,14,Ana,False,5.4317507926139
B fast vs last 5 days @1d,1,14,Ana,False,4.5446454342359335
B fast vs last 5 days @1d,1,14,Ana,False,3.9733056426519964
B fast vs last 5 days @1d,1,14,Ana,False,7.584560073940424
B fast vs last 5 days @1d,1,14,Ana,False,5.64404178728561
B fast vs last 5 days @1d,1,14,Ana,False,6.5487989701257305
B fast vs last 5 days @1d,1,14,Ana,False,4.831919758451686
B fast vs last 5 days @1d,1,14,Ana,False,6.833530033018351
B fast vs last 5 days @1d,1,14,Ana,False,5.565555815821628
B fast vs last 5 days @1d,1,14,Ana,False,5.94528055291632
B fast vs last 5 days @1d,1,14,Ana,False,6.417075643863434
B fast vs last 5 days @1d,1,14,Ana,False,5.0375575404963175
B fast vs last 5 days @1d,1,14,Ana,False,5.776421780749045
B fast vs last 5 days @1d,1,14,Ana,False,5.422213070275524
B fast vs last 5 days @1d,1,14,Ana,False,5.512470679215418
B fast vs last 5 days @1d,1,14,Ana,False,5.050842233196227
B fast vs last 5 days @1d,1,14,Ana,False,4.975467114430427
B fast vs last 5 days @1d,1,14,Ana,False,4.825261004440488
B fast vs last 5 days @1d,1,14,Ana,False,4.088305676791964
B fast vs last 5 days @1d,1,14,Ana,False,4.928002450878106
B fast vs last 5 days @1d,1,14,Ana,False,6.135311469019635
B fast vs last 5 days @1d,1,14,Ana,False,5.021163256723221
B fast vs last 5 days @1d,1,14,Ana,False,5.227943488649459
B fast vs last 5 days @1d,1,14,Ana,False,4.1850258449275115
B fast vs last 5 days @1d,1,14,Ana,False,4.788663480423799
B fast vs last 5 days @1d,1,14,Ana,False,3.8270450388260318
B fast vs last 5 days @1d,1,14,Ana,False,5.710240940591237
B fast vs last 5 days @1d,1,14,Ana,False,4.117960895325935
B fast vs last 5 days @1d,1,14,Ana,False,6.118535010776236
B fast vs last 5 days @1d,1,14,Ana,False,6.85761712078069
B fast vs last 5 days @1d,1,14,Ana,False,4.509310293792615
B fast vs last 5 days @1d,1,14,Ana,False,3.991146335263589
B fast vs last 5 days @1d,1,14,Ana,False,4.928404412928379
B fast vs last 5 days @1d,1,14,Ana,False,6.253080630524392
B fast vs last 5 days @1d,1,14,Ana,False,5.759179015499332
B fast vs last 5 days @1d,1,14,Ana,False,4.156776014894071
B fast vs last 5 days @1d,1,14,Ana,False,4.571235090587345
B fast vs last 5 days @1d,1,14,Ana,False,4.9699337590956345
B fast vs last 5 days @1d,1,14,Ana,False,6.858148527939576
B fast vs last 5 days @1d,1,14,Ana,False,5.914564500883228
B fast vs last 5 days @1d,1,14,Ana,False,5.143830626558305
B fast vs last 5 days @1d,1,14,Ana,False,4.720166673584617
B fast vs last 5 days @1d,1,14,Ana,False,5.02025157041638
B fast vs last 5 days @1d,1,14,Ana,False,4.671010323864594
B fast vs last 5 days @1d,1,14,Ana,False,5.391154652073378
B fast vs last 5 days @1d,1,14,Ana,False,4.844125080361116
B fast vs last 5 days @1d,1,14,Ana,False,5.631402588044486
B fast vs last 5 days @1d,1,14,Ana,False,7.493684394859874
D fast vs own baseline @1d,1,14,Marta,False,5.413061469532846
D fast vs own baseline @1d,1,14,Marta,False,6.958554936068302
D fast vs own baseline @1d,1,14,Marta,False,6.243694454949445
D fast vs own baseline @1d,1,14,Marta,False,7.276588253970324
D fast vs own baseline @1d,1,14,Marta,False,7.2238411686215285
D fast vs own baseline @1d,1,14,Marta,False,7.864584832311935
D fast vs own baseline @1d,1,14,Marta,False,6.3481815533072865
D fast vs own baseline @1d,1,14,Marta,False,6.605009056501853
D fast vs own baseline @1d,1,14,Marta,False,7.837021843431346
D fast vs own baseline @1d,1,14,Marta,False,8.996844703097622
D fast vs own baseline @1d,1,14,Marta,False,7.963819257255381
D fast vs own baseline @1d,1,14,Marta,False,7.7916259553750296
D fast vs own baseline @1d,1,14,Marta,False,7.39584132561992
D fast vs own baseline @1d,1,14,Marta,False,6.893593793304205
D fast vs own baseline @1d,1,14,Marta,False,7.745982731755122
D fast vs own baseline @1d,1,14,Marta,False,7.290304716417462
D fast vs own baseline @1d,1,14,Marta,False,8.697316594097584
D fast vs own baseline @1d,1,14,Marta,False,6.342390677793636
D fast vs own baseline @1d,1,14,Marta,False,7.6530201857664375
D fast vs own baseline @1d,1,14,Marta,False,6.033572336369491
D fast vs own baseline @1d,1,14,Marta,False,7.851635898046135
D fast vs own baseline @1d,1,14,Marta,False,6.701651119873879
D fast vs own baseline @1d,1,14,Marta,False,7.140979536924925
D fast vs own baseline @1d,1,14,Marta,False,7.46804726892038
D fast vs own baseline @1d,1,14,Marta,False,6.508612501286167
D fast vs own baseline @1d,1,14,Marta,False,6.841577352780345
D fast vs own baseline @1d,1,14,Marta,False,8.955937432702408
D fast vs own baseline @1d,1,14,Marta,False,6.675887130430067
D fast vs own baseline @1d,1,14,Marta,False,7.626547128590321
D fast vs own baseline @1d,1,14,Marta,False,6.499063299911566
D fast vs own baseline @1d,1,14,Marta,False,7.713714781476148
D fast vs own baseline @1d,1,14,Marta,False,6.357024941051058
D fast vs own baseline @1d,1,14,Marta,False,6.843393642966303
D fast vs own baseline @1d,1,14,Marta,False,6.0047975370863
D fast vs own baseline @1d,1,14,Marta,False,7.194974883231695
D fast vs own baseline @1d,1,14,Marta,False,7.753229314814274
D fast vs own baseline @1d,1,14,Marta,False,6.332523591875437
D fast vs own baseline @1d,1,14,Marta,False,6.0828878008505605
D fast vs own baseline @1d,1,14,Marta,False,6.354688174000674
D fast vs own baseline @1d,1,14,Marta,False,6.6214454677656045
D fast vs own baseline @1d,1,14,Marta,False,6.52069846481418
D fast vs own baseline @1d,1,14,Marta,False,7.285813103175681
D fast vs own baseline @1d,1,14,Marta,False,6.673067003951514
D fast vs own baseline @1d,1,14,Marta,False,8.02483301056498
D fast vs own baseline @1d,1,14,Marta,False,7.274608362256885
D fast vs own baseline @1d,1,14,Marta,False,7.998981227277981
D fast vs own baseline @1d,1,14,Marta,False,7.123854514055242
D fast vs own baseline @1d,1,14,Marta,False,6.35964001649797
D fast vs own baseline @1d,1,14,Marta,False,6.816203008210765
D fast vs own baseline @1d,1,14,Marta,False,6.09960116013973
D fast vs own baseline @1d,1,14,Marta,False,6.217037107034657
D fast vs own baseline @1d,1,14,Marta,False,6.893506039934557
D fast vs own baseline @1d,1,14,Marta,False,6.487288260439096
D fast vs own baseline @1d,1,14,Marta,False,8.010045696427914
D fast vs own baseline @1d,1,14,Marta,False,6.334898202361908
D fast vs own baseline @1d,1,14,Marta,False,7.33534192076914
D fast vs own baseline @1d,1,14,Marta,False,7.606636466033152
D fast vs own baseline @1d,1,14,Marta,False,7.278025413481419
D fast vs own baseline @1d,1,14,Marta,False,7.655841215858648
D fast vs own baseline @1d,1,14,Marta,False,7.2623716074693325
D fast vs own baseline @1d,1,14,Diego,False,8.837061907471396
D fast vs own baseline @1d,1,14,Diego,False,8.778892699834094
D fast vs own baseline @1d,1,14,Diego,False,10.194222749655545
D fast vs own baseline @1d,1,14,Diego,False,10.573874931331886
D fast vs own baseline @1d,1,14,Diego,False,9.01326171651262
D fast vs own baseline @1d,1,14,Diego,False,10.10943341791746
D fast vs own baseline @1d,1,14,Diego,False,10.531761868931016
D fast vs own baseline @1d,1,14,Diego,False,9.15625142177613
D fast vs own baseline @1d,1,14,Diego,False,9.676271801155167
D fast vs own baseline @1d,1,14,Diego,False,10.093762587585987
D fast vs own baseline @1d,1,14,Diego,False,9.908596712361357
D fast vs own baseline @1d,1,14,Diego,False,9.20870682563815
D fast vs own baseline @1d,1,14,Diego,False,9.447158566910717
D fast vs own baseline @1d,1,14,Diego,False,10.114072406905272
D fast vs own baseline @1d,1,14,Diego,False,8.728810164347
D fast vs own baseline @1d,1,14,Diego,False,8.924773621757055
D fast vs own baseline @1d,1,14,Diego,False,9.3094352724526
D fast vs own baseline @1d,1,14,Diego,False,8.663577594430295
D fast vs own baseline @1d,1,14,Diego,False,9.452481955389107
D fast vs own baseline @1d,1,14,Diego,False,7.19930379183649
D fast vs own baseline @1d,1,14,Diego,False,9.038657074262352
D fast vs own baseline @1d,1,14,Diego,False,8.090042226824547
D fast vs own baseline @1d,1,14,Diego,False,11.212052423478504
D fast vs own baseline @1d,1,14,Diego,False,10.665883273419732
D fast vs own baseline @1d,1,14,Diego,False,9.626143092420406
D fast vs own baseline @1d,1,14,Diego,False,8.348649537571765
D fast vs own baseline @1d,1,14,Diego,False,12.59258925629545
D fast vs own baseline @1d,1,14,Diego,False,9.998119213327167
D fast vs own baseline @1d,1,14,Diego,False,8.569417177439977
D fast vs own baseline @1d,1,14,Diego,False,8.759377223286144
D fast vs own baseline @1d,1,14,Diego,False,8.160885569685897
D fast vs own baseline @1d,1,14,Diego,False,6.88699876837979
D fast vs own baseline @1d,1,14,Diego,False,9.4533170234969
D fast vs own baseline @1d,1,14,Diego,False,8.133900862196587
D fast vs own baseline @1d,1,14,Diego,False,10.308436765335454
D fast vs own baseline @1d,1,14,Diego,False,9.013075413075262
D fast vs own baseline @1d,1,14,Diego,False,11.781164838221684
D fast vs own baseline @1d,1,14,Diego,False,8.2884035761788
D fast vs own baseline @1d,1,14,Diego,False,9.010098591808335
D fast vs own baseline @1d,1,14,Diego,False,9.75483485682492
D fast vs own baseline @1d,1,14,Diego,False,9.173538137788844
D fast vs own baseline @1d,1,14,Diego,False,7.6912085672814
D fast vs own baseline @1d,1,14,Diego,False,8.620359074312947
D fast vs own baseline @1d,1,14,Diego,False,9.811744475354837
D fast vs own baseline @1d,1,14,Diego,False,9.456282283466372
D fast vs own baseline @1d,1,14,Diego,False,8.861952770485834
D fast vs own baseline @1d,1,14,Diego,False,8.947554744746636
D fast vs own baseline @1d,1,14,Diego,False,8.565287092444063
D fast vs own baseline @1d,1,14,Diego,False,10.154757457358132
D fast vs own baseline @1d,1,14,Diego,False,8.241571961033479
D fast vs own baseline @1d,1,14,Diego,False,9.723128964970705
D fast vs own baseline @1d,1,14,Diego,False,11.476263306646397
D fast vs own baseline @1d,1,14,Diego,False,8.442315131629455
D fast vs own baseline @1d,1,14,Diego,False,9.412402367932343
D fast vs own baseline @1d,1,14,Diego,False,8.337415668408008
D fast vs own baseline @1d,1,14,Diego,False,9.931200473747516
D fast vs own baseline @1d,1,14,Diego,False,8.25582061080623
D fast vs own baseline @1d,1,14,Diego,False,8.07643193829959
D fast vs own baseline @1d,1,14,Diego,False,7.565025318004937
D fast vs own baseline @1d,1,14,Diego,False,11.027424017724769
D fast vs own baseline @1d,1,14,Lucía,False,8.841292728197622
D fast vs own baseline @1d,1,14,Lucía,False,7.75044493154455
D fast vs own baseline @1d,1,14,Lucía,False,8.831828832383941
D fast vs own baseline @1d,1,14,Lucía,False,9.562830292371208
D fast vs own baseline @1d,1,14,Lucía,False,10.168920974649977
D fast vs own baseline @1d,1,14,Lucía,False,9.96049507659639
D fast vs own baseline @1d,1,14,Lucía,False,7.626493480012105
D fast vs own baseline @1d,1,14,Lucía,False,8.521381701579772
D fast vs own baseline @1d,1,14,Lucía,False,10.897956529512317
D fast vs own baseline @1d,1,14,Lucía,False,8.912515531266164
D fast vs own baseline @1d,1,14,Lucía,False,8.576966344891488
D fast vs own baseline @1d,1,14,Lucía,False,8.284555199519184
D fast vs own baseline @1d,1,14,Lucía,False,9.374123323649036
D fast vs own baseline @1d,1,14,Lucía,False,8.613231327894445
D fast vs own baseline @1d,1,14,Lucía,False,9.002242396915637
D fast vs own baseline @1d,1,14,Lucía,False,10.157780159716493
D fast vs own baseline @1d,1,14,Lucía,True,
D fast vs own baseline @1d,1,14,Lucía,False,9.885272985460237
D fast vs own baseline @1d,1,14,Lucía,False,9.354872545453661
D fast vs own baseline @1d,1,14,Lucía,False,9.40134757062661
D fast vs own baseline @1d,1,14,Lucía,False,8.72435068184618
D fast vs own baseline @1d,1,14,Lucía,False,8.574082218134045
D fast vs own baseline @1d,1,14,Lucía,False,9.329910275855962
D fast vs own baseline @1d,1,14,Lucía,False,9.339812703226517
D fast vs own baseline @1d,1,14,Lucía,False,9.016975002068216
D fast vs own baseline @1d,1,14,Lucía,False,8.552810000336564
D fast vs own baseline @1d,1,14,Lucía,False,11.666274294164234
D fast vs own baseline @1d,1,14,Lucía,False,8.704947142693657
D fast vs own baseline @1d,1,14,Lucía,True,
D fast vs own baseline @1d,1,14,Lucía,False,10.220223600796457
D fast vs own baseline @1d,1,14,Lucía,False,8.14078476475733
D fast vs own baseline @1d,1,14,Lucía,False,8.968893762133066
D fast vs own baseline @1d,1,14,Lucía,False,9.039844760726425
D fast vs own baseline @1d,1,14,Lucía,True,
D fast vs own baseline @1d,1,14,Lucía,True,
D fast vs own baseline @1d,1,14,Lucía,False,9.024446845037916
D fast vs own baseline @1d,1,14,Lucía,False,10.752127668318469
D fast vs own baseline @1d,1,14,Lucía,False,9.373508781891898
D fast vs own baseline @1d,1,14,Lucía,False,9.28560130910431
D fast vs own baseline @1d,1,14,Lucía,False,8.428724623455214
D fast vs own baseline @1d,1,14,Lucía,False,9.468570790360824
D fast vs own baseline @1d,1,14,Lucía,False,8.513548172852714
D fast vs own baseline @1d,1,14,Lucía,False,9.21054443390668
D fast vs own baseline @1d,1,14,Lucía,False,8.376608853001324
D fast vs own baseline @1d,1,14,Lucía,True,
D fast vs own baseline @1d,1,14,Lucía,False,9.61026460012188
D fast vs own baseline @1d,1,14,Lucía,False,8.72642302538842
D fast vs own baseline @1d,1,14,Lucía,False,9.258605341699715
D fast vs own baseline @1d,1,14,Lucía,False,9.39519266061733
D fast vs own baseline @1d,1,14,Lucía,False,9.144805224462335
D fast vs own baseline @1d,1,14,Lucía,False,10.660886738343665
D fast vs own baseline @1d,1,14,Lucía,False,8.897098976136958
D fast vs own baseline @1d,1,14,Lucía,False,8.769239473553972
D fast vs own baseline @1d,1,14,Lucía,False,8.507828707732296
D fast vs own baseline @1d,1,14,Lucía,False,9.91335093327512
D fast vs own baseline @1d,1,14,Lucía,False,10.010280822650024
D fast vs own baseline @1d,1,14,Lucía,False,8.90922850489899
D fast vs own baseline @1d,1,14,Lucía,False,10.196065525122338
D fast vs own baseline @1d,1,14,Lucía,False,9.43123950339582
D fast vs own baseline @1d,1,14,Lucía,False,9.293862071961192
D fast vs own baseline @1d,1,14,Karim,False,8.23000916300456
D fast vs own baseline @1d,1,14,Karim,False,9.458318736316793
D fast vs own baseline @1d,1,14,Karim,False,8.559552731877835
D fast vs own baseline @1d,1,14,Karim,False,9.402359028451844
D fast vs own baseline @1d,1,14,Karim,False,9.801900686504478
D fast vs own baseline @1d,1,14,Karim,False,10.176651893506751
D fast vs own baseline @1d,1,14,Karim,False,8.722739116143076
D fast vs own baseline @1d,1,14,Karim,False,9.832421585707152
D fast vs own baseline @1d,1,14,Karim,False,11.208432779194341
D fast vs own baseline @1d,1,14,Karim,False,8.50408455960164
D fast vs own baseline @1d,1,14,Karim,False,9.132405141319305
D fast vs own baseline @1d,1,14,Karim,False,9.13478655014606
D fast vs own baseline @1d,1,14,Karim,False,8.28845089793341
D fast vs own baseline @1d,1,14,Karim,False,9.635570771385352
D fast vs own baseline @1d,1,14,Karim,False,10.058594830024226
D fast vs own baseline @1d,1,14,Karim,False,9.661689225119535
D fast vs own baseline @1d,1,14,Karim,False,9.031997742435713
D fast vs own baseline @1d,1,14,Karim,False,10.158726279469414
D fast vs own baseline @1d,1,14,Karim,False,9.675700503721337
D fast vs own baseline @1d,1,14,Karim,False,8.719102889311772
D fast vs own baseline @1d,1,14,Karim,False,8.90605921165087
D fast vs own baseline @1d,1,14,Karim,False,10.23124329912725
D fast vs own baseline @1d,1,14,Karim,False,10.077618631604802
D fast vs own baseline @1d,1,14,Karim,False,9.664504897209211
D fast vs own baseline @1d,1,14,Karim,False,9.47293245943229
D fast vs own baseline @1d,1,14,Karim,False,9.234281471241555
D fast vs own baseline @1d,1,14,Karim,False,10.66911162328265
D fast vs own baseline @1d,1,14,Karim,False,10.252571221240654
D fast vs own baseline @1d,1,14,Karim,False,9.768886483713208
D fast vs own baseline @1d,1,14,Karim,False,9.470635753775092
D fast vs own baseline @1d,1,14,Karim,False,7.288946555295088
D fast vs own baseline @1d,1,14,Karim,False,11.58444265349506
D fast vs own baseline @1d,1,14,Karim,False,8.793861822194406
D fast vs own baseline @1d,1,14,Karim,False,9.839482130358748
D fast vs own baseline @1d,1,14,Karim,False,10.488310749975014
D fast vs own baseline @1d,1,14,Karim,False,9.658930598102705
D fast vs own baseline @1d,1,14,Karim,False,7.843530873130906
D fast vs own baseline @1d,1,14,Karim,False,9.141999727503313
D fast vs own baseline @1d,1,14,Karim,False,9.776210789741477
D fast vs own baseline @1d,1,14,Karim,False,10.263453876030724
D fast vs own baseline @1d,1,14,Karim,False,9.428468821330313
D fast vs own baseline @1d,1,14,Karim,False,9.675929160543294
D fast vs own baseline @1d,1,14,Karim,False,9.98819499692776
D fast vs own baseline @1d,1,14,Karim,False,8.466398061798067
D fast vs own baseline @1d,1,14,Karim,False,8.730315584350679
D fast vs own baseline @1d,1,14,Karim,False,9.438882085702176
D fast vs own baseline @1d,1,14,Karim,False,8.27961463036083
D fast vs own baseline @1d,1,14,Karim,False,9.595963001335216
D fast vs own baseline @1d,1,14,Karim,False,8.375635077296389
D fast vs own baseline @1d,1,14,Karim,False,8.465644548154192
D fast vs own baseline @1d,1,14,Karim,False,8.837151813328134
D fast vs own baseline @1d,1,14,Karim,False,11.251256550670284
D fast vs own baseline @1d,1,14,Karim,False,7.927461843969794
D fast vs own baseline @1d,1,14,Karim,False,10.733900130595545
D fast vs own baseline @1d,1,14,Karim,False,10.234860038352478
D fast vs own baseline @1d,1,14,Karim,False,11.302075151085141
D fast vs own baseline @1d,1,14,Karim,False,9.339802035996653
D fast vs own baseline @1d,1,14,Karim,False,8.987900028054424
D fast vs own baseline @1d,1,14,Karim,False,9.12545581560554
D fast vs own baseline @1d,1,14,Karim,False,8.240238101923666
D fast vs own baseline @1d,1,14,Ana,False,4.749474999550076
D fast vs own baseline @1d,1,14,Ana,False,3.9594936125115723
D fast vs own baseline @1d,1,14,Ana,False,4.3880961971693875
D fast vs own baseline @1d,1,14,Ana,False,4.453503982522719
D fast vs own baseline @1d,1,14,Ana,False,4.912954386752491
D fast vs own baseline @1d,1,14,Ana,False,4.917866312359861
D fast vs own baseline @1d,1,14,Ana,False,3.5241434409406667
D fast vs own baseline @1d,1,14,Ana,False,4.982469719712159
D fast vs own baseline @1d,1,14,Ana,False,6.249811236054693
D fast vs own baseline @1d,1,14,Ana,False,5.360330391140962
D fast vs own baseline @1d,1,14,Ana,False,4.63670923399016
D fast vs own baseline @1d,1,14,Ana,False,5.328226367872569
D fast vs own baseline @1d,1,14,Ana,False,4.5160567428263585
D fast vs own baseline @1d,1,14,Ana,False,5.070955351164533
D fast vs own baseline @1d,1,14,Ana,False,5.711758219152975
D fast vs own baseline @1d,1,14,Ana,False,5.37653360542236
D fast vs own baseline @1d,1,14,Ana,False,6.141121636489475
D fast vs own baseline @1d,1,14,Ana,False,4.327984392883581
D fast vs own baseline @1d,1,14,Ana,False,8.299215351637182
D fast vs own baseline @1d,1,14,Ana,False,5.504283032372319
D fast vs own baseline @1d,1,14,Ana,False,4.98709838813169
D fast vs own baseline @1d,1,14,Ana,False,4.399636330895522
D fast vs own baseline @1d,1,14,Ana,False,6.6908135705802545
D fast vs own baseline @1d,1,14,Ana,False,7.510679145524935
D fast vs own baseline @1d,1,14,Ana,False,4.394475230445737
D fast vs own baseline @1d,1,14,Ana,False,6.042872070501204
D fast vs own baseline @1d,1,14,Ana,False,4.850762901396141
D fast vs own baseline @1d,1,14,Ana,False,4.991564956516125
D fast vs own baseline @1d,1,14,Ana,False,6.3426472813997465
D fast vs own baseline @1d,1,14,Ana,False,5.564706615021638
D fast vs own baseline @1d,1,14,Ana,False,4.710108403119386
D fast vs own baseline @1d,1,14,Ana,False,3.9273034137938843
D fast vs own baseline @1d,1,14,Ana,False,4.184328937227302
D fast vs own baseline @1d,1,14,Ana,False,5.988436591859766
D fast vs own baseline @1d,1,14,Ana,False,5.703140895011192
D fast vs own baseline @1d,1,14,Ana,False,5.050492080545536
D fast vs own baseline @1d,1,14,Ana,False,4.46158237975327
D fast vs own baseline @1d,1,14,Ana,False,4.538192058657125
D fast vs own baseline @1d,1,14,Ana,False,5.3380760844963095
D fast vs own baseline @1d,1,14,Ana,False,4.141824494371921
D fast vs own baseline @1d,1,14,Ana,False,5.097918472244801
D fast vs own baseline @1d,1,14,Ana,False,6.236233493707194
D fast vs own baseline @1d,1,14,Ana,False,5.6381410365544715
D fast vs own baseline @1d,1,14,Ana,False,4.482181027592901
D fast vs own baseline @1d,1,14,Ana,False,4.732674448770008
D fast vs own baseline @1d,1,14,Ana,False,6.345958011585669
D fast vs own baseline @1d,1,14,Ana,False,5.4082286108349855
D fast vs own baseline @1d,1,14,Ana,False,4.698486620437822
D fast vs own baseline @1d,1,14,Ana,False,4.178056880487209
D fast vs own baseline @1d,1,14,Ana,False,4.2983284971289075
D fast vs own baseline @1d,1,14,Ana,False,7.012922051934601
D fast vs own baseline @1d,1,14,Ana,False,6.81654147148514
D fast vs own baseline @1d,1,14,Ana,False,4.831097464107067
D fast vs own baseline @1d,1,14,Ana,False,4.666790721969835
D fast vs own baseline @1d,1,14,Ana,False,5.722373855293027
D fast vs own baseline @1d,1,14,Ana,False,7.744791704022758
D fast vs own baseline @1d,1,14,Ana,False,6.49447238178846
D fast vs own baseline @1d,1,14,Ana,False,4.762614781654497
D fast vs own baseline @1d,1,14,Ana,False,6.611564246561268
D fast vs own baseline @1d,1,14,Ana,False,5.408317911207615
E Z=1.0 @1d,1,14,Marta,False,4.933305778914126
E Z=1.0 @1d,1,14,Marta,False,5.872774810667794
E Z=1.0 @1d,1,14,Marta,False,6.028226037272381
E Z=1.0 @1d,1,14,Marta,False,4.934984830487804
E Z=1.0 @1d,1,14,Marta,False,5.7172889935144635
E Z=1.0 @1d,1,14,Marta,False,5.587410624969825
E Z=1.0 @1d,1,14,Marta,False,5.216903938149587
E Z=1.0 @1d,1,14,Marta,False,5.509979970034606
E Z=1.0 @1d,1,14,Marta,False,5.6508901747543385
E Z=1.0 @1d,1,14,Marta,False,5.4906542594021746
E Z=1.0 @1d,1,14,Marta,False,6.210924768929876
E Z=1.0 @1d,1,14,Marta,False,6.458383957752359
E Z=1.0 @1d,1,14,Marta,False,5.358102572628918
E Z=1.0 @1d,1,14,Marta,False,5.743256139378523
E Z=1.0 @1d,1,14,Marta,False,6.280320387679566
E Z=1.0 @1d,1,14,Marta,False,5.797200020291188
E Z=1.0 @1d,1,14,Marta,False,5.47289157854398
E Z=1.0 @1d,1,14,Marta,False,5.411315415070715
E Z=1.0 @1d,1,14,Marta,False,5.3477238516868555
E Z=1.0 @1d,1,14,Marta,False,4.741506358813042
E Z=1.0 @1d,1,14,Marta,False,5.670354901128244
E Z=1.0 @1d,1,14,Marta,False,5.8060440054421845
E Z=1.0 @1d,1,14,Marta,False,5.904061141727347
E Z=1.0 @1d,1,14,Marta,False,5.441174701873413
E Z=1.0 @1d,1,14,Marta,False,4.794782668301096
E Z=1.0 @1d,1,14,Marta,False,5.515267122668593
E Z=1.0 @1d,1,14,Marta,False,6.0564028015612275
E Z=1.0 @1d,1,14,Marta,False,5.351589160315552
E Z=1.0 @1d,1,14,Marta,False,5.673852596189938
E Z=1.0 @1d,1,14,Marta,False,5.027715991344714
E Z=1.0 @1d,1,14,Marta,False,5.4908330595719415
E Z=1.0 @1d,1,14,Marta,False,5.350735779723176
E Z=1.0 @1d,1,14,Marta,False,5.354938484218261
E Z=1.0 @1d,1,14,Marta,False,6.249634037615579
E Z=1.0 @1d,1,14,Marta,False,5.016825076539166
E Z=1.0 @1d,1,14,Marta,False,6.507650018591123
E Z=1.0 @1d,1,14,Marta,False,6.1511249648183055
E Z=1.0 @1d,1,14,Marta,False,5.853704846495634
E Z=1.0 @1d,1,14,Marta,False,5.355355234351252
E Z=1.0 @1d,1,14,Marta,False,5.673428267344849
E Z=1.0 @1d,1,14,Marta,False,6.02332880223695
E Z=1.0 @1d,1,14,Marta,False,5.786914140043475
E Z=1.0 @1d,1,14,Marta,False,5.654170928394355
E Z=1.0 @1d,1,14,Marta,False,6.919371583559653
E Z=1.0 @1d,1,14,Marta,False,5.557811840858548
E Z=1.0 @1d,1,14,Marta,False,6.686055316620916
E Z=1.0 @1d,1,14,Marta,False,6.120402775027949
E Z=1.0 @1d,1,14,Marta,False,5.735179821795376
E Z=1.0 @1d,1,14,Marta,False,6.166745714810045
E Z=1.0 @1d,1,14,Marta,False,5.6867311791402715
E Z=1.0 @1d,1,14,Marta,False,5.816960572355703
E Z=1.0 @1d,1,14,Marta,False,6.602727233072994
E Z=1.0 @1d,1,14,Marta,False,5.66824010747552
E Z=1.0 @1d,1,14,Marta,False,5.272714888484648
E Z=1.0 @1d,1,14,Marta,False,6.022449975666036
E Z=1.0 @1d,1,14,Marta,False,6.827587717457814
E Z=1.0 @1d,1,14,Marta,False,5.401524462391919
E Z=1.0 @1d,1,14,Marta,False,6.181415605668555
E Z=1.0 @1d,1,14,Marta,False,6.0751370801793625
E Z=1.0 @1d,1,14,Marta,False,5.953668991206244
E Z=1.0 @1d,1,14,Diego,False,6.481339172231371
E Z=1.0 @1d,1,14,Diego,False,4.846061895416768
E Z=1.0 @1d,1,14,Diego,False,6.195837897050404
E Z=1.0 @1d,1,14,Diego,False,4.798051363188219
E Z=1.0 @1d,1,14,Diego,False,4.552623163142022
E Z=1.0 @1d,1,14,Diego,False,5.200939068743909
E Z=1.0 @1d,1,14,Diego,False,6.092106300725111
E Z=1.0 @1d,1,14,Diego,False,6.102668110558251
E Z=1.0 @1d,1,14,Diego,False,5.669038625372837
E Z=1.0 @1d,1,14,Diego,False,6.042291983672378
E Z=1.0 @1d,1,14,Diego,False,6.4333304441543895
E Z=1.0 @1d,1,14,Diego,False,5.606524357195364
E Z=1.0 @1d,1,14,Diego,False,4.9249409600636875
E Z=1.0 @1d,1,14,Diego,False,5.647282612226918
E Z=1.0 @1d,1,14,Diego,False,4.398148717955433
E Z=1.0 @1d,1,14,Diego,False,4.2786730466117735
E Z=1.0 @1d,1,14,Diego,False,4.366776826667143
E Z=1.0 @1d,1,14,Diego,False,4.921262719656403
E Z=1.0 @1d,1,14,Diego,False,5.646082529462686
E Z=1.0 @1d,1,14,Diego,False,5.398494780161949
E Z=1.0 @1d,1,14,Diego,False,5.093712491747281
E Z=1.0 @1d,1,14,Diego,False,5.260880048579932
E Z=1.0 @1d,1,14,Diego,False,5.982386588736942
E Z=1.0 @1d,1,14,Diego,False,4.599171610034627
E Z=1.0 @1d,1,14,Diego,False,5.532264564258374
E Z=1.0 @1d,1,14,Diego,False,5.172787738075033
E Z=1.0 @1d,1,14,Diego,False,5.150963308776667
E Z=1.0 @1d,1,14,Diego,False,4.819814282589115
E Z=1.0 @1d,1,14,Diego,False,4.783917598318431
E Z=1.0 @1d,1,14,Diego,False,5.749838085819006
E Z=1.0 @1d,1,14,Diego,False,4.942280051596829
E Z=1.0 @1d,1,14,Diego,False,4.955854207520037
E Z=1.0 @1d,1,14,Diego,False,4.707735294461546
E Z=1.0 @1d,1,14,Diego,False,5.041203524144976
E Z=1.0 @1d,1,14,Diego,False,4.504535386394104
E Z=1.0 @1d,1,14,Diego,False,4.548979358874149
E Z=1.0 @1d,1,14,Diego,False,4.800798426788308
E Z=1.0 @1d,1,14,Diego,False,4.885138125515747
E Z=1.0 @1d,1,14,Diego,False,5.873111112746964
E Z=1.0 @1d,1,14,Diego,False,3.90139160763291
E Z=1.0 @1d,1,14,Diego,False,5.884743319797543
E Z=1.0 @1d,1,14,Diego,False,6.592215438499556
E Z=1.0 @1d,1,14,Diego,False,5.083660593149449
E Z=1.0 @1d,1,14,Diego,False,5.043798639384779
E Z=1.0 @1d,1,14,Diego,False,4.757185220959834
E Z=1.0 @1d,1,14,Diego,False,6.23913588874623
E Z=1.0 @1d,1,14,Diego,False,5.6742651495367475
E Z=1.0 @1d,1,14,Diego,False,4.527498947465401
E Z=1.0 @1d,1,14,Diego,False,4.983550861061548
E Z=1.0 @1d,1,14,Diego,False,4.826812898673405
E Z=1.0 @1d,1,14,Diego,False,6.961069478056161
E Z=1.0 @1d,1,14,Diego,False,6.077063763520152
E Z=1.0 @1d,1,14,Diego,False,4.889830163310387
E Z=1.0 @1d,1,14,Diego,False,5.921677575897797
E Z=1.0 @1d,1,14,Diego,False,5.1247051200674125
E Z=1.0 @1d,1,14,Diego,False,4.992327118308726
E Z=1.0 @1d,1,14,Diego,False,6.372699343993641
E Z=1.0 @1d,1,14,Diego,False,4.786758007469038
E Z=1.0 @1d,1,14,Diego,False,5.962286267426745
E Z=1.0 @1d,1,14,Diego,True,
E Z=1.0 @1d,1,14,Lucía,False,6.594798286531968
E Z=1.0 @1d,1,14,Lucía,False,6.79408040802391
E Z=1.0 @1d,1,14,Lucía,True,
E Z=1.0 @1d,1,14,Lucía,False,6.343492312237601
E Z=1.0 @1d,1,14,Lucía,False,8.199136829870417
E Z=1.0 @1d,1,14,Lucía,False,6.537144296623871
E Z=1.0 @1d,1,14,Lucía,True,
E Z=1.0 @1d,1,14,Lucía,False,6.706008119778849
E Z=1.0 @1d,1,14,Lucía,True,
E Z=1.0 @1d,1,14,Lucía,False,6.707608745222422
E Z=1.0 @1d,1,14,Lucía,True,
E Z=1.0 @1d,1,14,Lucía,False,7.718748702017785
E Z=1.0 @1d,1,14,Lucía,False,6.684204116621503
E Z=1.0 @1d,1,14,Lucía,True,
E Z=1.0 @1d,1,14,Lucía,False,6.898595285744745
E Z=1.0 @1d,1,14,Lucía,False,6.60428093046944
E Z=1.0 @1d,1,14,Lucía,False,6.196848997514472
E Z=1.0 @1d,1,14,Lucía,False,7.410447301467216
E Z=1.0 @1d,1,14,Lucía,False,7.4496459277643075
E Z=1.0 @1d,1,14,Lucía,True,
E Z=1.0 @1d,1,14,Lucía,False,7.23627114811305
E Z=1.0 @1d,1,14,Lucía,True,
E Z=1.0 @1d,1,14,Lucía,False,7.552818496966209
E Z=1.0 @1d,1,14,Lucía,False,6.034108004115959
E Z=1.0 @1d,1,14,Lucía,False,7.009730693069729
E Z=1.0 @1d,1,14,Lucía,False,7.411423855431275
E Z=1.0 @1d,1,14,Lucía,True,
E Z=1.0 @1d,1,14,Lucía,True,
E Z=1.0 @1d,1,14,Lucía,False,8.472202005250036
E Z=1.0 @1d,1,14,Lucía,False,7.522864442090148
E Z=1.0 @1d,1,14,Lucía,False,7.308151889236256
E Z=1.0 @1d,1,14,Lucía,False,7.472255673893037
E Z=1.0 @1d,1,14,Lucía,False,6.967730403699108
E Z=1.0 @1d,1,14,Lucía,False,7.467917224945121
E Z=1.0 @1d,1,14,Lucía,False,7.2245799574107785
E Z=1.0 @1d,1,14,Lucía,False,7.150505680768039
E Z=1.0 @1d,1,14,Lucía,True,
E Z=1.0 @1d,1,14,Lucía,True,
E Z=1.0 @1d,1,14,Lucía,True,
E Z=1.0 @1d,1,14,Lucía,False,7.043476112047213
E Z=1.0 @1d,1,14,Lucía,True,
E Z=1.0 @1d,1,14,Lucía,False,6.70547410323911
E Z=1.0 @1d,1,14,Lucía,True,
E Z=1.0 @1d,1,14,Lucía,False,7.390227646573965
E Z=1.0 @1d,1,14,Lucía,True,
E Z=1.0 @1d,1,14,Lucía,True,
E Z=1.0 @1d,1,14,Lucía,False,6.4082298170473155
E Z=1.0 @1d,1,14,Lucía,False,7.377903380595717
E Z=1.0 @1d,1,14,Lucía,True,
E Z=1.0 @1d,1,14,Lucía,True,
E Z=1.0 @1d,1,14,Lucía,False,6.31847775597657
E Z=1.0 @1d,1,14,Lucía,True,
E Z=1.0 @1d,1,14,Lucía,True,
E Z=1.0 @1d,1,14,Lucía,False,7.869504396193689
E Z=1.0 @1d,1,14,Lucía,False,6.811581696752763
E Z=1.0 @1d,1,14,Lucía,False,6.0364291922245155
E Z=1.0 @1d,1,14,Lucía,False,6.719632560434448
E Z=1.0 @1d,1,14,Lucía,False,6.898573765238396
E Z=1.0 @1d,1,14,Lucía,True,
E Z=1.0 @1d,1,14,Lucía,True,
E Z=1.0 @1d,1,14,Karim,False,6.477204611189139
E Z=1.0 @1d,1,14,Karim,False,6.057930632334064
E Z=1.0 @1d,1,14,Karim,False,7.976731941808336
E Z=1.0 @1d,1,14,Karim,False,7.413769884463061
E Z=1.0 @1d,1,14,Karim,False,7.578505495983709
E Z=1.0 @1d,1,14,Karim,True,
E Z=1.0 @1d,1,14,Karim,False,7.52427411482234
E Z=1.0 @1d,1,14,Karim,False,6.8718404517756895
E Z=1.0 @1d,1,14,Karim,False,6.444923004594928
E Z=1.0 @1d,1,14,Karim,False,6.981579969013621
E Z=1.0 @1d,1,14,Karim,False,6.686670068572188
E Z=1.0 @1d,1,14,Karim,False,6.653604384105842
E Z=1.0 @1d,1,14,Karim,False,8.27894252664387
E Z=1.0 @1d,1,14,Karim,False,6.907841655699397
E Z=1.0 @1d,1,14,Karim,False,8.191621599730516
E Z=1.0 @1d,1,14,Karim,False,7.121936684005499
E Z=1.0 @1d,1,14,Karim,False,6.748330263218584
E Z=1.0 @1d,1,14,Karim,False,7.943387418229484
E Z=1.0 @1d,1,14,Karim,False,6.72404300475335
E Z=1.0 @1d,1,14,Karim,False,7.957124256398789
E Z=1.0 @1d,1,14,Karim,True,
E Z=1.0 @1d,1,14,Karim,True,
E Z=1.0 @1d,1,14,Karim,False,7.049156099615523
E Z=1.0 @1d,1,14,Karim,False,7.5944331239433716
E Z=1.0 @1d,1,14,Karim,True,
E Z=1.0 @1d,1,14,Karim,False,8.485767357430689
E Z=1.0 @1d,1,14,Karim,False,8.795836687396568
E Z=1.0 @1d,1,14,Karim,False,6.459485676490666
E Z=1.0 @1d,1,14,Karim,False,6.740009149834866
E Z=1.0 @1d,1,14,Karim,False,6.413954833210843
E Z=1.0 @1d,1,14,Karim,False,7.007790914267924
E Z=1.0 @1d,1,14,Karim,False,7.693277352388204
E Z=1.0 @1d,1,14,Karim,False,7.46256962689004
E Z=1.0 @1d,1,14,Karim,False,6.898371862304828
E Z=1.0 @1d,1,14,Karim,False,6.329060128703088
E Z=1.0 @1d,1,14,Karim,False,7.339385455106859
E Z=1.0 @1d,1,14,Karim,False,6.950151866704672
E Z=1.0 @1d,1,14,Karim,False,7.301588189118368
E Z=1.0 @1d,1,14,Karim,False,7.3599548043515055
E Z=1.0 @1d,1,14,Karim,False,6.928299340209519
E Z=1.0 @1d,1,14,Karim,False,7.693075132417001
E Z=1.0 @1d,1,14,Karim,False,7.978842492669929
E Z=1.0 @1d,1,14,Karim,False,7.322549145715776
E Z=1.0 @1d,1,14,Karim,False,7.918540454882025
E Z=1.0 @1d,1,14,Karim,False,7.291329074709123
E Z=1.0 @1d,1,14,Karim,False,6.74762698956166
E Z=1.0 @1d,1,14,Karim,False,7.6731090347502775
E Z=1.0 @1d,1,14,Karim,False,8.299224627295729
E Z=1.0 @1d,1,14,Karim,False,6.682730468364166
E Z=1.0 @1d,1,14,Karim,True,
E Z=1.0 @1d,1,14,Karim,False,6.73789541638979
E Z=1.0 @1d,1,14,Karim,False,6.52219342774672
E Z=1.0 @1d,1,14,Karim,False,6.597294510553206
E Z=1.0 @1d,1,14,Karim,False,6.678784669422053
E Z=1.0 @1d,1,14,Karim,False,8.154087370406842
E Z=1.0 @1d,1,14,Karim,False,7.271276319443752
E Z=1.0 @1d,1,14,Karim,False,6.636402623766802
E Z=1.0 @1d,1,14,Karim,False,8.222473413565309
E Z=1.0 @1d,1,14,Karim,True,
E Z=1.0 @1d,1,14,Karim,False,6.547030469112661
E Z=1.0 @1d,1,14,Ana,False,3.6046310725943216
E Z=1.0 @1d,1,14,Ana,False,3.9409372727214045
E Z=1.0 @1d,1,14,Ana,False,3.8995012326468004
E Z=1.0 @1d,1,14,Ana,False,3.347472223038479
E Z=1.0 @1d,1,14,Ana,False,3.5245940312987734
E Z=1.0 @1d,1,14,Ana,False,3.3302407845868487
E Z=1.0 @1d,1,14,Ana,False,3.6676642345326993
E Z=1.0 @1d,1,14,Ana,False,3.366106062877401
E Z=1.0 @1d,1,14,Ana,False,3.015337479117668
E Z=1.0 @1d,1,14,Ana,False,3.233843600694828
E Z=1.0 @1d,1,14,Ana,False,3.522163539307252
E Z=1.0 @1d,1,14,Ana,False,3.817002345351682
E Z=1.0 @1d,1,14,Ana,False,3.6772225106735243
E Z=1.0 @1d,1,14,Ana,False,3.83362323360819
E Z=1.0 @1d,1,14,Ana,False,3.8347731545083437
E Z=1.0 @1d,1,14,Ana,False,3.51244575521532
E Z=1.0 @1d,1,14,Ana,False,3.2201800964817147
E Z=1.0 @1d,1,14,Ana,False,4.220908710069545
E Z=1.0 @1d,1,14,Ana,False,4.81361445645269
E Z=1.0 @1d,1,14,Ana,False,3.5659653980369113
E Z=1.0 @1d,1,14,Ana,False,3.524457675839435
E Z=1.0 @1d,1,14,Ana,False,3.803189992208099
E Z=1.0 @1d,1,14,Ana,False,3.4237825572378853
E Z=1.0 @1d,1,14,Ana,False,3.8871093054512276
E Z=1.0 @1d,1,14,Ana,False,3.580636369835052
E Z=1.0 @1d,1,14,Ana,False,4.499066777351367
E Z=1.0 @1d,1,14,Ana,False,4.1817302580126245
E Z=1.0 @1d,1,14,Ana,False,3.4942371822286513
E Z=1.0 @1d,1,14,Ana,False,3.850908503333976
E Z=1.0 @1d,1,14,Ana,False,3.8000340884942774
E Z=1.0 @1d,1,14,Ana,False,3.3832538551754934
E Z=1.0 @1d,1,14,Ana,False,3.709232610590558
E Z=1.0 @1d,1,14,Ana,False,3.5961447548986176
E Z=1.0 @1d,1,14,Ana,False,4.073168752451634
E Z=1.0 @1d,1,14,Ana,False,3.4726082526736595
E Z=1.0 @1d,1,14,Ana,False,3.923045834566917
E Z=1.0 @1d,1,14,Ana,False,3.5144112202983946
E Z=1.0 @1d,1,14,Ana,False,4.148178339701709
E Z=1.0 @1d,1,14,Ana,False,3.1971729443251453
E Z=1.0 @1d,1,14,Ana,False,4.301628483928451
E Z=1.0 @1d,1,14,Ana,False,3.950714606049369
E Z=1.0 @1d,1,14,Ana,False,4.24664218351935
E Z=1.0 @1d,1,14,Ana,False,3.096864970646228
E Z=1.0 @1d,1,14,Ana,False,3.976945311668757
E Z=1.0 @1d,1,14,Ana,False,3.283247451724497
E Z=1.0 @1d,1,14,Ana,False,4.844090632978788
E Z=1.0 @1d,1,14,Ana,False,3.7734722211673835
E Z=1.0 @1d,1,14,Ana,False,2.9999550637234904
E Z=1.0 @1d,1,14,Ana,False,3.916704229425612
E Z=1.0 @1d,1,14,Ana,False,3.866699797300675
E Z=1.0 @1d,1,14,Ana,False,3.8579923614517773
E Z=1.0 @1d,1,14,Ana,False,4.253655976858475
E Z=1.0 @1d,1,14,Ana,False,3.3112412064776597
E Z=1.0 @1d,1,14,Ana,False,3.266252663121368
E Z=1.0 @1d,1,14,Ana,False,3.259958794157149
E Z=1.0 @1d,1,14,Ana,False,3.6904745707313316
E Z=1.0 @1d,1,14,Ana,False,3.36606203461321
E Z=1.0 @1d,1,14,Ana,False,3.2870243264388423
E Z=1.0 @1d,1,14,Ana,False,3.7841922062374524
E Z=1.0 @1d,1,14,Ana,False,3.9210562462745595
E Z=1.5 @1d,1,14,Marta,False,4.764901558406024
E Z=1.5 @1d,1,14,Marta,False,4.779632823115868
E Z=1.5 @1d,1,14,Marta,False,3.7784910032662107
E Z=1.5 @1d,1,14,Marta,False,4.264468018499614
E Z=1.5 @1d,1,14,Marta,False,3.907779240268428
E Z=1.5 @1d,1,14,Marta,False,4.6271325372381655
E Z=1.5 @1d,1,14,Marta,False,5.027629355481379
E Z=1.5 @1d,1,14,Marta,False,3.9544680780670722
E Z=1.5 @1d,1,14,Marta,False,4.517004623479658
E Z=1.5 @1d,1,14,Marta,False,4.311631409241008
E Z=1.5 @1d,1,14,Marta,False,4.979288938258513
E Z=1.5 @1d,1,14,Marta,False,4.251748412342933
E Z=1.5 @1d,1,14,Marta,False,4.115701015978792
E Z=1.5 @1d,1,14,Marta,False,4.3948281367635555
E Z=1.5 @1d,1,14,Marta,False,5.1598307339418845
E Z=1.5 @1d,1,14,Marta,False,4.088266165289654
E Z=1.5 @1d,1,14,Marta,False,4.368142546053875
E Z=1.5 @1d,1,14,Marta,False,4.047300217543376
E Z=1.5 @1d,1,14,Marta,False,4.5665693114235
E Z=1.5 @1d,1,14,Marta,False,4.402685939660849
E Z=1.5 @1d,1,14,Marta,False,4.746143665229782
E Z=1.5 @1d,1,14,Marta,False,4.361520968577248
E Z=1.5 @1d,1,14,Marta,False,4.940103672790033
E Z=1.5 @1d,1,14,Marta,False,4.944534469713881
E Z=1.5 @1d,1,14,Marta,False,3.927081632738984
E Z=1.5 @1d,1,14,Marta,False,4.6540019986077565
E Z=1.5 @1d,1,14,Marta,False,3.694296573323706
E Z=1.5 @1d,1,14,Marta,False,4.385968975499304
E Z=1.5 @1d,1,14,Marta,False,4.152089483644681
E Z=1.5 @1d,1,14,Marta,False,4.030984696886176
E Z=1.5 @1d,1,14,Marta,False,4.092596619831146
E Z=1.5 @1d,1,14,Marta,False,4.189211966276781
E Z=1.5 @1d,1,14,Marta,True,
E Z=1.5 @1d,1,14,Marta,False,4.295226003873115
E Z=1.5 @1d,1,14,Marta,False,4.57415292407419
E Z=1.5 @1d,1,14,Marta,False,5.419266919844498
E Z=1.5 @1d,1,14,Marta,False,5.337242398686268
E Z=1.5 @1d,1,14,Marta,False,4.261130685175857
E Z=1.5 @1d,1,14,Marta,False,4.863675403114517
E Z=1.5 @1d,1,14,Marta,False,5.112003095254245
E Z=1.5 @1d,1,14,Marta,False,3.905375967622413
E Z=1.5 @1d,1,14,Marta,False,4.866877880901167
E Z=1.5 @1d,1,14,Marta,False,4.5981592587382325
E Z=1.5 @1d,1,14,Marta,False,4.801615493061566
E Z=1.5 @1d,1,14,Marta,False,4.364246642950334
E Z=1.5 @1d,1,14,Marta,False,4.476286041877742
E Z=1.5 @1d,1,14,Marta,False,3.9634390315553536
E Z=1.5 @1d,1,14,Marta,False,4.443725793054125
E Z=1.5 @1d,1,14,Marta,False,4.204801346187182
E Z=1.5 @1d,1,14,Marta,False,4.503088198839257
E Z=1.5 @1d,1,14,Marta,False,4.257656706958154
E Z=1.5 @1d,1,14,Marta,False,4.146243279804914
E Z=1.5 @1d,1,14,Marta,False,4.187379368419007
E Z=1.5 @1d,1,14,Marta,False,4.218869627379467
E Z=1.5 @1d,1,14,Marta,False,4.458431170863977
E Z=1.5 @1d,1,14,Marta,False,4.964304126179761
E Z=1.5 @1d,1,14,Marta,False,4.054349735726163
E Z=1.5 @1d,1,14,Marta,False,5.06940068509205
E Z=1.5 @1d,1,14,Marta,False,5.267835475822359
E Z=1.5 @1d,1,14,Marta,False,4.599607164535472
E Z=1.5 @1d,1,14,Diego,False,4.323957997109874
E Z=1.5 @1d,1,14,Diego,False,4.371618833007598
E Z=1.5 @1d,1,14,Diego,False,5.029815263072977
E Z=1.5 @1d,1,14,Diego,False,5.871207522364186
E Z=1.5 @1d,1,14,Diego,False,4.478814924119103
E Z=1.5 @1d,1,14,Diego,False,4.7547566020628285
E Z=1.5 @1d,1,14,Diego,False,5.708966983277753
E Z=1.5 @1d,1,14,Diego,False,4.3430417126964596
E Z=1.5 @1d,1,14,Diego,False,5.596026043095719
E Z=1.5 @1d,1,14,Diego,False,4.052724890804792
E Z=1.5 @1d,1,14,Diego,False,4.589098899909213
E Z=1.5 @1d,1,14,Diego,False,6.400574335869949
E Z=1.5 @1d,1,14,Diego,False,4.019701002045336
E Z=1.5 @1d,1,14,Diego,False,4.3983830484910085
E Z=1.5 @1d,1,14,Diego,False,4.278976556383793
E Z=1.5 @1d,1,14,Diego,False,4.599920665669142
E Z=1.5 @1d,1,14,Diego,False,4.895161274430627
E Z=1.5 @1d,1,14,Diego,False,4.887828913453246
E Z=1.5 @1d,1,14,Diego,False,4.835670292172189
E Z=1.5 @1d,1,14,Diego,False,4.079728548607947
E Z=1.5 @1d,1,14,Diego,False,4.590323630159492
E Z=1.5 @1d,1,14,Diego,False,5.404541650729109
E Z=1.5 @1d,1,14,Diego,False,5.480585551694268
E Z=1.5 @1d,1,14,Diego,False,3.994229067777355
E Z=1.5 @1d,1,14,Diego,False,4.468143860090866
E Z=1.5 @1d,1,14,Diego,False,5.604048769489963
E Z=1.5 @1d,1,14,Diego,False,4.686438184330751
E Z=1.5 @1d,1,14,Diego,False,4.755003793064216
E Z=1.5 @1d,1,14,Diego,False,3.979813271077507
E Z=1.5 @1d,1,14,Diego,False,4.961033456266719
E Z=1.5 @1d,1,14,Diego,True,
E Z=1.5 @1d,1,14,Diego,False,4.313975661277222
E Z=1.5 @1d,1,14,Diego,True,
E Z=1.5 @1d,1,14,Diego,False,4.876013703974472
E Z=1.5 @1d,1,14,Diego,False,4.551376620484649
E Z=1.5 @1d,1,14,Diego,False,4.414119724478748
E Z=1.5 @1d,1,14,Diego,False,5.0510492782462
E Z=1.5 @1d,1,14,Diego,False,4.970133109118641
E Z=1.5 @1d,1,14,Diego,False,4.11094404767667
E Z=1.5 @1d,1,14,Diego,True,
E Z=1.5 @1d,1,14,Diego,False,4.949136434911206
E Z=1.5 @1d,1,14,Diego,False,6.699019040838301
E Z=1.5 @1d,1,14,Diego,False,5.027410776718966
E Z=1.5 @1d,1,14,Diego,False,4.808101517237373
E Z=1.5 @1d,1,14,Diego,False,4.084266488715425
E Z=1.5 @1d,1,14,Diego,False,5.390999255220531
E Z=1.5 @1d,1,14,Diego,False,4.9088762677398865
E Z=1.5 @1d,1,14,Diego,False,5.553260010233927
E Z=1.5 @1d,1,14,Diego,False,5.4795054170569335
E Z=1.5 @1d,1,14,Diego,False,4.730014474448685
E Z=1.5 @1d,1,14,Diego,False,3.9843839353320014
E Z=1.5 @1d,1,14,Diego,False,5.0418284963347935
E Z=1.5 @1d,1,14,Diego,False,4.976872473028075
E Z=1.5 @1d,1,14,Diego,False,4.936238697101113
E Z=1.5 @1d,1,14,Diego,False,5.414556676849804
E Z=1.5 @1d,1,14,Diego,False,4.598950971279773
E Z=1.5 @1d,1,14,Diego,False,4.70116892692011
E Z=1.5 @1d,1,14,Diego,False,4.271354047828514
E Z=1.5 @1d,1,14,Diego,True,
E Z=1.5 @1d,1,14,Diego,False,5.784447558137075
E Z=1.5 @1d,1,14,Lucía,True,
E Z=1.5 @1d,1,14,Lucía,False,6.523862980097995
E Z=1.5 @1d,1,14,Lucía,True,
E Z=1.5 @1d,1,14,Lucía,True,
E Z=1.5 @1d,1,14,Lucía,False,6.162190264355811
E Z=1.5 @1d,1,14,Lucía,True,
E Z=1.5 @1d,1,14,Lucía,False,6.278041986610217
E Z=1.5 @1d,1,14,Lucía,True,
E Z=1.5 @1d,1,14,Lucía,True,
E Z=1.5 @1d,1,14,Lucía,True,
E Z=1.5 @1d,1,14,Lucía,False,6.612331429329249
E Z=1.5 @1d,1,14,Lucía,True,
E Z=1.5 @1d,1,14,Lucía,True,
E Z=1.5 @1d,1,14,Lucía,False,6.24382938350603
E Z=1.5 @1d,1,14,Lucía,True,
E Z=1.5 @1d,1,14,Lucía,True,
E Z=1.5 @1d,1,14,Lucía,False,6.271961880671756
E Z=1.5 @1d,1,14,Lucía,False,6.354904463026229
E Z=1.5 @1d,1,14,Lucía,True,
E Z=1.5 @1d,1,14,Lucía,True,
E Z=1.5 @1d,1,14,Lucía,False,6.445069633153469
E Z=1.5 @1d,1,14,Lucía,False,5.37155985302178
E Z=1.5 @1d,1,14,Lucía,False,6.853165786605273
E Z=1.5 @1d,1,14,Lucía,True,
E Z=1.5 @1d,1,14,Lucía,False,6.768919817042372
E Z=1.5 @1d,1,14,Lucía,True,
E Z=1.5 @1d,1,14,Lucía,True,
E Z=1.5 @1d,1,14,Lucía,True,
E Z=1.5 @1d,1,14,Lucía,True,
E Z=1.5 @1d,1,14,Lucía,True,
E Z=1.5 @1d,1,14,Lucía,False,5.612942995389931
E Z=1.5 @1d,1,14,Lucía,True,
E Z=1.5 @1d,1,14,Lucía,False,6.589698321967091
E Z=1.5 @1d,1,14,Lucía,True,
E Z=1.5 @1d,1,14,Lucía,False,6.3403654458435055
E Z=1.5 @1d,1,14,Lucía,True,
E Z=1.5 @1d,1,14,Lucía,False,5.867378201165411
E Z=1.5 @1d,1,14,Lucía,True,
E Z=1.5 @1d,1,14,Lucía,True,
E Z=1.5 @1d,1,14,Lucía,True,
E Z=1.5 @1d,1,14,Lucía,False,6.753228147287123
E Z=1.5 @1d,1,14,Lucía,False,5.87222417954936
E Z=1.5 @1d,1,14,Lucía,True,
E Z=1.5 @1d,1,14,Lucía,True,
E Z=1.5 @1d,1,14,Lucía,True,
E Z=1.5 @1d,1,14,Lucía,True,
E Z=1.5 @1d,1,14,Lucía,True,
E Z=1.5 @1d,1,14,Lucía,True,
E Z=1.5 @1d,1,14,Lucía,False,6.469254040727415
E Z=1.5 @1d,1,14,Lucía,True,
E Z=1.5 @1d,1,14,Lucía,False,5.317943445659797
E Z=1.5 @1d,1,14,Lucía,True,
E Z=1.5 @1d,1,14,Lucía,True,
E Z=1.5 @1d,1,14,Lucía,True,
E Z=1.5 @1d,1,14,Lucía,True,
E Z=1.5 @1d,1,14,Lucía,True,
E Z=1.5 @1d,1,14,Lucía,False,6.073487039513118
E Z=1.5 @1d,1,14,Lucía,True,
E Z=1.5 @1d,1,14,Lucía,True,
E Z=1.5 @1d,1,14,Lucía,False,6.283148179640251
E Z=1.5 @1d,1,14,Karim,False,6.243598413919851
E Z=1.5 @1d,1,14,Karim,False,5.821409459546104
E Z=1.5 @1d,1,14,Karim,False,6.600972628367699
E Z=1.5 @1d,1,14,Karim,True,
E Z=1.5 @1d,1,14,Karim,False,8.46181038055136
E Z=1.5 @1d,1,14,Karim,True,
E Z=1.5 @1d,1,14,Karim,False,5.524728884999497
E Z=1.5 @1d,1,14,Karim,False,7.190601532411618
E Z=1.5 @1d,1,14,Karim,False,6.617906135415869
E Z=1.5 @1d,1,14,Karim,False,6.311077261777462
E Z=1.5 @1d,1,14,Karim,False,5.255471648681257
E Z=1.5 @1d,1,14,Karim,True,
E Z=1.5 @1d,1,14,Karim,False,7.716009146947637
E Z=1.5 @1d,1,14,Karim,False,6.697092719118515
E Z=1.5 @1d,1,14,Karim,False,6.561445250442982
E Z=1.5 @1d,1,14,Karim,False,6.453031937408837
E Z=1.5 @1d,1,14,Karim,False,6.01480963893635
E Z=1.5 @1d,1,14,Karim,True,
E Z=1.5 @1d,1,14,Karim,False,6.222815630518325
E Z=1.5 @1d,1,14,Karim,False,6.221872016664385
E Z=1.5 @1d,1,14,Karim,False,6.503699418293378
E Z=1.5 @1d,1,14,Karim,False,6.152107322054924
E Z=1.5 @1d,1,14,Karim,False,6.265599224109901
E Z=1.5 @1d,1,14,Karim,False,7.057169403861042
E Z=1.5 @1d,1,14,Karim,False,6.631793856244304
E Z=1.5 @1d,1,14,Karim,False,7.453082102016267
E Z=1.5 @1d,1,14,Karim,False,8.38063106281665
E Z=1.5 @1d,1,14,Karim,False,6.937802016157868
E Z=1.5 @1d,1,14,Karim,False,6.319054457869204
E Z=1.5 @1d,1,14,Karim,False,6.319696441855038
E Z=1.5 @1d,1,14,Karim,False,6.375260811663429
E Z=1.5 @1d,1,14,Karim,False,6.269173662679784
E Z=1.5 @1d,1,14,Karim,False,7.455118104430673
E Z=1.5 @1d,1,14,Karim,False,6.236114388425286
E Z=1.5 @1d,1,14,Karim,False,7.964175142239244
E Z=1.5 @1d,1,14,Karim,False,6.8778757859674595
E Z=1.5 @1d,1,14,Karim,True,
E Z=1.5 @1d,1,14,Karim,False,7.861627066468999
E Z=1.5 @1d,1,14,Karim,False,7.106831307680421
E Z=1.5 @1d,1,14,Karim,False,7.344338907381721
E Z=1.5 @1d,1,14,Karim,False,6.204842229949799
E Z=1.5 @1d,1,14,Karim,True,
E Z=1.5 @1d,1,14,Karim,True,
E Z=1.5 @1d,1,14,Karim,False,7.760130406795808
E Z=1.5 @1d,1,14,Karim,False,6.84923626700334
E Z=1.5 @1d,1,14,Karim,False,7.611307010793891
E Z=1.5 @1d,1,14,Karim,False,6.1407674199967275
E Z=1.5 @1d,1,14,Karim,False,7.306274587234519
E Z=1.5 @1d,1,14,Karim,False,6.510348970962278
E Z=1.5 @1d,1,14,Karim,False,6.585488366227885
E Z=1.5 @1d,1,14,Karim,False,6.712548023336626
E Z=1.5 @1d,1,14,Karim,False,5.221428805072201
E Z=1.5 @1d,1,14,Karim,True,
E Z=1.5 @1d,1,14,Karim,True,
E Z=1.5 @1d,1,14,Karim,False,6.493515655310414
E Z=1.5 @1d,1,14,Karim,False,6.708931734714569
E Z=1.5 @1d,1,14,Karim,False,7.450131980987942
E Z=1.5 @1d,1,14,Karim,False,6.408092631168417
E Z=1.5 @1d,1,14,Karim,True,
E Z=1.5 @1d,1,14,Karim,False,6.0885291692456045
E Z=1.5 @1d,1,14,Ana,False,2.929895553031107
E Z=1.5 @1d,1,14,Ana,False,2.913202754678421
E Z=1.5 @1d,1,14,Ana,False,2.9935526058913537
E Z=1.5 @1d,1,14,Ana,False,2.9774450084337625
E Z=1.5 @1d,1,14,Ana,False,2.940740091780513
E Z=1.5 @1d,1,14,Ana,False,2.9696299273600286
E Z=1.5 @1d,1,14,Ana,False,2.7416240341840807
E Z=1.5 @1d,1,14,Ana,False,3.1040202092853586
E Z=1.5 @1d,1,14,Ana,False,2.8609720070428777
E Z=1.5 @1d,1,14,Ana,False,2.8755221060893286
E Z=1.5 @1d,1,14,Ana,False,2.986700133147109
E Z=1.5 @1d,1,14,Ana,False,3.0801188489572873
E Z=1.5 @1d,1,14,Ana,False,3.0236207614639627
E Z=1.5 @1d,1,14,Ana,False,3.4617896429904285
E Z=1.5 @1d,1,14,Ana,False,3.5938179612725554
E Z=1.5 @1d,1,14,Ana,False,3.1736070525815583
E Z=1.5 @1d,1,14,Ana,False,2.949606594996867
E Z=1.5 @1d,1,14,Ana,False,3.0453778205644944
E Z=1.5 @1d,1,14,Ana,False,3.1351631651969596
E Z=1.5 @1d,1,14,Ana,False,2.775784539493371
E Z=1.5 @1d,1,14,Ana,False,2.8463949284332473
E Z=1.5 @1d,1,14,Ana,False,2.9851996937625973
E Z=1.5 @1d,1,14,Ana,False,3.1656802453759636
E Z=1.5 @1d,1,14,Ana,False,2.968796607624034
E Z=1.5 @1d,1,14,Ana,False,2.7427149072163197
E Z=1.5 @1d,1,14,Ana,False,3.074700539130948
E Z=1.5 @1d,1,14,Ana,False,2.8676747777718585
E Z=1.5 @1d,1,14,Ana,False,2.8147022450205057
E Z=1.5 @1d,1,14,Ana,False,2.735922159500652
E Z=1.5 @1d,1,14,Ana,False,3.004382594746946
E Z=1.5 @1d,1,14,Ana,False,2.7348713734019023
E Z=1.5 @1d,1,14,Ana,False,3.1242047367841814
E Z=1.5 @1d,1,14,Ana,False,2.8069646040175713
E Z=1.5 @1d,1,14,Ana,False,3.116105535170581
E Z=1.5 @1d,1,14,Ana,False,2.716866717441444
E Z=1.5 @1d,1,14,Ana,False,3.1217415611622736
E Z=1.5 @1d,1,14,Ana,False,3.0834572777795244
E Z=1.5 @1d,1,14,Ana,False,2.8851837797949105
E Z=1.5 @1d,1,14,Ana,False,2.703028679947188
E Z=1.5 @1d,1,14,Ana,False,3.3190614206376083
E Z=1.5 @1d,1,14,Ana,False,3.1944037050600587
E Z=1.5 @1d,1,14,Ana,False,3.3673336488344336
E Z=1.5 @1d,1,14,Ana,False,2.9647486850867746
E Z=1.5 @1d,1,14,Ana,False,2.8831868388516604
E Z=1.5 @1d,1,14,Ana,False,3.1072271202929613
E Z=1.5 @1d,1,14,Ana,False,3.280852118339869
E Z=1.5 @1d,1,14,Ana,False,3.2426080472487175
E Z=1.5 @1d,1,14,Ana,False,2.7906432757543236
E Z=1.5 @1d,1,14,Ana,False,3.5150898718925228
E Z=1.5 @1d,1,14,Ana,False,2.95131886815592
E Z=1.5 @1d,1,14,Ana,False,3.4886457485402333
E Z=1.5 @1d,1,14,Ana,False,3.0786639657389876
E Z=1.5 @1d,1,14,Ana,False,2.86823490614164
E Z=1.5 @1d,1,14,Ana,False,3.0278860425050675
E Z=1.5 @1d,1,14,Ana,False,2.883705403195625
E Z=1.5 @1d,1,14,Ana,False,2.8850577594337334
E Z=1.5 @1d,1,14,Ana,False,3.0097492535420725
E Z=1.5 @1d,1,14,Ana,False,2.79993844206498
E Z=1.5 @1d,1,14,Ana,False,3.1075414845802114
E Z=1.5 @1d,1,14,Ana,False,3.2001347789584855
E Z=2.0 @1d,1,14,Marta,False,3.4957991593336293
E Z=2.0 @1d,1,14,Marta,True,
E Z=2.0 @1d,1,14,Marta,True,
E Z=2.0 @1d,1,14,Marta,False,4.0491081117375325
E Z=2.0 @1d,1,14,Marta,False,3.719435219946917
E Z=2.0 @1d,1,14,Marta,False,3.7101061150185117
E Z=2.0 @1d,1,14,Marta,False,3.710232606150342
E Z=2.0 @1d,1,14,Marta,False,3.875719760455058
E Z=2.0 @1d,1,14,Marta,True,
E Z=2.0 @1d,1,14,Marta,False,3.761094842680447
E Z=2.0 @1d,1,14,Marta,False,3.843238288992779
E Z=2.0 @1d,1,14,Marta,False,3.747983898707046
E Z=2.0 @1d,1,14,Marta,False,3.8137318448474593
E Z=2.0 @1d,1,14,Marta,True,
E Z=2.0 @1d,1,14,Marta,False,3.933628532127546
E Z=2.0 @1d,1,14,Marta,True,
E Z=2.0 @1d,1,14,Marta,False,3.6268952606835954
E Z=2.0 @1d,1,14,Marta,True,
E Z=2.0 @1d,1,14,Marta,False,4.211635990536667
E Z=2.0 @1d,1,14,Marta,False,3.988825429234448
E Z=2.0 @1d,1,14,Marta,False,3.7265807408384948
E Z=2.0 @1d,1,14,Marta,True,
E Z=2.0 @1d,1,14,Marta,True,
E Z=2.0 @1d,1,14,Marta,False,4.003371154056173
E Z=2.0 @1d,1,14,Marta,False,3.510168622318344
E Z=2.0 @1d,1,14,Marta,False,3.703934569287281
E Z=2.0 @1d,1,14,Marta,False,3.3585671354759103
E Z=2.0 @1d,1,14,Marta,False,4.040052308096357
E Z=2.0 @1d,1,14,Marta,False,3.7376644865269366
E Z=2.0 @1d,1,14,Marta,False,3.6817721158904164
E Z=2.0 @1d,1,14,Marta,True,
E Z=2.0 @1d,1,14,Marta,True,
E Z=2.0 @1d,1,14,Marta,True,
E Z=2.0 @1d,1,14,Marta,False,3.6470920398075166
E Z=2.0 @1d,1,14,Marta,False,4.749705349440824
E Z=2.0 @1d,1,14,Marta,False,3.6233234735331736
E Z=2.0 @1d,1,14,Marta,False,4.062810984531939
E Z=2.0 @1d,1,14,Marta,False,3.8909725309238126
E Z=2.0 @1d,1,14,Marta,True,
E Z=2.0 @1d,1,14,Marta,False,3.6954509777062685
E Z=2.0 @1d,1,14,Marta,False,3.359063316081538
E Z=2.0 @1d,1,14,Marta,False,4.2751167800440735
E Z=2.0 @1d,1,14,Marta,True,
E Z=2.0 @1d,1,14,Marta,False,4.285757878335067
E Z=2.0 @1d,1,14,Marta,False,4.008193582142757
E Z=2.0 @1d,1,14,Marta,True,
E Z=2.0 @1d,1,14,Marta,False,3.4552661158961526
E Z=2.0 @1d,1,14,Marta,False,4.282126379454688
E Z=2.0 @1d,1,14,Marta,False,3.784671985948971
E Z=2.0 @1d,1,14,Marta,False,3.5470261726337577
E Z=2.0 @1d,1,14,Marta,True,
E Z=2.0 @1d,1,14,Marta,False,4.353618927245802
E Z=2.0 @1d,1,14,Marta,False,3.476309420639933
E Z=2.0 @1d,1,14,Marta,False,4.0113508637243855
E Z=2.0 @1d,1,14,Marta,False,4.218144472409987
E Z=2.0 @1d,1,14,Marta,False,3.901674423528809
E Z=2.0 @1d,1,14,Marta,False,3.6471284345541277
E Z=2.0 @1d,1,14,Marta,False,4.049269232674678
E Z=2.0 @1d,1,14,Marta,False,4.748993129747919
E Z=2.0 @1d,1,14,Marta,False,4.025079211891293
E Z=2.0 @1d,1,14,Diego,False,5.093638564060022
E Z=2.0 @1d,1,14,Diego,False,3.82818283511621
E Z=2.0 @1d,1,14,Diego,False,4.558249646818702
E Z=2.0 @1d,1,14,Diego,False,5.588202398158509
E Z=2.0 @1d,1,14,Diego,False,4.478814924119103
E Z=2.0 @1d,1,14,Diego,False,4.84315518420976
E Z=2.0 @1d,1,14,Diego,False,5.708966983277753
E Z=2.0 @1d,1,14,Diego,False,4.598950416138881
E Z=2.0 @1d,1,14,Diego,False,4.557387954653618
E Z=2.0 @1d,1,14,Diego,False,3.955040516553206
E Z=2.0 @1d,1,14,Diego,False,4.589098899909213
E Z=2.0 @1d,1,14,Diego,False,4.516880975541918
E Z=2.0 @1d,1,14,Diego,False,4.019701002045336
E Z=2.0 @1d,1,14,Diego,False,4.324958892540124
E Z=2.0 @1d,1,14,Diego,False,4.278976556383793
E Z=2.0 @1d,1,14,Diego,False,4.242151506334265
E Z=2.0 @1d,1,14,Diego,False,4.324068423908106
E Z=2.0 @1d,1,14,Diego,False,4.887828913453246
E Z=2.0 @1d,1,14,Diego,False,4.698047218824611
E Z=2.0 @1d,1,14,Diego,False,4.176840361374951
E Z=2.0 @1d,1,14,Diego,False,4.443001901306273
E Z=2.0 @1d,1,14,Diego,False,3.959129477204754
E Z=2.0 @1d,1,14,Diego,False,4.590679077228182
E Z=2.0 @1d,1,14,Diego,False,3.994229067777355
E Z=2.0 @1d,1,14,Diego,False,4.159965265067403
E Z=2.0 @1d,1,14,Diego,False,4.903057133250034
E Z=2.0 @1d,1,14,Diego,False,4.477285045545314
E Z=2.0 @1d,1,14,Diego,True,
E Z=2.0 @1d,1,14,Diego,False,4.063141084656821
E Z=2.0 @1d,1,14,Diego,False,4.961033456266719
E Z=2.0 @1d,1,14,Diego,True,
E Z=2.0 @1d,1,14,Diego,False,4.313975661277222
E Z=2.0 @1d,1,14,Diego,True,
E Z=2.0 @1d,1,14,Diego,False,3.9886441526864806
E Z=2.0 @1d,1,14,Diego,False,4.801577119596735
E Z=2.0 @1d,1,14,Diego,False,4.020607305011449
E Z=2.0 @1d,1,14,Diego,False,5.0443405635866405
E Z=2.0 @1d,1,14,Diego,False,4.8864756628056245
E Z=2.0 @1d,1,14,Diego,False,4.11094404767667
E Z=2.0 @1d,1,14,Diego,True,
E Z=2.0 @1d,1,14,Diego,False,4.136802918193734
E Z=2.0 @1d,1,14,Diego,False,6.0721061095692415
E Z=2.0 @1d,1,14,Diego,False,4.833387033694019
E Z=2.0 @1d,1,14,Diego,True,
E Z=2.0 @1d,1,14,Diego,False,4.084266488715425
E Z=2.0 @1d,1,14,Diego,False,4.410212313921409
E Z=2.0 @1d,1,14,Diego,False,4.717447800569652
E Z=2.0 @1d,1,14,Diego,False,5.553260010233927
E Z=2.0 @1d,1,14,Diego,False,4.928386281917056
E Z=2.0 @1d,1,14,Diego,False,4.7437360068167855
E Z=2.0 @1d,1,14,Diego,True,
E Z=2.0 @1d,1,14,Diego,False,5.0418284963347935
E Z=2.0 @1d,1,14,Diego,False,4.064016120020819
E Z=2.0 @1d,1,14,Diego,False,4.909870738507384
E Z=2.0 @1d,1,14,Diego,False,5.414556676849804
E Z=2.0 @1d,1,14,Diego,False,4.907718075707671
E Z=2.0 @1d,1,14,Diego,False,4.605197236717594
E Z=2.0 @1d,1,14,Diego,False,3.8537264903099286
E Z=2.0 @1d,1,14,Diego,False,4.203656643489712
E Z=2.0 @1d,1,14,Diego,False,5.784447558137075
E Z=2.0 @1d,1,14,Lucía,False,6.345419034046738
E Z=2.0 @1d,1,14,Lucía,True,
E Z=2.0 @1d,1,14,Lucía,True,
E Z=2.0 @1d,1,14,Lucía,True,
E Z=2.0 @1d,1,14,Lucía,False,5.560825335017346
E Z=2.0 @1d,1,14,Lucía,True,
E Z=2.0 @1d,1,14,Lucía,False,5.242970037918675
E Z=2.0 @1d,1,14,Lucía,True,
E Z=2.0 @1d,1,14,Lucía,False,6.24377742476691
E Z=2.0 @1d,1,14,Lucía,True,
E Z=2.0 @1d,1,14,Lucía,False,5.346109411283802
E Z=2.0 @1d,1,14,Lucía,True,
E Z=2.0 @1d,1,14,Lucía,True,
E Z=2.0 @1d,1,14,Lucía,True,
E Z=2.0 @1d,1,14,Lucía,True,
E Z=2.0 @1d,1,14,Lucía,True,
E Z=2.0 @1d,1,14,Lucía,True,
E Z=2.0 @1d,1,14,Lucía,True,
E Z=2.0 @1d,1,14,Lucía,False,5.374489772413227
E Z=2.0 @1d,1,14,Lucía,True,
E Z=2.0 @1d,1,14,Lucía,True,
E Z=2.0 @1d,1,14,Lucía,False,5.561081993873539
E Z=2.0 @1d,1,14,Lucía,True,
E Z=2.0 @1d,1,14,Lucía,True,
E Z=2.0 @1d,1,14,Lucía,False,7.557851584757321
E Z=2.0 @1d,1,14,Lucía,True,
E Z=2.0 @1d,1,14,Lucía,True,
E Z=2.0 @1d,1,14,Lucía,True,
E Z=2.0 @1d,1,14,Lucía,True,
E Z=2.0 @1d,1,14,Lucía,True,
E Z=2.0 @1d,1,14,Lucía,True,
E Z=2.0 @1d,1,14,Lucía,True,
E Z=2.0 @1d,1,14,Lucía,True,
E Z=2.0 @1d,1,14,Lucía,True,
E Z=2.0 @1d,1,14,Lucía,True,
E Z=2.0 @1d,1,14,Lucía,True,
E Z=2.0 @1d,1,14,Lucía,True,
E Z=2.0 @1d,1,14,Lucía,False,6.7548969982824225
E Z=2.0 @1d,1,14,Lucía,True,
E Z=2.0 @1d,1,14,Lucía,True,
E Z=2.0 @1d,1,14,Lucía,True,
E Z=2.0 @1d,1,14,Lucía,False,5.334800334840598
E Z=2.0 @1d,1,14,Lucía,False,6.352989731743632
E Z=2.0 @1d,1,14,Lucía,True,
E Z=2.0 @1d,1,14,Lucía,True,
E Z=2.0 @1d,1,14,Lucía,True,
E Z=2.0 @1d,1,14,Lucía,True,
E Z=2.0 @1d,1,14,Lucía,True,
E Z=2.0 @1d,1,14,Lucía,True,
E Z=2.0 @1d,1,14,Lucía,False,5.445149399514447
E Z=2.0 @1d,1,14,Lucía,False,6.25605850016682
E Z=2.0 @1d,1,14,Lucía,False,5.83281157663571
E Z=2.0 @1d,1,14,Lucía,True,
E Z=2.0 @1d,1,14,Lucía,True,
E Z=2.0 @1d,1,14,Lucía,True,
E Z=2.0 @1d,1,14,Lucía,True,
E Z=2.0 @1d,1,14,Lucía,True,
E Z=2.0 @1d,1,14,Lucía,True,
E Z=2.0 @1d,1,14,Lucía,True,
E Z=2.0 @1d,1,14,Lucía,True,
E Z=2.0 @1d,1,14,Karim,True,
E Z=2.0 @1d,1,14,Karim,True,
E Z=2.0 @1d,1,14,Karim,False,8.630884267293895
E Z=2.0 @1d,1,14,Karim,True,
E Z=2.0 @1d,1,14,Karim,False,8.530869735190205
E Z=2.0 @1d,1,14,Karim,False,5.6710054783593264
E Z=2.0 @1d,1,14,Karim,False,5.858632179375845
E Z=2.0 @1d,1,14,Karim,False,6.937010961553747
E Z=2.0 @1d,1,14,Karim,False,6.977517015483793
E Z=2.0 @1d,1,14,Karim,False,6.643616590823079
E Z=2.0 @1d,1,14,Karim,False,5.138166483886232
E Z=2.0 @1d,1,14,Karim,True,
E Z=2.0 @1d,1,14,Karim,True,
E Z=2.0 @1d,1,14,Karim,False,6.697092719118515
E Z=2.0 @1d,1,14,Karim,False,7.022674493684131
E Z=2.0 @1d,1,14,Karim,False,7.0822666277412205
E Z=2.0 @1d,1,14,Karim,True,
E Z=2.0 @1d,1,14,Karim,True,
E Z=2.0 @1d,1,14,Karim,False,6.222815630518325
E Z=2.0 @1d,1,14,Karim,False,5.5123661259992165
E Z=2.0 @1d,1,14,Karim,False,6.225743484411878
E Z=2.0 @1d,1,14,Karim,False,5.708210463671411
E Z=2.0 @1d,1,14,Karim,False,5.6511171252334345
E Z=2.0 @1d,1,14,Karim,False,6.497476565273511
E Z=2.0 @1d,1,14,Karim,False,6.598683878229148
E Z=2.0 @1d,1,14,Karim,False,6.203522155596998
E Z=2.0 @1d,1,14,Karim,False,7.18237454710116
E Z=2.0 @1d,1,14,Karim,False,7.03272966033004
E Z=2.0 @1d,1,14,Karim,False,6.319054457869204
E Z=2.0 @1d,1,14,Karim,False,6.319696441855038
E Z=2.0 @1d,1,14,Karim,False,6.6886021491895455
E Z=2.0 @1d,1,14,Karim,False,6.053353000863222
E Z=2.0 @1d,1,14,Karim,False,6.301206464969999
E Z=2.0 @1d,1,14,Karim,False,5.160075798239131
E Z=2.0 @1d,1,14,Karim,False,7.636380667610529
E Z=2.0 @1d,1,14,Karim,False,6.8778757859674595
E Z=2.0 @1d,1,14,Karim,True,
E Z=2.0 @1d,1,14,Karim,False,6.7959934332036545
E Z=2.0 @1d,1,14,Karim,False,7.106831307680421
E Z=2.0 @1d,1,14,Karim,True,
E Z=2.0 @1d,1,14,Karim,True,
E Z=2.0 @1d,1,14,Karim,True,
E Z=2.0 @1d,1,14,Karim,True,
E Z=2.0 @1d,1,14,Karim,False,7.760130406795808
E Z=2.0 @1d,1,14,Karim,False,7.253733158352457
E Z=2.0 @1d,1,14,Karim,True,
E Z=2.0 @1d,1,14,Karim,False,6.287187501125725
E Z=2.0 @1d,1,14,Karim,True,
E Z=2.0 @1d,1,14,Karim,False,5.480015291366741
E Z=2.0 @1d,1,14,Karim,True,
E Z=2.0 @1d,1,14,Karim,False,7.273034320753955
E Z=2.0 @1d,1,14,Karim,False,5.3237109766705295
E Z=2.0 @1d,1,14,Karim,False,5.79190241397028
E Z=2.0 @1d,1,14,Karim,True,
E Z=2.0 @1d,1,14,Karim,False,7.714532124354133
E Z=2.0 @1d,1,14,Karim,False,8.678541224147198
E Z=2.0 @1d,1,14,Karim,False,6.872447577236538
E Z=2.0 @1d,1,14,Karim,True,
E Z=2.0 @1d,1,14,Karim,False,6.855246216510637
E Z=2.0 @1d,1,14,Karim,False,6.586215655323674
E Z=2.0 @1d,1,14,Ana,False,2.8599513175317424
E Z=2.0 @1d,1,14,Ana,False,2.7574645081815934
E Z=2.0 @1d,1,14,Ana,False,2.9991714871763686
E Z=2.0 @1d,1,14,Ana,False,2.985550420679583
E Z=2.0 @1d,1,14,Ana,False,2.790747657873142
E Z=2.0 @1d,1,14,Ana,False,2.93555409309384
E Z=2.0 @1d,1,14,Ana,False,2.669084585908318
E Z=2.0 @1d,1,14,Ana,False,2.886249109912543
E Z=2.0 @1d,1,14,Ana,False,2.8228011207943986
E Z=2.0 @1d,1,14,Ana,False,2.6303168808735187
E Z=2.0 @1d,1,14,Ana,False,2.970160071000597
E Z=2.0 @1d,1,14,Ana,False,2.7238153239741156
E Z=2.0 @1d,1,14,Ana,False,2.6618520319487775
E Z=2.0 @1d,1,14,Ana,False,2.865392173124503
E Z=2.0 @1d,1,14,Ana,False,2.6302802466617377
E Z=2.0 @1d,1,14,Ana,False,2.782063829857978
E Z=2.0 @1d,1,14,Ana,False,2.9264247910823524
E Z=2.0 @1d,1,14,Ana,False,2.9007952403426533
E Z=2.0 @1d,1,14,Ana,False,2.964400714804394
E Z=2.0 @1d,1,14,Ana,False,2.7601164017506363
E Z=2.0 @1d,1,14,Ana,False,2.7017867686036836
E Z=2.0 @1d,1,14,Ana,False,2.7141829886411535
E Z=2.0 @1d,1,14,Ana,False,2.7191149702577095
E Z=2.0 @1d,1,14,Ana,False,3.095498921167959
E Z=2.0 @1d,1,14,Ana,False,2.8559543021663933
E Z=2.0 @1d,1,14,Ana,False,2.8552217333914696
E Z=2.0 @1d,1,14,Ana,False,2.7714619806230916
E Z=2.0 @1d,1,14,Ana,False,2.9577879384087336
E Z=2.0 @1d,1,14,Ana,False,2.597148982851986
E Z=2.0 @1d,1,14,Ana,False,2.775387652139192
E Z=2.0 @1d,1,14,Ana,False,2.721321985832005
E Z=2.0 @1d,1,14,Ana,False,2.735927971671662
E Z=2.0 @1d,1,14,Ana,False,2.7301146038669084
E Z=2.0 @1d,1,14,Ana,False,3.05961958077064
E Z=2.0 @1d,1,14,Ana,False,2.6545158506658244
E Z=2.0 @1d,1,14,Ana,False,2.67601135688745
E Z=2.0 @1d,1,14,Ana,False,2.68135446833635
E Z=2.0 @1d,1,14,Ana,False,2.861023027364471
E Z=2.0 @1d,1,14,Ana,False,2.703028679947188
E Z=2.0 @1d,1,14,Ana,False,2.9395557593064847
E Z=2.0 @1d,1,14,Ana,False,2.6647716989794685
E Z=2.0 @1d,1,14,Ana,False,2.936813315451955
E Z=2.0 @1d,1,14,Ana,False,2.9228993663697618
E Z=2.0 @1d,1,14,Ana,False,2.7398841574717077
E Z=2.0 @1d,1,14,Ana,False,2.7568271003612077
E Z=2.0 @1d,1,14,Ana,False,2.5980305847075758
E Z=2.0 @1d,1,14,Ana,False,2.952396586599779
E Z=2.0 @1d,1,14,Ana,False,2.7639921047814657
E Z=2.0 @1d,1,14,Ana,False,2.8894619168384583
E Z=2.0 @1d,1,14,Ana,False,2.883587430180171
E Z=2.0 @1d,1,14,Ana,False,2.9166838794101846
E Z=2.0 @1d,1,14,Ana,False,2.776548999368576
E Z=2.0 @1d,1,14,Ana,False,2.8067916234769332
E Z=2.0 @1d,1,14,Ana,False,2.703946136312465
E Z=2.0 @1d,1,14,Ana,False,2.805637895337639
E Z=2.0 @1d,1,14,Ana,False,2.6076203860418246
E Z=2.0 @1d,1,14,Ana,False,2.925524503929278
E Z=2.0 @1d,1,14,Ana,False,2.6585491247175583
E Z=2.0 @1d,1,14,Ana,False,2.9701580554760785
E Z=2.0 @1d,1,14,Ana,False,2.980232346047905
