person,seed,controller,scenario,relapsed,relapse_day,success,zero_day,mean_excess_w,peak_week_excess_w,puffs_ratio_first12w,dose_per_day_first12w,pred_err_first2w,pred_err_weeks7to10,pred_err_last4w
Marta,0,flat,stable,0,,1,161,-0.03161420298480214,0.03606061662998444,0.9172072521623419,0.4930453695569418,nan,nan,nan
Marta,1,flat,stable,1,31,0,,0.02378281023858396,0.03176879747253815,1.0364255765199162,0.8306908411740062,nan,nan,nan
Marta,2,flat,stable,0,,1,161,-0.016295486967545143,0.03538148907813786,0.9989528319067565,0.5394658523894071,nan,nan,nan
Marta,0,flat,routine_change,0,,1,161,-0.021530362615587065,0.05068936848292344,1.0148037258815703,0.5257730167354859,nan,nan,nan
Marta,1,flat,routine_change,1,31,0,,0.02378281023858396,0.03176879747253815,1.0364255765199162,0.8306908411740062,nan,nan,nan
Marta,2,flat,routine_change,0,,1,161,-0.006742395230614277,0.06777699513780817,1.0947004188672373,0.572583015369235,nan,nan,nan
Marta,0,flat,model_mismatch,0,,1,161,-0.030631615772104548,0.02976355692931539,0.9158197267577475,0.49159745880853856,nan,nan,nan
Marta,1,flat,model_mismatch,1,31,0,,0.01913246156602794,0.026726449404437174,1.0475070348223707,0.8407578035033434,nan,nan,nan
Marta,2,flat,model_mismatch,0,,1,161,-0.010345766736619633,0.03954840219590082,1.00284874104025,0.5451309861437499,nan,nan,nan
Marta,0,codex_rules,stable,1,7,0,,0.33084297694362375,0.3410993387566564,0.9968188622754491,0.22549870351111836,nan,nan,nan
Marta,1,codex_rules,stable,1,6,0,,0.34168172950944514,0.34168172950944514,1.1425576519916143,0.25415874372767144,nan,nan,nan
Marta,2,codex_rules,stable,0,,1,161,-0.03453056760759741,0.33159711107705814,1.0076488799854306,0.13172757894031245,nan,nan,nan
Marta,0,codex_rules,routine_change,1,7,0,,0.33084297694362375,0.3410993387566564,0.9968188622754491,0.22549870351111836,nan,nan,nan
Marta,1,codex_rules,routine_change,1,6,0,,0.34168172950944514,0.34168172950944514,1.1425576519916143,0.25415874372767144,nan,nan,nan
Marta,2,codex_rules,routine_change,0,,1,161,-0.03330812225618785,0.33159711107705814,1.1259333454744127,0.1370546161035751,nan,nan,nan
Marta,0,codex_rules,model_mismatch,1,7,0,,0.33907317714271057,0.34681666494567975,0.9997917360879707,0.22646152281754603,nan,nan,nan
Marta,1,codex_rules,model_mismatch,1,4,0,,0.3728571971438933,0.3728571971438933,1.2091804431938094,0.2668742017963813,nan,nan,nan
Marta,2,codex_rules,model_mismatch,1,12,0,,0.27767031368588857,0.32817260452429936,1.1908303055151062,0.25237486644853246,nan,nan,nan
Marta,0,habit_only,stable,0,,1,161,-0.035582102340519096,0.05107665453986814,0.9008233532934132,0.49004158351206023,nan,nan,nan
Marta,1,habit_only,stable,0,,1,161,-0.013296351865689787,0.04610611157492819,1.0006551362683438,0.5163717019713847,nan,nan,nan
Marta,2,habit_only,stable,0,,1,161,-0.027489674236390687,0.026296981101011918,0.9775086505190311,0.5063835037986298,nan,nan,nan
Marta,0,habit_only,routine_change,0,,1,161,-0.040499741840357845,0.05107665453986814,0.9937624750499002,0.49438693337560125,nan,nan,nan
Marta,1,habit_only,routine_change,0,,1,161,-0.01720559674138915,0.04610611157492819,1.0728511530398324,0.5188266589783922,nan,nan,nan
Marta,2,habit_only,routine_change,0,,1,161,-0.030722571948028493,0.026296981101011918,1.0854124931706428,0.5102375855745486,nan,nan,nan
Marta,0,habit_only,model_mismatch,0,,1,161,-0.034736530874436455,0.03858791589648786,0.911987670776408,0.4904678181301199,nan,nan,nan
Marta,1,habit_only,model_mismatch,0,,1,161,-0.015525571703594138,0.048492038772249384,1.0094970102004923,0.5180507162696262,nan,nan,nan
Marta,2,habit_only,model_mismatch,0,,1,161,-0.021797538083930874,0.026337774796541452,1.0021135820621212,0.5136438439707164,nan,nan,nan
Marta,0,nn_frozen,stable,0,,1,161,-0.03379264886129759,0.06016789297385674,0.9002827677977379,0.48620078868222144,0.3752341491676033,0.29027161443330657,0.3467165690900423
Marta,1,nn_frozen,stable,1,101,0,,0.017302807830060874,0.04730488740407598,1.001004542278127,0.5145840121767896,0.2857568397234432,0.3024291231602027,0.3062093193458983
Marta,2,nn_frozen,stable,0,,1,161,-0.02521965514656201,0.03482303214886391,0.9775997086140957,0.5083641965660672,0.37908009685449967,0.250106581966037,0.33946138639699275
Marta,0,nn_frozen,routine_change,0,,1,161,-0.03957450772039085,0.06016789297385674,0.9929723885562209,0.4888514895063735,0.3752341491676033,0.3319541705493515,0.3628745573331402
Marta,1,nn_frozen,routine_change,0,,1,161,-0.014741958081006064,0.04730488740407598,1.0733315863032844,0.5159349592082001,0.2857568397234432,0.3863072234609063,0.36010680629678227
Marta,2,nn_frozen,routine_change,0,,1,161,-0.02943859982827149,0.03482303214886391,1.0911036241121834,0.5114850976005438,0.37908009685449967,0.38446116758302773,0.3183518257984125
Marta,0,nn_frozen,model_mismatch,0,,1,161,-0.033738264012539966,0.049464143923025165,0.9154865044985007,0.48428731169061484,0.4182806036858504,0.30817592250409576,0.3524719477782998
Marta,1,nn_frozen,model_mismatch,1,101,0,,0.013026014197964448,0.0425106522289587,1.0095849454801264,0.514452541467214,0.2520821255777976,0.30482342573787147,0.3118366688194444
Marta,2,nn_frozen,model_mismatch,0,,1,161,-0.018553223701711793,0.034969054958943396,0.9882834037860687,0.5148060155642797,0.41682142040477693,0.2581495929325321,0.3631929470909622
Marta,0,nn_adaptive,stable,0,,1,161,-0.037080159176644714,0.04739208809321059,0.9011144377910846,0.4984293922860332,0.3052776390332003,0.26450205676628574,0.3206336819563334
Marta,1,nn_adaptive,stable,0,,1,161,-0.014059223354857124,0.04041315459827643,0.9952393431167016,0.5157650458202473,0.2849135254310294,0.31373410116847605,0.28874812800344474
Marta,2,nn_adaptive,stable,0,,1,161,-0.02231539158367244,0.04038151755920478,0.9892551447823712,0.5082816605995081,0.36285002019573015,0.25354911651022427,0.3248293133419935
Marta,0,nn_adaptive,routine_change,0,,1,161,-0.03989550527559782,0.04739208809321059,0.9918912175648703,0.4995079230269169,0.3052776390332003,0.32040653094818344,0.30167681176534816
Marta,1,nn_adaptive,routine_change,0,,1,161,-0.015904752973955917,0.04041315459827643,1.0729821802935011,0.5167012397097586,0.2849135254310294,0.3136892909764634,0.28699625708057797
Marta,2,nn_adaptive,routine_change,0,,1,161,-0.02548100712469996,0.04038151755920478,1.091741030777636,0.5088048872158454,0.36285002019573015,0.3234660536039364,0.2794518655567706
Marta,0,nn_adaptive,model_mismatch,0,,1,161,-0.03814077776347684,0.03089493494700461,0.9161946017994002,0.4991668281184735,0.3520094937395381,0.28191680238339656,0.3287082481092734
Marta,1,nn_adaptive,model_mismatch,0,,1,161,-0.01636589739248216,0.05149666142949188,1.0092771720014069,0.5170144226097568,0.2768175945664068,0.31295288259906534,0.2975144199899912
Marta,2,nn_adaptive,model_mismatch,0,,1,161,-0.01720704368590738,0.02835416469673644,1.0101084359492742,0.5104583404899597,0.4186904778161562,0.2584915253299859,0.278901890170338
Diego,0,flat,stable,1,22,0,,0.05562096129108807,0.08648277131445639,1.0921452853820002,0.9505153637502235,nan,nan,nan
Diego,1,flat,stable,0,,1,161,-0.20952660071770426,0.01397188376862557,1.0386005256241786,0.5608191308675934,nan,nan,nan
Diego,2,flat,stable,0,,1,161,-0.15839998106354305,0.09474976278523403,0.9363117870722435,0.521741974703653,nan,nan,nan
Diego,0,flat,routine_change,1,22,0,,0.05562096129108807,0.08648277131445639,1.0921452853820002,0.9505153637502235,nan,nan,nan
Diego,1,flat,routine_change,1,56,0,,-0.04048219687144668,0.01397188376862557,1.0222352859810497,0.6749022651968918,nan,nan,nan
Diego,2,flat,routine_change,0,,1,161,-0.16055020490818778,0.09474976278523403,0.9711660329531053,0.532764677718713,nan,nan,nan
Diego,0,flat,model_mismatch,1,68,0,,0.03778903140220167,0.1146869641872511,1.0798294268503608,0.6544079713591228,nan,nan,nan
Diego,1,flat,model_mismatch,0,,1,161,-0.14082167867555104,0.07571852477675488,1.0229207596594632,0.5536490612502312,nan,nan,nan
Diego,2,flat,model_mismatch,1,177,0,161,-0.05624507617235776,0.13171651787137492,0.9464285714285714,0.5276123335574736,nan,nan,nan
Diego,0,codex_rules,stable,0,,1,161,-0.2506519395773691,0.09718409715386919,1.0584705075445817,0.17654699554813438,nan,nan,nan
Diego,1,codex_rules,stable,1,1,0,,0.08607837875623117,0.08607837875623117,1.1176084099868593,0.3246169886763201,nan,nan,nan
Diego,2,codex_rules,stable,1,84,0,,-0.13164479019190112,0.10199476010504226,0.9394803548795946,0.15967245073159922,nan,nan,nan
Diego,0,codex_rules,routine_change,0,,1,161,-0.24988041746065034,0.09718409715386919,1.0804183813443071,0.17845409222896894,nan,nan,nan
Diego,1,codex_rules,routine_change,1,1,0,,0.08607837875623117,0.08607837875623117,1.1176084099868593,0.3246169886763201,nan,nan,nan
Diego,2,codex_rules,routine_change,0,,1,161,-0.2570780862295425,0.10199476010504226,0.9459759188846641,0.16004971053872408,nan,nan,nan
Diego,0,codex_rules,model_mismatch,1,5,0,,0.1453345219461893,0.1453345219461893,1.087448559670782,0.33042920309189305,nan,nan,nan
Diego,1,codex_rules,model_mismatch,0,,1,161,-0.22165711706042862,0.12673270783946683,0.9852652259332024,0.1634798009411605,nan,nan,nan
Diego,2,codex_rules,model_mismatch,0,,1,161,-0.1811823862304971,0.18519971293367737,0.9464285714285714,0.16087596314524358,nan,nan,nan
Diego,0,habit_only,stable,0,,1,161,-0.1708907481396393,0.04472969175604583,1.0632716049382716,0.47974652793322425,nan,nan,nan
Diego,1,habit_only,stable,1,46,0,,-0.04610890653450662,-0.010810160104461406,1.0107501328039812,0.5983216630947656,nan,nan,nan
Diego,2,habit_only,stable,0,,1,161,-0.17046820148886252,0.06788057912004267,0.9331432192648923,0.46814678266436593,nan,nan,nan
Diego,0,habit_only,routine_change,0,,1,161,-0.1735359690310342,0.04472969175604583,1.0737311385459534,0.4803035606848336,nan,nan,nan
Diego,1,habit_only,routine_change,1,46,0,,-0.04610890653450662,-0.010810160104461406,1.0107501328039812,0.5983216630947656,nan,nan,nan
Diego,2,habit_only,routine_change,0,,1,161,-0.16974117531154878,0.06788057912004267,0.9424904942965779,0.4694552189914499,nan,nan,nan
Diego,0,habit_only,model_mismatch,0,,1,161,-0.13029761133704867,0.06141489535943058,1.0840192043895747,0.4822899324544453,nan,nan,nan
Diego,1,habit_only,model_mismatch,0,,1,161,-0.15232461911930223,0.045704092396419815,1.034053700065488,0.4630160108644001,nan,nan,nan
Diego,2,habit_only,model_mismatch,0,,1,161,-0.10691414036769756,0.09736051710768585,0.9483418367346939,0.4668878814951239,nan,nan,nan
Diego,0,nn_frozen,stable,0,,1,161,-0.17369265781683657,0.04030840043547893,1.0632716049382716,0.4740856717372696,0.49832359461415787,0.6098242448813286,0.5563392442983183
Diego,1,nn_frozen,stable,1,195,0,161,-0.21617373333166795,-0.015441346929491602,1.0257884362680683,0.43950576217555304,0.6736297373583356,0.46299263189573553,0.5651328178929742
Diego,2,nn_frozen,stable,0,,1,161,-0.1735035846723938,0.06344378575669088,0.9331432192648923,0.4563966571838444,0.48190640145130087,0.5789827396449362,0.5397233231245104
Diego,0,nn_frozen,routine_change,0,,1,161,-0.1749857095185284,0.04030840043547893,1.0718449931412894,0.47506681161526315,0.49832359461415787,0.6518639785054015,0.5651708231614864
Diego,1,nn_frozen,routine_change,0,,1,161,-0.23113765957193852,-0.015441346929491602,1.0252956636005255,0.43820429688405704,0.6736297373583356,0.4860060983412172,0.5074871442602283
Diego,2,nn_frozen,routine_change,0,,1,161,-0.17299759835619588,0.06344378575669088,0.9424904942965779,0.4569583028656641,0.48190640145130087,0.625826864825022,0.5062178363984351
Diego,0,nn_frozen,model_mismatch,0,,1,161,-0.1303918228169065,0.05820281545579285,1.0725308641975309,0.4787879883865349,0.498476012860309,0.616244260342058,0.5386224860010916
Diego,1,nn_frozen,model_mismatch,0,,1,161,-0.1572466512766806,0.04187083820609946,1.0338899803536348,0.43804859701161997,0.6801149386981189,0.4538181122976858,0.5358177833056376
Diego,2,nn_frozen,model_mismatch,1,177,0,161,-0.0737951828383948,0.09704949170754225,0.9470663265306121,0.4578544796521918,0.4641290353480811,0.5737445293811875,0.5348661551242192
Diego,0,nn_adaptive,stable,0,,1,161,-0.17216076854127033,0.05404046745462611,1.0747599451303156,0.473643527875708,0.49169145596787284,0.5892316926561306,0.5213579804689712
Diego,1,nn_adaptive,stable,0,,1,161,-0.22363881812881045,0.00015937423198036926,1.0050919842312747,0.457453454502638,0.758826632580657,0.4743102322143197,0.537306921124751
Diego,2,nn_adaptive,stable,0,,1,161,-0.17143323020471568,0.06972154071540099,0.9331432192648923,0.46992216859760444,0.46867622783526824,0.518354889322337,0.5392411606764201
Diego,0,nn_adaptive,routine_change,0,,1,161,-0.1735939673736925,0.05404046745462611,1.083676268861454,0.4734964671768352,0.49169145596787284,0.5510019853455235,0.5010373915048787
Diego,1,nn_adaptive,routine_change,0,,1,161,-0.22262820153742155,0.00015937423198036926,1.0377792378449406,0.45937778495746034,0.758826632580657,0.5095427882689422,0.5606246940299998
Diego,2,nn_adaptive,routine_change,0,,1,161,-0.1709154840750524,0.06972154071540099,0.9466096324461344,0.4687599513092328,0.46867622783526824,0.5686461777887012,0.5314101751293386
Diego,0,nn_adaptive,model_mismatch,0,,1,161,-0.13063598564419532,0.06869742454761309,1.0840192043895747,0.47669578678694796,0.4964113160503861,0.5849862755498819,0.5025011924426
Diego,1,nn_adaptive,model_mismatch,0,,1,161,-0.15116852176404386,0.047111334747373605,1.0342174197773413,0.4589721049181053,0.7767630972536865,0.47540450374256016,0.5020365093031824
Diego,2,nn_adaptive,model_mismatch,0,,1,161,-0.10584999178393158,0.1065612487041113,0.9441964285714285,0.4697998518033914,0.46172808026190154,0.5138487018397883,0.5304988923971022
Lucía,0,flat,stable,0,,1,161,0.009298016865891937,0.06769404432359939,1.0504933703361086,0.5722357459368405,nan,nan,nan
Lucía,1,flat,stable,0,,1,161,0.005119172887769499,0.06265926143776057,1.1190960275258055,0.5996198429989296,nan,nan,nan
Lucía,2,flat,stable,0,,1,161,0.02044994769663512,0.07522239115532163,1.0517910447761194,0.5594742781859107,nan,nan,nan
Lucía,0,flat,routine_change,1,109,0,,0.15759736720750986,0.30284310219708693,1.09913660191181,0.5899576810709806,nan,nan,nan
Lucía,1,flat,routine_change,1,86,0,,0.14328753144024767,0.3001660945262235,1.1498279637159836,0.6143361021565706,nan,nan,nan
Lucía,2,flat,routine_change,1,51,0,,0.09292250830442514,0.29672730077480886,1.0243226176808267,0.6929249394353052,nan,nan,nan
Lucía,0,flat,model_mismatch,1,36,0,,0.01557118103149188,0.03942706543527497,1.0990044432566064,0.8523918492560846,nan,nan,nan
Lucía,1,flat,model_mismatch,0,,1,161,-0.0005807860022955572,0.06049188577382199,1.2070858283433135,0.6506069436298467,nan,nan,nan
Lucía,2,flat,model_mismatch,0,,1,161,0.01751072114379258,0.06816556174123807,1.0625747607655502,0.561950518921412,nan,nan,nan
Lucía,0,codex_rules,stable,1,19,0,,0.18374121105489638,0.2041278913612106,1.313876040703053,0.3041524012862656,nan,nan,nan
Lucía,1,codex_rules,stable,0,,1,161,-0.011022052635338401,0.2409745434987566,1.1520175164216453,0.17147126223727824,nan,nan,nan
Lucía,2,codex_rules,stable,0,,1,161,0.005225346938774938,0.2651596357332419,1.098582089552239,0.1658189142185036,nan,nan,nan
Lucía,0,codex_rules,routine_change,1,19,0,,0.18374121105489638,0.2041278913612106,1.313876040703053,0.3041524012862656,nan,nan,nan
Lucía,1,codex_rules,routine_change,0,,1,161,0.024246800770920052,0.2409745434987566,1.1497497654050672,0.16426201814858457,nan,nan,nan
Lucía,2,codex_rules,routine_change,1,44,0,,0.13015889412823745,0.2651596357332419,1.1450746268656715,0.22435077817182855,nan,nan,nan
Lucía,0,codex_rules,model_mismatch,1,22,0,,0.18177452705949124,0.21763988907294088,1.3379642070188638,0.2992641964326111,nan,nan,nan
Lucía,1,codex_rules,model_mismatch,0,,1,161,-0.01914023594512257,0.1876093719956747,1.242348636061211,0.18578223648678815,nan,nan,nan
Lucía,2,codex_rules,model_mismatch,0,,1,161,0.00902960663184089,0.2697707230004883,1.101226076555024,0.1668507685145913,nan,nan,nan
Lucía,0,habit_only,stable,0,,1,161,-0.002305123771965292,0.052348573569451835,1.0394696268886834,0.5216653409837517,nan,nan,nan
Lucía,1,habit_only,stable,0,,1,161,-0.009034463938023025,0.03776335546690751,1.109946825148577,0.5234883739826696,nan,nan,nan
Lucía,2,habit_only,stable,0,,1,161,0.010585204432471702,0.05511480286152824,1.008731343283582,0.5141303862362872,nan,nan,nan
Lucía,0,habit_only,routine_change,1,73,0,,0.12217692638311821,0.28227460034478097,1.0650423781783633,0.5643471198192095,nan,nan,nan
Lucía,1,habit_only,routine_change,1,69,0,,0.11070576267823591,0.27467990446840324,1.155426962777604,0.5776635395853786,nan,nan,nan
Lucía,2,habit_only,routine_change,1,64,0,,0.11760106221306565,0.28686564657560476,1.0369322617680827,0.5898513259788263,nan,nan,nan
Lucía,0,habit_only,model_mismatch,0,,1,161,0.00496007118561113,0.056126937146315795,1.0424134734239803,0.5213832567751997,nan,nan,nan
Lucía,1,habit_only,model_mismatch,0,,1,161,-0.02204205098058242,0.027062830006221013,1.1936127744510978,0.527213733732806,nan,nan,nan
Lucía,2,habit_only,model_mismatch,0,,1,161,0.006616353338682926,0.05661059976846104,1.010391746411483,0.5128938476935317,nan,nan,nan
Lucía,0,nn_frozen,stable,0,,1,161,-0.0007782418573054236,0.04475209605789094,1.0901942645698428,0.5244885639792198,0.27483182954569274,0.32042961059181074,0.2900311075657674
Lucía,1,nn_frozen,stable,0,,1,161,-0.00826029944134102,0.03713615928538234,1.0977478886456054,0.5194852939732785,0.33099670767749634,0.2864358397251004,0.30307175929048197
Lucía,2,nn_frozen,stable,0,,1,161,0.01233418643412721,0.05393798062995464,1.0088059701492538,0.5103443092623315,0.2566776659794525,0.26885666701430194,0.2907874752997953
Lucía,0,nn_frozen,routine_change,1,57,0,,0.08949345826330245,0.2843013720281798,1.0661105617404065,0.6329121528717837,0.27483182954569274,nan,nan
Lucía,1,nn_frozen,routine_change,1,43,0,,0.030142296584191732,0.027542362414039463,1.0488952711348707,0.689263664244803,0.33099670767749634,nan,nan
Lucía,2,nn_frozen,routine_change,1,104,0,,0.15356267055065775,0.2839300993794577,1.0408955223880596,0.5160538636004202,0.2566776659794525,1.3600902351393531,1.3217040695233948
Lucía,0,nn_frozen,model_mismatch,0,,1,161,0.006881796075330599,0.06106422548936199,1.042645241038319,0.5177443043259825,0.2865922523176461,0.29497423078906004,0.29362873804602907
Lucía,1,nn_frozen,model_mismatch,1,155,0,,-0.013487627918471223,0.006510973298692016,1.1922821024617432,0.5241053869420493,0.35467022992740704,0.3123433209628051,0.3079672704319784
Lucía,2,nn_frozen,model_mismatch,0,,1,161,0.009398336174469188,0.05668353612206127,1.0146531100478469,0.507906910456322,0.26263918492209276,0.2937894866412795,0.3387907655429358
Lucía,0,nn_adaptive,stable,1,107,0,,0.017052227374054426,0.0555053191700484,1.0400863398088191,0.5087901235111087,0.34776118509181947,0.3203628112989127,0.32954778893441977
Lucía,1,nn_adaptive,stable,0,,1,161,-0.004667326860856136,0.036774949235007626,1.1132311542070692,0.5133306010041455,0.3668137154424828,0.2534632937423372,0.2712119622146208
Lucía,2,nn_adaptive,stable,0,,1,161,0.012164842157387301,0.05508649649308499,1.0143283582089553,0.5111083190275516,0.2630647724921259,0.2772426070213808,0.3228588546814346
Lucía,0,nn_adaptive,routine_change,1,77,0,,0.12715528117715305,0.27748754398638703,1.0962665148604096,0.5353138241393559,0.34776118509181947,0.9273949620619536,nan
Lucía,1,nn_adaptive,routine_change,1,97,0,,0.12883448582974774,0.2725018526017494,1.1407569596496714,0.5173938328333737,0.3668137154424828,0.9608965150393748,0.9017438835808619
Lucía,2,nn_adaptive,routine_change,1,107,0,,0.15331420794719736,0.28866545037364305,1.041268656716418,0.5150285831227672,0.2630647724921259,0.9219448712040142,0.8556340593363009
Lucía,0,nn_adaptive,model_mismatch,1,68,0,,0.021317116107263116,0.0425282804666347,1.027126887730424,0.5709817611206176,0.32625908806517795,nan,nan
Lucía,1,nn_adaptive,model_mismatch,0,,1,161,-0.01381888992612275,0.025889866901909635,1.1938622754491017,0.5161478784451221,0.34107884680295203,0.2934307661361513,0.2889525798399517
Lucía,2,nn_adaptive,model_mismatch,1,163,0,161,0.020116561177840317,0.056744525099614175,1.044407894736842,0.505936482501383,0.2689286417219678,0.3300197215148683,0.3495500327329345
Karim,0,flat,stable,0,,1,161,-0.02546661484407497,0.07402287664033404,0.9941876182752095,0.5467680723200335,nan,nan,nan
Karim,1,flat,stable,1,69,0,,0.07550648513907428,0.11469425942453336,1.0914327917282125,0.6563153632832726,nan,nan,nan
Karim,2,flat,stable,1,148,0,,-0.10694613605769687,-0.026607230232726497,0.9786707675849158,0.5352807813618269,nan,nan,nan
Karim,0,flat,routine_change,0,,1,161,-0.06191027363280759,0.07402287664033404,0.9222762908894296,0.5205541668938003,nan,nan,nan
Karim,1,flat,routine_change,0,,1,161,-0.03751701261720614,0.0974972586782181,0.9836779911373705,0.5570762371289841,nan,nan,nan
Karim,2,flat,routine_change,0,,1,161,-0.17679434296093346,-0.026607230232726497,0.874765980208612,0.4990151016702149,nan,nan,nan
Karim,0,flat,model_mismatch,1,39,0,,0.08515074127918573,0.11514699495723715,0.9902241847826088,0.7577339302935652,nan,nan,nan
Karim,1,flat,model_mismatch,1,24,0,,0.08309023242524609,0.09717408428273222,1.0364595545134818,0.891087756154748,nan,nan,nan
Karim,2,flat,model_mismatch,0,,1,161,-0.04508831501548235,0.06849949279719736,1.0427678317703892,0.5720480868313994,nan,nan,nan
Karim,0,codex_rules,stable,1,4,0,,0.2934178625978605,0.2934178625978605,1.0695863746958638,0.27107524573961067,nan,nan,nan
Karim,1,codex_rules,stable,1,11,0,,0.22354889120690372,0.2776913319625936,1.1952732644017723,0.28809186343689835,nan,nan,nan
Karim,2,codex_rules,stable,0,,1,161,-0.20962329591979684,0.15554558525043596,0.9283230810377107,0.1328128463869847,nan,nan,nan
Karim,0,codex_rules,routine_change,1,4,0,,0.2934178625978605,0.2934178625978605,1.0695863746958638,0.27107524573961067,nan,nan,nan
Karim,1,codex_rules,routine_change,1,11,0,,0.22354889120690372,0.2776913319625936,1.1952732644017723,0.28809186343689835,nan,nan,nan
Karim,2,codex_rules,routine_change,0,,1,161,-0.21985639806759977,0.15554558525043596,0.8705536239636267,0.13137195413511743,nan,nan,nan
Karim,0,codex_rules,model_mismatch,1,14,0,,0.26598254938793386,0.3191104381847163,1.1466304347826086,0.26221423633242086,nan,nan,nan
Karim,1,codex_rules,model_mismatch,0,,1,161,-0.05464739096875047,0.3160298745776817,1.0945926143024618,0.1555133631460823,nan,nan,nan
Karim,2,codex_rules,model_mismatch,0,,1,161,-0.10872215636696317,0.23738957509931433,1.0260727479397556,0.14573176477227026,nan,nan,nan
Karim,0,habit_only,stable,0,,1,161,-0.04570829133732835,0.05995129840667361,0.9913490132468235,0.48397216556124145,nan,nan,nan
Karim,1,habit_only,stable,0,,1,161,-0.03494135973106402,0.09185892352763579,1.0813884785819792,0.4866068403944424,nan,nan,nan
Karim,2,habit_only,stable,0,,1,161,-0.1743707492938367,-0.05605127273089091,0.9664348756351967,0.4666834487436765,nan,nan,nan
Karim,0,habit_only,routine_change,0,,1,161,-0.06755502286927133,0.05995129840667361,0.922411462557448,0.4712946047596873,nan,nan,nan
Karim,1,habit_only,routine_change,0,,1,161,-0.04957446055990783,0.09185892352763579,0.9818316100443131,0.4741264247010295,nan,nan,nan
Karim,2,habit_only,routine_change,0,,1,161,-0.18991966934252108,-0.05605127273089091,0.875501470981546,0.44784641493793015,nan,nan,nan
Karim,0,habit_only,model_mismatch,1,49,0,,0.06830964579647957,0.08447637026800657,0.9898532608695653,0.6192715134008174,nan,nan,nan
Karim,1,habit_only,model_mismatch,0,,1,161,-0.021374668733415574,0.07595685186047062,1.0704132473622507,0.4896281657758861,nan,nan,nan
Karim,2,habit_only,model_mismatch,0,,1,161,-0.07526600376501169,0.04704833307812232,1.0296959363455527,0.4831954599361722,nan,nan,nan
Karim,0,nn_frozen,stable,0,,1,161,-0.043130419446509645,0.05953675269429636,0.9910110840767774,0.49233804976739987,0.3818869823539292,0.45599286498352554,0.5355458345001227
Karim,1,nn_frozen,stable,0,,1,161,-0.032476176392204625,0.09362888158219033,1.0779911373707531,0.49644129326673087,0.478539332145928,0.4517446314961728,0.4508608672491854
Karim,2,nn_frozen,stable,0,,1,161,-0.16633675385686125,-0.05616696524851233,0.9667023268253544,0.48114914134955816,0.47966666189431856,0.46966200980463757,0.4826352397556658
Karim,0,nn_frozen,routine_change,0,,1,161,-0.06389507826510593,0.05953675269429636,0.9225466342254663,0.47425375388798635,0.3818869823539292,0.5800639352613233,0.6440978394941835
Karim,1,nn_frozen,routine_change,0,,1,161,-0.04749774270032582,0.09362888158219033,0.9826440177252583,0.4773444619751397,0.478539332145928,0.5666244129039439,0.543712652551666
Karim,2,nn_frozen,routine_change,0,,1,161,-0.18133127676785352,-0.05616696524851233,0.8757689221717037,0.4548893000177102,0.47966666189431856,0.7159504803220419,0.609801089014777
Karim,0,nn_frozen,model_mismatch,0,,1,161,-0.012405894118578585,0.08130541420383222,0.9983016304347827,0.4916933967764023,0.4395943246543528,0.49790870677871185,0.5495975636165767
Karim,1,nn_frozen,model_mismatch,0,,1,161,-0.02512639430654221,0.07275399693138218,1.070339976553341,0.4983543972410564,0.45111914240648393,0.47175993096717495,0.5262242698067033
Karim,2,nn_frozen,model_mismatch,0,,1,161,-0.07173360198660447,0.04376042229041532,1.037936913895993,0.49790273153932546,0.5443420177820762,0.4317645238730122,0.42939579450129006
Karim,0,nn_adaptive,stable,0,,1,161,-0.045693483281810776,0.06055945235096562,0.9921600432549338,0.4972665665928737,0.4640228867272716,0.5107607408446203,0.5457050000587483
Karim,1,nn_adaptive,stable,0,,1,161,-0.027190488980550785,0.09615241952387828,1.0827917282127029,0.4937508806880862,0.540630204396212,0.4438792021146237,0.4822904597636644
Karim,2,nn_adaptive,stable,0,,1,161,-0.16845213435573136,-0.05519741928696607,0.963960952126237,0.4820902874304387,0.5543822469695164,0.4911088870381935,0.4291680457729502
Karim,0,nn_adaptive,routine_change,0,,1,161,-0.06421184305205965,0.06055945235096562,0.9028791565287916,0.49644836155801664,0.4640228867272716,0.3894936726185065,0.345643830279761
Karim,1,nn_adaptive,routine_change,0,,1,161,-0.04405685036287698,0.09615241952387828,0.9821270310192022,0.48729502737536445,0.540630204396212,0.451836558310962,0.4839889943251222
Karim,2,nn_adaptive,routine_change,0,,1,161,-0.18585372109347975,-0.05519741928696607,0.8741642150307569,0.47188915175658036,0.5543822469695164,0.5116948213062246,0.31195987949610615
Karim,0,nn_adaptive,model_mismatch,0,,1,161,-0.012163659606218015,0.09575264579174605,0.9949048913043479,0.5010362340746785,0.40926542374428493,0.4875360084041662,0.5227476133895747
Karim,1,nn_adaptive,model_mismatch,1,103,0,,0.04224005926465107,0.08540318162668305,1.0942995310668229,0.494852322316878,0.5352954764583794,0.4685479997619507,0.4883658846963476
Karim,2,nn_adaptive,model_mismatch,0,,1,161,-0.06933176045432611,0.06654210259791886,1.0215260017050296,0.4925055137876543,0.5934875196405379,0.4533395547201045,0.45749012463507616
Ana,0,flat,stable,0,,1,161,-0.16776213540659926,-0.048521061484191504,0.9641025641025642,0.5295498472112982,nan,nan,nan
Ana,1,flat,stable,0,,1,161,-0.07041170157946186,0.0996207190910487,0.952308362369338,0.5166741598435975,nan,nan,nan
Ana,2,flat,stable,0,,1,161,-0.11126316369071208,0.0003802338128171307,0.976890756302521,0.5273181686981482,nan,nan,nan
Ana,0,flat,routine_change,0,,1,161,-0.1538300400692961,-0.03509220252897892,0.9832167832167833,0.5368699172367972,nan,nan,nan
Ana,1,flat,routine_change,1,159,0,,-0.032124452617179645,0.0996207190910487,0.9552482578397213,0.517359785542704,nan,nan,nan
Ana,2,flat,routine_change,0,,1,161,-0.10221198391452228,0.0003802338128171307,0.9805395842547545,0.530546868952482,nan,nan,nan
Ana,0,flat,model_mismatch,0,,1,161,-0.1559947890729478,-0.04883623735358137,0.9641025641025642,0.5292987210101905,nan,nan,nan
Ana,1,flat,model_mismatch,0,,1,161,-0.06437035196510468,0.07329589908772469,0.9504573170731708,0.5156405698367369,nan,nan,nan
Ana,2,flat,model_mismatch,0,,1,161,-0.11738040578445318,0.004851720409433824,0.9709172259507829,0.5282251136410979,nan,nan,nan
Ana,0,codex_rules,stable,0,,1,161,-0.21309556115545483,-0.018405438799793238,0.9638694638694639,0.16358256893157086,nan,nan,nan
Ana,1,codex_rules,stable,1,2,0,,0.201693791501657,0.201693791501657,1.0396341463414636,0.31347082364283035,nan,nan,nan
Ana,2,codex_rules,stable,1,2,0,,0.2455503683923057,0.2455503683923057,0.6718266253869968,0.2271667758977058,nan,nan,nan
Ana,0,codex_rules,routine_change,1,165,0,161,-0.19229509714531476,-0.018405438799793238,0.9694638694638694,0.16357419428763398,nan,nan,nan
Ana,1,codex_rules,routine_change,1,2,0,,0.201693791501657,0.201693791501657,1.0396341463414636,0.31347082364283035,nan,nan,nan
Ana,2,codex_rules,routine_change,1,2,0,,0.2455503683923057,0.2455503683923057,0.6718266253869968,0.2271667758977058,nan,nan,nan
Ana,0,codex_rules,model_mismatch,0,,1,161,-0.19996088187428718,0.010211769976367132,0.9603729603729605,0.16108411282757532,nan,nan,nan
Ana,1,codex_rules,model_mismatch,0,,1,161,-0.1047372480997869,0.14519966035513945,0.9514372822299652,0.15725972116335338,nan,nan,nan
Ana,2,codex_rules,model_mismatch,0,,1,161,-0.16060298164156503,0.08337065843696287,0.8916107382550335,0.15183636848191592,nan,nan,nan
Ana,0,habit_only,stable,0,,1,161,-0.1718170571339011,-0.07336721399752652,0.9637529137529138,0.49589417848355977,nan,nan,nan
Ana,1,habit_only,stable,0,,1,161,-0.07649516292371757,0.06901860019494936,0.9106054006968641,0.4823643792826903,nan,nan,nan
Ana,2,habit_only,stable,0,,1,161,-0.12330715832437619,-0.023260916177521882,0.9775541795665634,0.48424913631880145,nan,nan,nan
Ana,0,habit_only,routine_change,0,,1,161,-0.16172589693678693,-0.06749030074534478,0.9696969696969697,0.5033795515669875,nan,nan,nan
Ana,1,habit_only,routine_change,0,,1,161,-0.06951583243474263,0.06901860019494936,0.9493684668989548,0.4959157107550418,nan,nan,nan
Ana,2,habit_only,routine_change,0,,1,161,-0.1138369756364146,-0.023260916177521882,0.9714727996461743,0.4923155238553167,nan,nan,nan
Ana,0,habit_only,model_mismatch,0,,1,161,-0.16457725921249475,-0.07545958746211182,0.9641025641025642,0.49363799534732933,nan,nan,nan
Ana,1,habit_only,model_mismatch,0,,1,161,-0.07582870077135377,0.03966013584065111,0.9503484320557491,0.48160503826227374,nan,nan,nan
Ana,2,habit_only,model_mismatch,0,,1,161,-0.12286448450611925,-0.0031401721995570502,0.8881431767337807,0.4726907723894349,nan,nan,nan
Ana,0,nn_frozen,stable,0,,1,161,-0.17032900125463132,-0.07262673043796024,0.9637529137529138,0.4938254007957838,0.40704353452917497,0.4649556554836217,0.4331270741992376
Ana,1,nn_frozen,stable,0,,1,161,-0.07530673714499728,0.02397736053778788,0.9108231707317073,0.4854916408630831,0.35777139187581086,0.4930722053778274,0.4320929597780823
Ana,2,nn_frozen,stable,0,,1,161,-0.12201142781874769,-0.0193300201714513,0.9775541795665634,0.4831182970768093,0.39627007023110766,0.39398381175753355,0.46128118865244966
Ana,0,nn_frozen,routine_change,0,,1,161,-0.16182531937581693,-0.06604382163390093,0.9696969696969697,0.4987724948308842,0.40704353452917497,0.6953751990306509,0.654543201991264
Ana,1,nn_frozen,routine_change,0,,1,161,-0.06955384644684635,0.025622622720320294,0.949586236933798,0.4956737698069939,0.35777139187581086,0.6071316923285951,0.5925982753528513
Ana,2,nn_frozen,routine_change,0,,1,161,-0.11397589817115396,-0.0193300201714513,0.981313578062804,0.4876593007072752,0.39627007023110766,0.5906441542541475,0.6240943526037696
Ana,0,nn_frozen,model_mismatch,0,,1,161,-0.16073087676082018,-0.07399416844087338,0.9593240093240094,0.49172700634152183,0.4070591050807432,0.46930558961801233,0.4352498264037436
Ana,1,nn_frozen,model_mismatch,0,,1,161,-0.06750353561827703,0.0372901427264933,0.9520905923344949,0.4810015098860193,0.43383928550588713,0.46045493722898695,0.43200360293947526
Ana,2,nn_frozen,model_mismatch,0,,1,161,-0.12177749846899077,-0.0019115625353036164,0.8881431767337807,0.4695735922956526,0.38622787538532777,0.5182714481939803,0.38249326948610873
Ana,0,nn_adaptive,stable,0,,1,161,-0.17649770794682415,-0.07580343093630446,0.9637529137529138,0.4918598884444898,0.439748492826223,0.45114590242112756,0.3721557545665214
Ana,1,nn_adaptive,stable,0,,1,161,-0.08222908205768935,0.027284783425732106,0.9107142857142857,0.48229076055135944,0.4759928034750801,0.440679208211692,0.3810711706660476
Ana,2,nn_adaptive,stable,0,,1,161,-0.12382556514464264,-0.011523758788981311,0.9775541795665634,0.48854391974237543,0.40726693747955806,0.38274479977268794,0.4126066234223434
Ana,0,nn_adaptive,routine_change,0,,1,161,-0.1638302118620819,-0.06998036474302487,0.9696969696969697,0.4928332107522385,0.439748492826223,0.5909129274970353,0.4854924632378264
Ana,1,nn_adaptive,routine_change,0,,1,161,-0.07332856139644107,0.027284783425732106,0.9486062717770035,0.48584530185329244,0.4759928034750801,0.5290116110446401,0.44345867696534824
Ana,2,nn_adaptive,routine_change,0,,1,161,-0.11429579540350215,-0.011523758788981311,0.981313578062804,0.4871347895755573,0.40726693747955806,0.5366832739073607,0.5087558472822308
Ana,0,nn_adaptive,model_mismatch,0,,1,161,-0.16670770736528664,-0.07794844077004671,0.9638694638694639,0.4893491598441411,0.4396978511106089,0.4817753272798973,0.37218297717754373
Ana,1,nn_adaptive,model_mismatch,0,,1,161,-0.07479350768553024,0.03410040257721258,0.9516550522648084,0.485736193620283,0.46143803952572765,0.45138617787175356,0.403869425371616
Ana,2,nn_adaptive,model_mismatch,0,,1,161,-0.13187297154557795,-0.0036135457386763698,0.9236017897091723,0.4874469308099773,0.4023181415831152,0.36442916715632967,0.3529294658191794
P12-000,0,flat,stable,0,,1,161,-0.07904465937171122,0.0320166739890103,0.9546728971962616,0.5204270385370923,nan,nan,nan
P12-000,1,flat,stable,0,,1,161,-0.06614152813033368,0.061149100398854475,0.9520187244002342,0.5231984736790759,nan,nan,nan
P12-000,2,flat,stable,0,,1,161,-0.09071632029196337,0.01438992034037735,0.929036073329391,0.5023196246088192,nan,nan,nan
P12-000,0,flat,routine_change,0,,1,161,-0.0761340519489812,0.021146809406672663,1.0283489096573208,0.5440336123137124,nan,nan,nan
P12-000,1,flat,routine_change,0,,1,161,-0.06286702258991274,0.05956093561847592,1.0175541252194267,0.5457753115839148,nan,nan,nan
P12-000,2,flat,routine_change,0,,1,161,-0.0817362323180833,0.012551394915322076,0.9781194559432289,0.5203788197088841,nan,nan,nan
P12-000,0,flat,model_mismatch,1,85,0,,0.013568570641493083,0.05746394354973218,0.9998426683448708,0.5386195699588969,nan,nan,nan
P12-000,1,flat,model_mismatch,1,85,0,,0.03536292255715192,0.09447000274382196,0.9462833914053427,0.5113655500235672,nan,nan,nan
P12-000,2,flat,model_mismatch,0,,1,161,-0.06791400690662044,0.07422756086220415,0.8731519810762863,0.48227114307922647,nan,nan,nan
P12-000,0,codex_rules,stable,0,,1,161,-0.12938212092809645,0.11798368512724693,1.0048286604361372,0.17722031316887235,nan,nan,nan
P12-000,1,codex_rules,stable,0,,1,161,-0.11199937296283162,0.14813388053681553,0.9521650087770627,0.1696642074999502,nan,nan,nan
P12-000,2,codex_rules,stable,0,,1,161,-0.1271039960545796,0.15662975398102127,0.9606741573033709,0.1750666197566257,nan,nan,nan
P12-000,0,codex_rules,routine_change,0,,1,161,-0.1258271276386685,0.11798368512724693,1.0283489096573208,0.1777089121321349,nan,nan,nan
P12-000,1,codex_rules,routine_change,0,,1,161,-0.10945400675790258,0.14813388053681553,0.9675248683440609,0.17023672131223472,nan,nan,nan
P12-000,2,codex_rules,routine_change,0,,1,161,-0.12479845074287836,0.15662975398102127,1.001478415138971,0.17861940188507286,nan,nan,nan
P12-000,0,codex_rules,model_mismatch,0,,1,161,-0.08650931984919544,0.16652195480062096,0.9786028949024543,0.1768990353808729,nan,nan,nan
P12-000,1,codex_rules,model_mismatch,0,,1,161,-0.07279492708482829,0.17684817464354957,1.0062427409988386,0.1801234736894934,nan,nan,nan
P12-000,2,codex_rules,model_mismatch,0,,1,161,-0.1033417679968727,0.18572379946313447,0.9624482554701361,0.17419892433339237,nan,nan,nan
P12-000,0,habit_only,stable,0,,1,161,-0.09475530797370198,-0.006042483170200173,1.003271028037383,0.4821809086754265,nan,nan,nan
P12-000,1,habit_only,stable,0,,1,161,-0.06769451834856433,0.091018777699033,0.9507021650087771,0.4777506742820362,nan,nan,nan
P12-000,2,habit_only,stable,0,,1,161,-0.08735872593192785,0.01036222501632639,0.87551744529864,0.45041524497436825,nan,nan,nan
P12-000,0,habit_only,routine_change,0,,1,161,-0.10129700278943156,-0.006042483170200173,1.0448598130841122,0.48029676657289533,nan,nan,nan
P12-000,1,habit_only,routine_change,0,,1,161,-0.07672553458799335,0.091018777699033,1.0156524283206554,0.4786366231106522,nan,nan,nan
P12-000,2,habit_only,routine_change,0,,1,161,-0.09081187844981967,0.01036222501632639,0.9457421643997634,0.4577767985937904,nan,nan,nan
P12-000,0,habit_only,model_mismatch,0,,1,161,-0.061553946204078815,0.027126877041577988,0.9987413467589679,0.4653969012309982,nan,nan,nan
P12-000,1,habit_only,model_mismatch,0,,1,161,-0.03197131529121669,0.06914831634182451,0.9445412311265969,0.4829609676135906,nan,nan,nan
P12-000,2,habit_only,model_mismatch,0,,1,161,-0.0731424492962002,0.028202684881603452,0.8738911886457718,0.44217538753326435,nan,nan,nan
P12-000,0,nn_frozen,stable,0,,1,161,-0.09311096307226158,0.0012565758192077134,1.003271028037383,0.4800772889511998,0.4307891078420193,0.3683170847455402,0.4231020665958113
P12-000,1,nn_frozen,stable,0,,1,161,-0.07284168132551386,0.09483990900117913,0.9517261556465769,0.4746535094702131,0.44668130716129906,0.34791879372729095,0.5217975511653866
P12-000,2,nn_frozen,stable,0,,1,161,-0.09184598947942008,-0.0047679840897367765,0.8728562980484922,0.4448449507218821,0.4141847900440262,0.6026817591650538,0.518036902772099
P12-000,0,nn_frozen,routine_change,0,,1,161,-0.09901606996237412,0.0012565758192077134,1.0602803738317756,0.4799852119754891,0.4307891078420193,0.3716246052453799,0.43109767601382865
P12-000,1,nn_frozen,routine_change,1,149,0,,-0.041173859721515674,0.09483990900117913,1.0127267407840843,0.4741834788439173,0.44668130716129906,0.4150300069357606,0.4161472460747482
P12-000,2,nn_frozen,routine_change,0,,1,161,-0.09027972880476562,-0.0047679840897367765,0.9457421643997634,0.456649953468012,0.4141847900440262,0.4884753337493843,0.48783062384200304
P12-000,0,nn_frozen,model_mismatch,0,,1,161,-0.06108976539254839,0.023727192956372076,0.9938640654499684,0.4661085382639038,0.46489708003353286,0.37418010875617747,0.37494524731080314
P12-000,1,nn_frozen,model_mismatch,0,,1,161,-0.03145359145692975,0.0786796017698682,0.9442508710801394,0.4781436065768367,0.4379258477939448,0.4020782395081054,0.4911442206574024
P12-000,2,nn_frozen,model_mismatch,0,,1,161,-0.0736565799207366,0.027364481664553967,0.8721170904790067,0.4447719509045318,0.4080112544248582,0.5440407570153707,0.5128112399596192
P12-000,0,nn_adaptive,stable,0,,1,161,-0.09785625437897778,-1.7932865560962457e-05,0.985202492211838,0.475812799147201,0.471527208540452,0.42754212657676555,0.481061969626378
P12-000,1,nn_adaptive,stable,0,,1,161,-0.0737360992884141,0.08165324504909074,0.9508484493856056,0.47673416576957134,0.48640762960928513,0.3440377371143926,0.44768854097026206
P12-000,2,nn_adaptive,stable,0,,1,161,-0.09218741655281137,0.005578517503757757,0.8734476641040805,0.4677399865756781,0.44728971762180525,0.4782477701208154,0.39893321137923726
P12-000,0,nn_adaptive,routine_change,0,,1,161,-0.09479778064441138,-1.7932865560962457e-05,1.0291277258566978,0.4752870370487996,0.471527208540452,0.4110539646407992,0.43980533442409664
P12-000,1,nn_adaptive,routine_change,0,,1,161,-0.07842593814538026,0.08165324504909074,1.0136044470450556,0.47458890072826243,0.48640762960928513,0.4110299224701676,0.38770852900946806
P12-000,2,nn_adaptive,routine_change,0,,1,161,-0.09802648805026976,0.005578517503757757,0.9537256061502071,0.4733061961797439,0.44728971762180525,0.4543714288670797,0.5111948008787602
P12-000,0,nn_adaptive,model_mismatch,0,,1,161,-0.06531812692861308,0.03771712782499973,0.9987413467589679,0.46830776800544827,0.504094529339711,0.4287906694132813,0.3508997103423167
P12-000,1,nn_adaptive,model_mismatch,0,,1,161,-0.035725105354824566,0.0737421906342564,0.9435249709639953,0.4765718848947815,0.47726973167392284,0.3675264479371673,0.4582118174281466
P12-000,2,nn_adaptive,model_mismatch,0,,1,161,-0.0756578971783883,0.03966983253528887,0.8721170904790067,0.46793217159590494,0.45306846919337407,0.4711546794372435,0.40010940104693354
P12-001,0,flat,stable,0,,1,161,-0.18910998548873376,0.011479163177012336,1.0099243856332702,0.5451271650778089,nan,nan,nan
P12-001,1,flat,stable,0,,1,161,-0.18197190419901751,0.019659462571593626,0.9862880587346146,0.5437087360457857,nan,nan,nan
P12-001,2,flat,stable,0,,1,161,-0.18959763195182525,0.02176272464156196,0.986428648824358,0.5388930356232996,nan,nan,nan
P12-001,0,flat,routine_change,0,,1,161,-0.27923296000247216,0.011479163177012336,0.964611364394529,0.5301053005158572,nan,nan,nan
P12-001,1,flat,routine_change,0,,1,161,-0.26738038997036273,0.019659462571593626,0.968662275966314,0.5357538113522985,nan,nan,nan
P12-001,2,flat,routine_change,0,,1,161,-0.2817191436353666,0.02176272464156196,0.9557373496586845,0.52680359124754,nan,nan,nan
P12-001,0,flat,model_mismatch,0,,1,161,-0.15670912363864542,0.017247867525397455,1.011487842962302,0.5487369226114981,nan,nan,nan
P12-001,1,flat,model_mismatch,0,,1,161,-0.14373533394617158,0.020604289483539328,0.9967219332466406,0.5473082848632358,nan,nan,nan
P12-001,2,flat,model_mismatch,0,,1,161,-0.15965343822875908,0.02055920014737724,0.9873822159644752,0.5389553669497792,nan,nan,nan
P12-001,0,codex_rules,stable,0,,1,161,-0.30758441763342825,0.10490531668051108,1.014066496163683,0.08864310285160497,nan,nan,nan
P12-001,1,codex_rules,stable,0,,1,161,-0.2992842490787007,0.11756486754215009,0.98215828114878,0.08642035894622148,nan,nan,nan
P12-001,2,codex_rules,stable,0,,1,161,-0.3117653901641951,0.11472899727199803,0.9806858814606133,0.08608197614563773,nan,nan,nan
P12-001,0,codex_rules,routine_change,0,,1,161,-0.33169573246783024,0.10490531668051108,0.9671689091515624,0.09293103726812309,nan,nan,nan
P12-001,1,codex_rules,routine_change,0,,1,161,-0.3232153848413415,0.11756486754215009,0.9566508313539193,0.09132830859687573,nan,nan,nan
P12-001,2,codex_rules,routine_change,0,,1,161,-0.336239765051427,0.11472899727199803,0.9484505363528009,0.09061628455437143,nan,nan,nan
P12-001,0,codex_rules,model_mismatch,0,,1,161,-0.25851507837358695,0.1610802542615211,1.0180961409770244,0.08891816098285114,nan,nan,nan
P12-001,1,codex_rules,model_mismatch,0,,1,161,-0.24584337374142085,0.17470937471068268,0.9867522756827047,0.0868845282493695,nan,nan,nan
P12-001,2,codex_rules,model_mismatch,0,,1,161,-0.26489378322424556,0.16352555199550456,0.9805859417307484,0.08590005426874117,nan,nan,nan
P12-001,0,habit_only,stable,0,,1,161,-0.198657200413991,0.013202728365655522,1.003586122539753,0.5028160146126487,nan,nan,nan
P12-001,1,habit_only,stable,0,,1,161,-0.18676374890382919,0.024486315383185363,0.983345929604837,0.508216165259232,nan,nan,nan
P12-001,2,habit_only,stable,0,,1,161,-0.1990457422790906,0.023320811352556238,0.9865911799761621,0.5000240521517146,nan,nan,nan
P12-001,0,habit_only,routine_change,0,,1,161,-0.28754583069920336,0.013202728365655522,0.964611364394529,0.4607807646618377,nan,nan,nan
P12-001,1,habit_only,routine_change,0,,1,161,-0.27650745283471634,0.024486315383185363,0.9541675664003455,0.46555999194211,nan,nan,nan
P12-001,2,habit_only,routine_change,0,,1,161,-0.2882488374440188,0.023320811352556238,0.9548705168490628,0.4575881375607909,nan,nan,nan
P12-001,0,habit_only,model_mismatch,0,,1,161,-0.1649258541624305,0.010183758952341202,1.0118224403301361,0.504964165086938,nan,nan,nan
P12-001,1,habit_only,model_mismatch,0,,1,161,-0.1514545183060815,0.02621203264637095,0.9904367143476376,0.5064394220977274,nan,nan,nan
P12-001,2,habit_only,model_mismatch,0,,1,161,-0.16753986002723617,0.02388045916840029,0.9893858984078847,0.5037732022803283,nan,nan,nan
P12-001,0,nn_frozen,stable,0,,1,161,-0.19833550806046663,0.009464832841605533,1.0071444456799732,0.5117756535651214,0.31851889748471407,0.30804869837171145,0.33381410804199135
P12-001,1,nn_frozen,stable,0,,1,161,-0.18589055956631503,0.01724941787297038,0.9832919455841072,0.5195546134780086,0.29119852491234927,0.26941947556398627,0.3537748687664189
P12-001,2,nn_frozen,stable,0,,1,161,-0.19803254136698342,0.019491493434540503,0.985995232419547,0.5042003804448286,0.3689766926019153,0.31976321882339936,0.360304367185385
P12-001,0,nn_frozen,routine_change,0,,1,161,-0.28643743886818657,0.009464832841605533,0.965612142777716,0.45693316650272797,0.31851889748471407,0.962697654823131,0.8880149471826406
P12-001,1,nn_frozen,routine_change,0,,1,161,-0.2757662362453871,0.01724941787297038,0.9600518246599007,0.4654092841541926,0.29119852491234927,0.9965385079396122,0.8645995994838019
P12-001,2,nn_frozen,routine_change,0,,1,161,-0.28760052304575034,0.019491493434540503,0.9547079856972586,0.45042173014175646,0.3689766926019153,0.9933898933018179,0.886574719577557
P12-001,0,nn_frozen,model_mismatch,0,,1,161,-0.16421406280191336,0.011394202545465951,1.0115993754182466,0.5159532666963353,0.30925258389805454,0.31971137037746145,0.36194681405163337
P12-001,1,nn_frozen,model_mismatch,0,,1,161,-0.15029904161514596,0.024586112415554917,0.9898948851322062,0.5183984862427622,0.30201325861705774,0.27207478081773284,0.343537587202961
P12-001,2,nn_frozen,model_mismatch,0,,1,161,-0.16622380775226595,0.023287287213550757,0.9860825300552366,0.5075280993817752,0.3497624958198256,0.327971073196366,0.33958952288171995
P12-001,0,nn_adaptive,stable,0,,1,161,-0.19825587014994506,0.009798434154845484,1.007533637273435,0.5123109014456328,0.3432032455197729,0.3173571178729067,0.33631848919252105
P12-001,1,nn_adaptive,stable,0,,1,161,-0.1861405376753767,0.021463881152604537,0.986503994817534,0.5146967093907658,0.33577557784993445,0.2701055011513323,0.3330118942819499
P12-001,2,nn_adaptive,stable,0,,1,161,-0.19791617314544035,0.022286978148959847,0.9881352259183009,0.5081099952934233,0.4168712928720706,0.32902070722071414,0.33534105689043825
P12-001,0,nn_adaptive,routine_change,0,,1,161,-0.2823945990792792,0.009798434154845484,0.965612142777716,0.48922313352800123,0.3432032455197729,0.5412614797758186,0.7198008254537445
P12-001,1,nn_adaptive,routine_change,0,,1,161,-0.2717946542291795,0.021463881152604537,0.9601328006909955,0.4883327541307152,0.33577557784993445,0.605412426802823,0.6845275057690338
P12-001,2,nn_adaptive,routine_change,0,,1,161,-0.2833117046645562,0.022286978148959847,0.9543016578177484,0.478934626774028,0.4168712928720706,0.624230330870493,0.6906885964465408
P12-001,0,nn_adaptive,model_mismatch,0,,1,161,-0.16443455186383346,0.009422051497141029,1.0109022975685924,0.5107336399086835,0.32893534083023873,0.3125419064129364,0.33893247459236336
P12-001,1,nn_adaptive,model_mismatch,0,,1,161,-0.1502917586533219,0.026683542170725695,0.9911140008669267,0.5129594088460009,0.36289718096040435,0.29464936262719427,0.3346026568802298
P12-001,2,nn_adaptive,model_mismatch,0,,1,161,-0.16591937691389827,0.027589048678021956,0.9865969890609769,0.5076511220965312,0.4259318638776192,0.33223737577689566,0.3494876136766032
P12-002,0,flat,stable,0,,1,161,-0.022504019344443595,0.11285834584966803,1.0900106837606838,0.5931217172812897,nan,nan,nan
P12-002,1,flat,stable,0,,1,161,-0.020602939642627414,0.08935420689580165,1.0121325244983668,0.5533244945820174,nan,nan,nan
P12-002,2,flat,stable,0,,1,161,-0.0020256652338161603,0.11873360608353947,0.9993191103041308,0.5358497125275128,nan,nan,nan
P12-002,0,flat,routine_change,0,,1,161,-0.03234674272860407,0.11285834584966803,0.9803685897435898,0.5580661569255283,nan,nan,nan
P12-002,1,flat,routine_change,0,,1,161,-0.021522695613602375,0.10007195922250725,0.9228884741017266,0.5240485833503015,nan,nan,nan
P12-002,2,flat,routine_change,0,,1,161,-0.008484099079704134,0.13930223185210486,0.9084203359055834,0.5051903277887132,nan,nan,nan
P12-002,0,flat,model_mismatch,1,60,0,,0.04095093578141902,0.0768755943017816,1.0779086423682953,0.7017178996489077,nan,nan,nan
P12-002,1,flat,model_mismatch,0,,1,161,-0.025672278258321513,0.08895494824867257,1.0530813673567645,0.575365392674113,nan,nan,nan
P12-002,2,flat,model_mismatch,1,67,0,,0.09131679692538433,0.17552476517605323,0.936147619810867,0.5690103175299633,nan,nan,nan
P12-002,0,codex_rules,stable,1,112,0,,-0.01170020025357953,0.2080934017085355,1.108573717948718,0.1962597634084992,nan,nan,nan
P12-002,1,codex_rules,stable,0,,1,161,-0.06184968298916653,0.2431853255602837,1.0167988800746617,0.17764828006837496,nan,nan,nan
P12-002,2,codex_rules,stable,0,,1,161,-0.0437883284386188,0.340728410965304,0.9892192464820699,0.16849099692290612,nan,nan,nan
P12-002,0,codex_rules,routine_change,0,,1,161,-0.06779700379085543,0.2080934017085355,1.0239049145299146,0.18941024477200605,nan,nan,nan
P12-002,1,codex_rules,routine_change,0,,1,161,-0.0614011411472586,0.2431853255602837,0.9347876808212785,0.17105387514994064,nan,nan,nan
P12-002,2,codex_rules,routine_change,0,,1,161,-0.044108420171150964,0.340728410965304,0.9062641852019974,0.16259035102185562,nan,nan,nan
P12-002,0,codex_rules,model_mismatch,1,140,0,,-0.016888793778432474,0.2272125094200055,1.1019417475728155,0.19426788206360773,nan,nan,nan
P12-002,1,codex_rules,model_mismatch,0,,1,161,-0.06464130164396886,0.24186972174004875,1.0527202696196438,0.18161133781148595,nan,nan,nan
P12-002,2,codex_rules,model_mismatch,1,2,0,,0.3986025745067834,0.3986025745067834,0.7343324250681199,0.2581069721069517,nan,nan,nan
P12-002,0,habit_only,stable,0,,1,161,-0.03890732537758555,0.055477680114023493,1.0845352564102564,0.5096274244926101,nan,nan,nan
P12-002,1,habit_only,stable,0,,1,161,-0.03478249648777875,0.06330730490717033,1.0117825478301445,0.4901549681248177,nan,nan,nan
P12-002,2,habit_only,stable,1,19,0,,0.07462009583993187,0.11034577680860765,0.9151157512482978,0.7218587802398259,nan,nan,nan
P12-002,0,habit_only,routine_change,0,,1,161,-0.039991817807210145,0.055477680114023493,0.9803685897435898,0.49666160566033013,nan,nan,nan
P12-002,1,habit_only,routine_change,0,,1,161,-0.03264284559282567,0.05688445667367076,0.9353709752683154,0.48285909410842703,nan,nan,nan
P12-002,2,habit_only,routine_change,1,19,0,,0.07462009583993187,0.11034577680860765,0.9151157512482978,0.7218587802398259,nan,nan,nan
P12-002,0,habit_only,model_mismatch,0,,1,161,-0.03709810147040029,0.048376517842831146,1.0977615965480043,0.5080025728939065,nan,nan,nan
P12-002,1,habit_only,model_mismatch,0,,1,161,-0.03925477354163445,0.06043844480452241,1.001203659123736,0.5028252970501467,nan,nan,nan
P12-002,2,habit_only,model_mismatch,0,,1,161,0.014914796879891445,0.10596105336844454,0.9458446866485013,0.4730988785861573,nan,nan,nan
P12-002,0,nn_frozen,stable,0,,1,161,-0.037430578449770935,0.0599605211637944,1.0842681623931623,0.5074322869621777,0.4769262358074153,0.4179615566658361,0.48026660331182436
P12-002,1,nn_frozen,stable,0,,1,161,-0.03594473449352409,0.07061233728798293,1.0122491833877743,0.4831529856525731,0.48673325692534536,0.3693051146187554,0.39511129422337027
P12-002,2,nn_frozen,stable,1,19,0,,0.07226093037174564,0.1063102454814011,0.9151157512482978,0.7199265560721417,0.3775330867905244,nan,nan
P12-002,0,nn_frozen,routine_change,0,,1,161,-0.037905889367951834,0.0599605211637944,0.9793002136752138,0.4937271540069997,0.4769262358074153,0.51655406095086,0.5267904349721887
P12-002,1,nn_frozen,routine_change,0,,1,161,-0.031990434053426754,0.062300463925011394,0.9349043397106859,0.47665491125771103,0.48673325692534536,0.4481115279119053,0.6328171913139143
P12-002,2,nn_frozen,routine_change,1,19,0,,0.07226093037174564,0.1063102454814011,0.9151157512482978,0.7199265560721417,0.3775330867905244,nan,nan
P12-002,0,nn_frozen,model_mismatch,0,,1,161,-0.033595131992484505,0.04663422997175491,1.097222222222222,0.5009157267862442,0.46430178160655494,0.476140310790222,0.47838352076667146
P12-002,1,nn_frozen,model_mismatch,0,,1,161,-0.041676926260001086,0.04723006879663954,1.0528406355320175,0.50100963971758,0.4425824529597948,0.41273389039459657,0.43989438271415354
P12-002,2,nn_frozen,model_mismatch,0,,1,161,0.014608936570059327,0.1341007607148581,0.9532243415077202,0.4713966087969521,0.4118035671423047,0.3995546089238166,0.4688842641293892
P12-002,0,nn_adaptive,stable,0,,1,161,-0.033325748765057055,0.06933457798353715,1.0856036324786325,0.5051261098071055,0.49779057776919844,0.37468122183285163,0.45015856640440843
P12-002,1,nn_adaptive,stable,0,,1,161,-0.0347753890857293,0.05036233183329928,1.0120158656089593,0.48920430723964936,0.5264980399712357,0.3399005655511834,0.42266611715992036
P12-002,2,nn_adaptive,stable,0,,1,161,-0.011499563505152669,0.10868229132282821,0.9990921470721744,0.48368930335457944,0.46292519934217763,0.4231136272647745,0.4029538684685207
P12-002,0,nn_adaptive,routine_change,0,,1,161,-0.03499556100772085,0.06933457798353715,0.9795673076923077,0.492701135559983,0.49779057776919844,0.5018704498209802,0.4360031205679585
P12-002,1,nn_adaptive,routine_change,0,,1,161,-0.03303762866959199,0.050717322927821724,0.9349043397106859,0.48106680640978966,0.5264980399712357,0.47310831636305467,0.4718019369947232
P12-002,2,nn_adaptive,routine_change,0,,1,161,-0.014117098957869776,0.10868229132282821,0.9078529278256923,0.4756065455033946,0.46292519934217763,0.4897633041746504,0.4328570888983994
P12-002,0,nn_adaptive,model_mismatch,0,,1,161,-0.028932901280625922,0.05933682858535912,1.084007551240561,0.4998724488986525,0.5011319869750717,0.4586251859917958,0.5559639861286402
P12-002,1,nn_adaptive,model_mismatch,0,,1,161,-0.03913571126446352,0.0572275355438887,1.052359171882523,0.4986165243454697,0.4747195784060842,0.37764498496404314,0.3666439402093023
P12-002,2,nn_adaptive,model_mismatch,0,,1,161,0.012556513821044264,0.12679262913403352,0.9665077202543143,0.48065331612616374,0.49978436921261815,0.4069635980231058,0.46865958398601054
P12-003,0,flat,stable,0,,1,161,-0.24100152362572339,-0.033839741556921,1.0046630191494652,0.5512610774347735,nan,nan,nan
P12-003,1,flat,stable,0,,1,161,-0.2208385881189661,-0.0020320445398261627,0.9402186831471357,0.509685837917207,nan,nan,nan
P12-003,2,flat,stable,0,,1,161,-0.2013278948372477,0.02925118974537275,0.9932081995554458,0.5376198172465434,nan,nan,nan
P12-003,0,flat,routine_change,0,,1,161,-0.311834532846681,-0.033839741556921,1.0950634170604325,0.5822966987113402,nan,nan,nan
P12-003,1,flat,routine_change,0,,1,161,-0.2881223701224533,-0.0020320445398261627,1.0745186593772285,0.5555844224909379,nan,nan,nan
P12-003,2,flat,routine_change,0,,1,161,-0.2674131863551065,0.02925118974537275,1.0820572980982959,0.5690691617478774,nan,nan,nan
P12-003,0,flat,model_mismatch,0,,1,161,-0.22759502915716848,-0.02883382006478084,1.0039791096742103,0.5512201099702225,nan,nan,nan
P12-003,1,flat,model_mismatch,0,,1,161,-0.19347580134720352,0.008987487264854432,0.9411100546707867,0.5105765060287301,nan,nan,nan
P12-003,2,flat,model_mismatch,0,,1,161,-0.17930124343884157,0.0245760441851957,0.9972215361817733,0.5390167816155451,nan,nan,nan
P12-003,0,codex_rules,stable,0,,1,161,-0.35442671744338705,0.0005416699075902634,1.0050360606814226,0.12325532716465912,nan,nan,nan
P12-003,1,codex_rules,stable,0,,1,161,-0.33110356073730307,0.047734540627214016,0.9629783693843593,0.11699017560372275,nan,nan,nan
P12-003,2,codex_rules,stable,0,,1,161,-0.31052855453441464,0.07270001422813513,0.9936404050382812,0.12008118434362888,nan,nan,nan
P12-003,0,codex_rules,routine_change,0,,1,161,-0.3817340965832696,0.0005416699075902634,1.0844939069883113,0.13450934786864566,nan,nan,nan
P12-003,1,codex_rules,routine_change,0,,1,161,-0.35660130134211426,0.047734540627214016,1.075053482291419,0.12947448112296103,nan,nan,nan
P12-003,2,codex_rules,routine_change,0,,1,161,-0.33559757852880706,0.07270001422813513,1.082242529019511,0.13157907839107813,nan,nan,nan
P12-003,0,codex_rules,model_mismatch,0,,1,161,-0.3365778699842504,0.036893836311658205,1.0050360606814226,0.12325532716465912,nan,nan,nan
P12-003,1,codex_rules,model_mismatch,0,,1,161,-0.2943576880045865,0.1017784510963333,0.9587592108390778,0.11730340721083393,nan,nan,nan
P12-003,2,codex_rules,model_mismatch,0,,1,161,-0.2790075165477017,0.11610872867263951,0.9928994813534208,0.119903043186484,nan,nan,nan
P12-003,0,habit_only,stable,0,,1,161,-0.2523567454862117,-0.038614474928600054,1.0047251927381249,0.5055649924510586,nan,nan,nan
P12-003,1,habit_only,stable,0,,1,161,-0.22541169490514062,-0.0010902259526342733,0.9402186831471357,0.49344608924730093,nan,nan,nan
P12-003,2,habit_only,stable,0,,1,161,-0.21047028965592968,0.029197123227854387,0.9927142504322055,0.4989300079567243,nan,nan,nan
P12-003,0,habit_only,routine_change,0,,1,161,-0.3348752820195667,-0.038614474928600054,1.0946903755284756,0.4796006418682459,nan,nan,nan
P12-003,1,habit_only,routine_change,1,123,0,,-0.24777061935481604,-0.0010902259526342733,1.0668528642738293,0.46733115041577683,nan,nan,nan
P12-003,2,habit_only,routine_change,0,,1,161,-0.2911587828344654,0.029197123227854387,1.0810076562114102,0.4712574530453514,nan,nan,nan
P12-003,0,habit_only,model_mismatch,0,,1,161,-0.2378450851109233,-0.027390319257173557,1.0037925889082318,0.5079597696999776,nan,nan,nan
P12-003,1,habit_only,model_mismatch,0,,1,161,-0.19661646134068783,0.010704899518353144,0.9402186831471357,0.49344544900231835,nan,nan,nan
P12-003,2,habit_only,model_mismatch,0,,1,161,-0.18788851549066085,0.03024271130414351,0.9927142504322055,0.4989294881906078,nan,nan,nan
P12-003,0,nn_frozen,stable,0,,1,161,-0.25435816390538557,-0.042716342111429946,1.0047251927381249,0.4950030029803286,0.40629550051813773,0.3798658243780835,0.35012316864002957
P12-003,1,nn_frozen,stable,0,,1,161,-0.22836715138266267,-0.0022293412511816663,0.9402186831471357,0.47318168153668017,0.5074398914316844,0.3631852501598865,0.35604455423252396
P12-003,2,nn_frozen,stable,0,,1,161,-0.21291871797975723,0.024605275085159268,0.9932081995554458,0.48676161067739043,0.3632299922400591,0.36007802029424896,0.3082713237073006
P12-003,0,nn_frozen,routine_change,0,,1,161,-0.3337125345533089,-0.042716342111429946,1.089778662024372,0.46260098709700387,0.40629550051813773,0.7784933969535329,0.7017475204089688
P12-003,1,nn_frozen,routine_change,1,123,0,,-0.24787399978181393,-0.0022293412511816663,1.0668528642738293,0.43988689779067497,0.5074398914316844,0.7920894059264703,0.7270910690389192
P12-003,2,nn_frozen,routine_change,0,,1,161,-0.28990482987057425,0.024605275085159268,1.0810076562114102,0.4530428146129008,0.3632299922400591,0.8276367843853232,0.6399495082215403
P12-003,0,nn_frozen,model_mismatch,0,,1,161,-0.23963486781757234,-0.029964440575070434,1.0037925889082318,0.4977419472953428,0.3369889128689391,0.3849155268092705,0.35792871069026805
P12-003,1,nn_frozen,model_mismatch,0,,1,161,-0.2001001991075117,0.012347556572269134,0.9411100546707867,0.4722672568044761,0.5072287281593748,0.33590783708630195,0.3409953932038471
P12-003,2,nn_frozen,model_mismatch,0,,1,161,-0.19000467136121202,0.027222381485367268,0.9967275870585329,0.48678459952909,0.362933781382289,0.3619247011964223,0.37683196562206234
P12-003,0,nn_adaptive,stable,0,,1,161,-0.2537654244902868,-0.045358710118571004,1.0047873663267843,0.5050715129188196,0.41268149192179965,0.3894261024791339,0.36012159753020884
P12-003,1,nn_adaptive,stable,0,,1,161,-0.22613395956380297,-0.0003285160709254569,0.9402186831471357,0.49875917303221945,0.3893868795244733,0.35981493442770135,0.33041953612444036
P12-003,2,nn_adaptive,stable,0,,1,161,-0.21052475655141606,0.02601647674839006,0.9932081995554458,0.5076857439290638,0.28005979875069137,0.38037741231477423,0.2967581156084861
P12-003,0,nn_adaptive,routine_change,0,,1,161,-0.33295041415399784,-0.045358710118571004,1.0958095001243473,0.5007954503028603,0.41268149192179965,0.36698178695793743,0.512145355840464
P12-003,1,nn_adaptive,routine_change,0,,1,161,-0.30817473059022615,-0.0003285160709254569,1.0577014499643451,0.4937995986660611,0.3893868795244733,0.35151979043236964,0.5283556864930838
P12-003,2,nn_adaptive,routine_change,0,,1,161,-0.2879853026299544,0.02601647674839006,1.0810076562114102,0.49932906607522204,0.28005979875069137,0.4343893891663658,0.4588748298027587
P12-003,0,nn_adaptive,model_mismatch,0,,1,161,-0.2389734165024803,-0.03269678640475058,1.0037925889082318,0.5074488522513942,0.32160140438673007,0.39470372221267935,0.3537217872342728
P12-003,1,nn_adaptive,model_mismatch,0,,1,161,-0.1971398029441941,0.012001927347446761,0.9402186831471357,0.49876016262984985,0.3893473284873864,0.35980169969354786,0.33042340699405687
P12-003,2,nn_adaptive,model_mismatch,0,,1,161,-0.1874457728319725,0.0275982117407658,0.9967275870585329,0.5080376642069263,0.28004653751803715,0.357654384785211,0.35853206645234514
P12-004,0,flat,stable,0,,1,161,-0.22449811981739276,-0.02314229220521372,1.024240465416936,0.5539606489631258,nan,nan,nan
P12-004,1,flat,stable,0,,1,161,-0.1664506323585798,0.049999299608876537,1.0183982683982684,0.5499759477209305,nan,nan,nan
P12-004,2,flat,stable,0,,1,161,-0.2083334560161735,0.0012418722284222702,0.9263535031847134,0.5037484921217951,nan,nan,nan
P12-004,0,flat,routine_change,0,,1,161,-0.22583238789768945,-0.02314229220521372,1.009857789269554,0.5477026320491896,nan,nan,nan
P12-004,1,flat,routine_change,1,71,0,,-0.007790790762997367,0.049999299608876537,0.98989898989899,0.5879394457554448,nan,nan,nan
P12-004,2,flat,routine_change,0,,1,161,-0.20943854770674647,0.0012418722284222702,0.9164012738853503,0.5003004762280784,nan,nan,nan
P12-004,0,flat,model_mismatch,0,,1,161,-0.1702673101782646,0.04613405000920279,1.0287974683544303,0.5565075873904743,nan,nan,nan
P12-004,1,flat,model_mismatch,0,,1,161,-0.14946964602330334,0.03224733442169089,1.0231079404466503,0.5524432327708972,nan,nan,nan
P12-004,2,flat,model_mismatch,0,,1,161,-0.17008481801855896,0.01339072914601841,0.9295382165605096,0.5051168009912631,nan,nan,nan
P12-004,0,codex_rules,stable,0,,1,161,-0.3217629387552689,-0.00789421817157416,1.0229476405946993,0.17003889965646948,nan,nan,nan
P12-004,1,codex_rules,stable,0,,1,161,-0.264403257122831,0.08751229989061711,0.9409400123685837,0.1583856274712865,nan,nan,nan
P12-004,2,codex_rules,stable,0,,1,161,-0.3037037518909473,0.05397964064715953,0.8792462845010616,0.14446888921302198,nan,nan,nan
P12-004,0,codex_rules,routine_change,0,,1,161,-0.32176401070658195,-0.00789421817157416,1.0158371040723981,0.16960131418389135,nan,nan,nan
P12-004,1,codex_rules,routine_change,0,,1,161,-0.2650359970274069,0.08751229989061711,0.9404761904761906,0.15853771305872952,nan,nan,nan
P12-004,2,codex_rules,routine_change,0,,1,161,-0.3033972819986251,0.05397964064715953,0.8781847133757963,0.14442515295880465,nan,nan,nan
P12-004,0,codex_rules,model_mismatch,0,,1,161,-0.2605166670889036,0.07254930251602686,0.9960443037974683,0.1662081378605044,nan,nan,nan
P12-004,1,codex_rules,model_mismatch,0,,1,161,-0.23435270336147354,0.11837078012589594,0.963089330024814,0.16012718057067843,nan,nan,nan
P12-004,2,codex_rules,model_mismatch,0,,1,161,-0.25102483907311335,0.10659383643920702,0.8783174097664544,0.14420350718948255,nan,nan,nan
P12-004,0,habit_only,stable,0,,1,161,-0.23992336011795679,-0.04137466889996404,1.0239172592113768,0.4785524671740645,nan,nan,nan
P12-004,1,habit_only,stable,1,30,0,,0.002456442232760702,0.03436302365646088,0.9627147046501885,0.6832669517324782,nan,nan,nan
P12-004,2,habit_only,stable,0,,1,161,-0.21464462591813563,-0.010557913355160875,0.9209129511677283,0.45459517167362434,nan,nan,nan
P12-004,0,habit_only,routine_change,0,,1,161,-0.23861050295445319,-0.04137466889996404,1.0105042016806722,0.48051882363611104,nan,nan,nan
P12-004,1,habit_only,routine_change,1,30,0,,0.002456442232760702,0.03436302365646088,0.9627147046501885,0.6832669517324782,nan,nan,nan
P12-004,2,habit_only,routine_change,0,,1,161,-0.21561402015385522,-0.010557913355160875,0.8986199575371551,0.4504923644749174,nan,nan,nan
P12-004,0,habit_only,model_mismatch,0,,1,161,-0.18202714926649513,0.016126102020712654,1.0212025316455695,0.48433051814166805,nan,nan,nan
P12-004,1,habit_only,model_mismatch,0,,1,161,-0.16095326848784636,0.053320266969619674,0.946029776674938,0.4704882331889289,nan,nan,nan
P12-004,2,habit_only,model_mismatch,0,,1,161,-0.1743858299984007,0.010397007341837775,0.9129511677282378,0.4563387319754535,nan,nan,nan
P12-004,0,nn_frozen,stable,1,69,0,,-0.08842299807256732,-0.047362659792358194,1.0146089204912734,0.5177987456996421,0.49745680235301676,nan,nan
P12-004,1,nn_frozen,stable,0,,1,161,-0.18786926842486304,0.029473704460429812,0.9918058132343847,0.46205447716027626,0.568453507252173,0.47756200223948536,0.505717451726613
P12-004,2,nn_frozen,stable,0,,1,161,-0.2186093725779379,-0.019368727792128677,0.9166666666666667,0.44435839710771535,0.7324033129263376,0.4503438970736066,0.5014828971215103
P12-004,0,nn_frozen,routine_change,0,,1,161,-0.24458375159024792,-0.047362659792358194,1.0158371040723981,0.47153336404578416,0.49745680235301676,0.5562279888070512,0.5045366327733106
P12-004,1,nn_frozen,routine_change,0,,1,161,-0.18380665703735138,0.029473704460429812,0.9579468150896722,0.45462861702173896,0.568453507252173,0.5703066454428088,0.5078812463698638
P12-004,2,nn_frozen,routine_change,1,149,0,,-0.14626870695578456,-0.019368727792128677,0.9134819532908706,0.443745907725597,0.7324033129263376,0.46349800143107694,0.5670195868206166
P12-004,0,nn_frozen,model_mismatch,0,,1,161,-0.1839871739365797,0.007637852292305292,0.9960443037974683,0.4734841831586356,0.46417290848392867,0.49614883734570203,0.5132166483842954
P12-004,1,nn_frozen,model_mismatch,0,,1,161,-0.16341745162905447,0.053608390726507374,0.9463399503722084,0.4577556618821223,0.5155848014633794,0.554860376972521,0.504599739603861
P12-004,2,nn_frozen,model_mismatch,0,,1,161,-0.17737706153168617,0.005409401527449302,0.9169320594479831,0.4482163496701064,0.5943230185271967,0.4573402991463814,0.537324296522323
P12-004,0,nn_adaptive,stable,0,,1,161,-0.2413624469891446,-0.049982998974184734,1.0239172592113768,0.47090056026116045,0.5688690391444476,0.5729393395323188,0.4774486445555029
P12-004,1,nn_adaptive,stable,1,5,0,,0.006701211642570579,0.006701211642570579,1.1688311688311688,0.8255325146946386,nan,nan,nan
P12-004,2,nn_adaptive,stable,0,,1,161,-0.21328441270952864,-0.008629290874552767,0.9211783439490446,0.4622977587582661,0.6411376150338542,0.4297667630204063,0.5012811938981273
P12-004,0,nn_adaptive,routine_change,0,,1,161,-0.2410052598547376,-0.049982998974184734,1.0105042016806722,0.472191921423789,0.5688690391444476,0.5577984632151404,0.5331532492446289
P12-004,1,nn_adaptive,routine_change,1,5,0,,0.006701211642570579,0.006701211642570579,1.1688311688311688,0.8255325146946386,nan,nan,nan
P12-004,2,nn_adaptive,routine_change,0,,1,161,-0.21381969626282998,-0.008629290874552767,0.9116242038216562,0.4619156262156716,0.6411376150338542,0.4437610620186004,0.49583928517451087
P12-004,0,nn_adaptive,model_mismatch,0,,1,161,-0.18300506883348328,0.005568525980832946,1.0018987341772152,0.4749192473735126,0.5264578409349856,0.49144915181713283,0.48939957537639156
P12-004,1,nn_adaptive,model_mismatch,0,,1,161,-0.16289311062334896,0.053266366682751795,0.9696029776674938,0.46655292046911295,0.5245344901044204,0.49846261784054935,0.5161238976349726
P12-004,2,nn_adaptive,model_mismatch,0,,1,161,-0.17391986719002106,0.01176076241508482,0.9167993630573249,0.46201465895499366,0.6231281637802051,0.43477132497595966,0.4775280767172772
P12-005,0,flat,stable,0,,1,161,-0.002294141431376639,0.024456231767903115,1.0068002691272586,0.5458971204177484,nan,nan,nan
P12-005,1,flat,stable,0,,1,161,-0.0038354374277073987,0.023733010639201243,0.9773300358840074,0.5312528153282763,nan,nan,nan
P12-005,2,flat,stable,0,,1,161,-0.011878535680106812,0.01500644110862515,1.0333983788652057,0.5638488697727481,nan,nan,nan
P12-005,0,flat,routine_change,1,127,0,,0.023541560291462788,0.04332974502489576,1.130190311418685,0.5872028040532545,nan,nan,nan
P12-005,1,flat,routine_change,0,,1,161,0.009360771034198597,0.04505577352450485,1.1068276597808167,0.5752629703574559,nan,nan,nan
P12-005,2,flat,routine_change,0,,1,161,0.000793874942187331,0.03341437345791411,1.1707945561893327,0.6105869085673948,nan,nan,nan
P12-005,0,flat,model_mismatch,0,,1,161,-0.0072028363649046905,0.024572136243112396,1.0436644678546814,0.5674255231433113,nan,nan,nan
P12-005,1,flat,model_mismatch,0,,1,161,-0.0011452016367124668,0.03061079719552353,0.9751137794131888,0.5301959939694323,nan,nan,nan
P12-005,2,flat,model_mismatch,0,,1,161,-0.011230391180417708,0.015662817608684328,1.0647177419354839,0.5715077083182357,nan,nan,nan
P12-005,0,codex_rules,stable,0,,1,161,-0.01515708525311929,0.31486710865513895,1.0216503267973855,0.10480332125847665,nan,nan,nan
P12-005,1,codex_rules,stable,0,,1,161,-0.014240437594696632,0.2997518594680365,0.9892347977887693,0.10327610407483521,nan,nan,nan
P12-005,2,codex_rules,stable,1,5,0,,0.3056127735165116,0.3056127735165116,1.5943160212148504,0.25048199545331556,nan,nan,nan
P12-005,0,codex_rules,routine_change,0,,1,161,-0.013243583223100888,0.31486710865513895,1.1375432525951557,0.10854366132457408,nan,nan,nan
P12-005,1,codex_rules,routine_change,0,,1,161,-0.012172007789475196,0.2997518594680365,1.0851760256037242,0.10622516003739899,nan,nan,nan
P12-005,2,codex_rules,routine_change,1,5,0,,0.3056127735165116,0.3056127735165116,1.5943160212148504,0.25048199545331556,nan,nan,nan
P12-005,0,codex_rules,model_mismatch,1,161,0,161,-0.008537919698079648,0.28039660769408614,1.06355222998917,0.10871275782578009,nan,nan,nan
P12-005,1,codex_rules,model_mismatch,1,8,0,,0.28280146430301073,0.2991491419286582,1.3992769762112263,0.22174309243404663,nan,nan,nan
P12-005,2,codex_rules,model_mismatch,0,,1,161,-0.022724326983767126,0.2890894442530002,1.0819808467741934,0.11082066435798972,nan,nan,nan
P12-005,0,habit_only,stable,0,,1,161,-0.007957391593939187,0.016072835217020985,0.9883217993079585,0.5196371463213468,nan,nan,nan
P12-005,1,habit_only,stable,0,,1,161,-0.007423838243189789,0.019134028740054092,0.9674134419551935,0.5135477905255295,nan,nan,nan
P12-005,2,habit_only,stable,0,,1,161,-0.018997577182332696,0.006949622722490787,1.0337486240368259,0.5220768064701614,nan,nan,nan
P12-005,0,habit_only,routine_change,1,154,0,,-0.0031422785953381088,0.014461986491774726,1.102028066128412,0.5232273553321811,nan,nan,nan
P12-005,1,habit_only,routine_change,0,,1,161,-0.010090860782856028,0.018511213198519363,1.063694113083115,0.5153315961262925,nan,nan,nan
P12-005,2,habit_only,routine_change,0,,1,161,-0.019654102220231215,0.008102487558108365,1.1444260982687884,0.525149649693951,nan,nan,nan
P12-005,0,habit_only,model_mismatch,0,,1,161,-0.012968837405154152,0.013657210285021376,1.0197646942994978,0.5185728958529585,nan,nan,nan
P12-005,1,habit_only,model_mismatch,0,,1,161,-0.004621912052388547,0.023140119916806083,0.9729350246925536,0.5135262384083009,nan,nan,nan
P12-005,2,habit_only,model_mismatch,0,,1,161,-0.017156346062871204,0.008017017145266123,1.0408266129032258,0.5233293232849037,nan,nan,nan
P12-005,0,nn_frozen,stable,0,,1,161,-0.008440361390222483,0.017555024884386438,1.0034121491733947,0.5276007150113695,0.24183448519923895,0.2676965701726163,0.2863183928813525
P12-005,1,nn_frozen,stable,0,,1,161,-0.007905490721991256,0.017131214394252775,0.9620550868005042,0.5197646180353428,0.24533160403379914,0.2633118687032124,0.27719224582765095
P12-005,2,nn_frozen,stable,0,,1,161,-0.01763812021745876,0.00777595727671714,1.0305964174922446,0.5278890944401441,0.2922185669476876,0.26432172958719297,0.2570397864419146
P12-005,0,nn_frozen,routine_change,0,,1,161,-0.011134519873753461,0.017555024884386438,1.0956122645136486,0.5282755330381782,0.24183448519923895,0.3896597741106742,0.3893201305406152
P12-005,1,nn_frozen,routine_change,0,,1,161,-0.010228954890397591,0.01772010560192944,1.0663854136359228,0.5208838909258503,0.24533160403379914,0.4418748102853294,0.3733555642243642
P12-005,2,nn_frozen,routine_change,0,,1,161,-0.019162282949712166,0.007862470219520428,1.1438256779745823,0.529297137664915,0.2922185669476876,0.429738657202006,0.38542257687699255
P12-005,0,nn_frozen,model_mismatch,0,,1,161,-0.012683082020194103,0.014865191393489659,1.03276065767451,0.5257111863280253,0.28260338654848083,0.2742654841699923,0.26676840993213935
P12-005,1,nn_frozen,model_mismatch,0,,1,161,-0.0041479567297272295,0.021806930144758107,0.9727413576062748,0.5222821404456066,0.25259216635346504,0.23662120442497778,0.27610670056852304
P12-005,2,nn_frozen,model_mismatch,0,,1,161,-0.017339880338719253,0.009357534796773972,1.0429435483870968,0.5281177084111381,0.2829702516493207,0.28690177140127576,0.2501955448036443
P12-005,0,nn_adaptive,stable,1,105,0,,0.00722267604441101,0.017606291825743827,1.0034602076124568,0.5228508549844607,0.25774356912348717,0.26626819123058987,0.28597844181854065
P12-005,1,nn_adaptive,stable,0,,1,161,-0.008092356769190843,0.02298470218882321,0.944646494035496,0.522477339503484,0.23910973809128963,0.28104193426624735,0.26186762881577813
P12-005,2,nn_adaptive,stable,0,,1,161,-0.016915543983596217,0.00775116585684915,1.031772240568398,0.5220623428719772,0.3119294268990537,0.2836404447855017,0.2659577029541324
P12-005,0,nn_adaptive,routine_change,0,,1,161,-0.010264279778241773,0.017606291825743827,1.101547481737793,0.5252927777985588,0.25774356912348717,0.3146940295855897,0.36647077601270894
P12-005,1,nn_adaptive,routine_change,0,,1,161,-0.009696559073693671,0.01787397912096685,1.0667006109979633,0.5244270621018121,0.23910973809128963,0.3683437750523341,0.3234161064830264
P12-005,2,nn_adaptive,routine_change,0,,1,161,-0.015771202695033654,0.015406035210792998,1.1471029720804564,0.5247949618725003,0.3119294268990537,0.3528880037127929,0.3432173050531103
P12-005,0,nn_adaptive,model_mismatch,0,,1,161,-0.012732116390477775,0.01570124175149363,1.0075317515014275,0.5203905498857126,0.33192578717545074,0.27095921724701777,0.2990470006589878
P12-005,1,nn_adaptive,model_mismatch,0,,1,161,-0.005225094685875478,0.024064806073398427,0.9596446208966787,0.5214085649060456,0.2894363230014406,0.2566720570415944,0.25034321572272067
P12-005,2,nn_adaptive,model_mismatch,0,,1,161,-0.015486172189403227,0.009219865595371291,1.0429939516129032,0.5216808109679331,0.32018032228643545,0.2971534146418919,0.2530528789091315
P12-006,0,flat,stable,0,,1,161,-0.1164579948970893,0.002565446067643695,0.916925948973242,0.5019538457115238,nan,nan,nan
P12-006,1,flat,stable,0,,1,161,-0.09801593777087186,0.04928435086261762,0.9841765099175396,0.538632667243114,nan,nan,nan
P12-006,2,flat,stable,0,,1,161,-0.05811749723222623,0.09677995054271339,1.055073126142596,0.5768900620201503,nan,nan,nan
P12-006,0,flat,routine_change,1,61,0,,-0.04283914914428633,0.002565446067643695,0.9826866330770619,0.614454164218745,nan,nan,nan
P12-006,1,flat,routine_change,0,,1,161,-0.10259500464350554,0.04928435086261762,1.0293626030755516,0.5534833153106442,nan,nan,nan
P12-006,2,flat,routine_change,0,,1,161,-0.06220482264488522,0.09677995054271339,1.1266567641681902,0.601959457045044,nan,nan,nan
P12-006,0,flat,model_mismatch,0,,1,161,-0.12146046721691103,-0.009240344218689935,0.9334732423924449,0.5120906726878888,nan,nan,nan
P12-006,1,flat,model_mismatch,0,,1,161,-0.0898449455107117,0.05220535753656062,0.977601961221306,0.5369116666198478,nan,nan,nan
P12-006,2,flat,model_mismatch,0,,1,161,-0.04544603588960326,0.07259705038351973,1.0543304387568557,0.5767594748991041,nan,nan,nan
P12-006,0,codex_rules,stable,0,,1,161,-0.17462746035775065,0.1737578007010416,0.9194150591163659,0.1218676616917589,nan,nan,nan
P12-006,1,codex_rules,stable,0,,1,161,-0.16092317732054254,0.13566065401763885,1.025629596612436,0.13311230069573515,nan,nan,nan
P12-006,2,codex_rules,stable,0,,1,161,-0.11944446147327013,0.17667186051830025,1.0555301645338209,0.13719611387882188,nan,nan,nan
P12-006,0,codex_rules,routine_change,0,,1,161,-0.17710244594790564,0.1737578007010416,0.9965256170918896,0.126382328091836,nan,nan,nan
P12-006,1,codex_rules,routine_change,0,,1,161,-0.16317864758629502,0.13566065401763885,1.0606195676398484,0.13520386138045148,nan,nan,nan
P12-006,2,codex_rules,routine_change,1,173,0,161,-0.11080042705209463,0.17667186051830025,1.1205438756855577,0.1407950835851413,nan,nan,nan
P12-006,0,codex_rules,model_mismatch,0,,1,161,-0.1748010497875897,0.17771918802838155,0.933105981112277,0.12423637413810908,nan,nan,nan
P12-006,1,codex_rules,model_mismatch,1,9,0,,0.13757708967565957,0.16434806362021864,0.9042121684867395,0.2191445145566826,nan,nan,nan
P12-006,2,codex_rules,model_mismatch,0,,1,161,-0.10692331765968144,0.21362265620569162,1.0554159049360146,0.13715766115372116,nan,nan,nan
P12-006,0,habit_only,stable,0,,1,161,-0.12583386173536779,0.009739975148266087,0.9194150591163659,0.4806291794741644,nan,nan,nan
P12-006,1,habit_only,stable,0,,1,161,-0.11842550259356244,-0.0007527650241795239,0.9841765099175396,0.48110174702612796,nan,nan,nan
P12-006,2,habit_only,stable,0,,1,161,-0.07922073791080152,0.05553578593867705,1.0525594149908593,0.49069688184422255,nan,nan,nan
P12-006,0,habit_only,routine_change,0,,1,161,-0.15013112292127354,0.009739975148266087,0.9686268409043767,0.45565355892929205,nan,nan,nan
P12-006,1,habit_only,routine_change,0,,1,161,-0.13472529771444935,-0.0007527650241795239,1.0330398930242926,0.4588067360002369,nan,nan,nan
P12-006,2,habit_only,routine_change,0,,1,161,-0.09251456744635976,0.05553578593867705,1.1284277879341864,0.474840137558968,nan,nan,nan
P12-006,0,habit_only,model_mismatch,0,,1,161,-0.1338720867114426,-0.03317109662614575,0.9334207764952781,0.4803468400699561,nan,nan,nan
P12-006,1,habit_only,model_mismatch,0,,1,161,-0.11293157039414524,-0.004036940446972103,0.9810563851125474,0.47972579642465557,nan,nan,nan
P12-006,2,habit_only,model_mismatch,0,,1,161,-0.06900728230532753,0.04950886147104605,1.0542161791590494,0.4946465591052556,nan,nan,nan
P12-006,0,nn_frozen,stable,0,,1,161,-0.12566730177738353,0.012002003479734069,0.9194150591163659,0.470011660611155,0.5129186281638644,0.4729339377122244,0.4612626004708663
P12-006,1,nn_frozen,stable,0,,1,161,-0.1168039962624294,-0.004040435132634472,0.984009360374415,0.4750710120016125,0.5195483587706075,0.43892098378540506,0.3910494046569872
P12-006,2,nn_frozen,stable,0,,1,161,-0.07811186196921739,0.0572776287516668,1.0553016453382085,0.4935365123336173,0.44947919944873205,0.43151624390174587,0.4678115067610284
P12-006,0,nn_frozen,routine_change,0,,1,161,-0.1494088844158068,0.012002003479734069,0.9686268409043767,0.4378193272970622,0.5129186281638644,0.8515148165250613,0.6880740678256136
P12-006,1,nn_frozen,routine_change,0,,1,161,-0.13350962560631216,-0.004040435132634472,1.0322598618230443,0.4468168502233433,0.5195483587706075,0.7846837388602876,0.6383100834740221
P12-006,2,nn_frozen,routine_change,0,,1,161,-0.08973164914880506,0.0572776287516668,1.1190585009140768,0.4705341410551619,0.44947919944873205,0.6973046892489816,0.6375301946314874
P12-006,0,nn_frozen,model_mismatch,0,,1,161,-0.13279849744282765,-0.02856195558396366,0.9356243441762854,0.4689149066351299,0.5168727074172826,0.49714483798076886,0.4635929019951007
P12-006,1,nn_frozen,model_mismatch,0,,1,161,-0.11176469622467146,-0.0029860284803861848,0.9810563851125474,0.47407099208276254,0.5443064870674912,0.4387418181041723,0.39205922331566606
P12-006,2,nn_frozen,model_mismatch,0,,1,161,-0.06714089896677021,0.05034504389595509,1.0563871115173675,0.49626795076862595,0.4276711371538823,0.40903466281187534,0.46732539373026627
P12-006,0,nn_adaptive,stable,0,,1,161,-0.13218280658899045,0.0038600966274269033,0.921489317568969,0.4947477222998593,0.5113698758323613,0.4118746884359906,0.44754096108905683
P12-006,1,nn_adaptive,stable,0,,1,161,-0.11851275506060593,0.0015466386097739546,0.9838979273456653,0.4885063316790542,0.5460390434599734,0.4175199389333981,0.46241866612137594
P12-006,2,nn_adaptive,stable,0,,1,161,-0.07498600809245616,0.06246763924196926,1.0549588665447898,0.49810140423281235,0.49911968280255936,0.393589199983955,0.467544870395903
P12-006,0,nn_adaptive,routine_change,0,,1,161,-0.15000863091629033,0.0038600966274269033,0.9688342667496369,0.48944414114429624,0.5113698758323613,0.37138613990057856,0.4600872673975173
P12-006,1,nn_adaptive,routine_change,0,,1,161,-0.13150367048039077,0.0015466386097739546,1.0330398930242926,0.48216998293574265,0.5460390434599734,0.4256073413727454,0.3885027804768465
P12-006,2,nn_adaptive,routine_change,0,,1,161,-0.0874613255649939,0.06246763924196926,1.1284277879341864,0.4965420961781429,0.49911968280255936,0.4046150709088235,0.35087978388950464
P12-006,0,nn_adaptive,model_mismatch,0,,1,161,-0.13866742474991445,-0.03200479064534314,0.9334207764952781,0.49625248985822584,0.48340342743525716,0.40946910201125075,0.45549409415212905
P12-006,1,nn_adaptive,model_mismatch,0,,1,161,-0.1133008498625246,0.0007355082100467694,0.9808892355694229,0.487018641986495,0.5475111922544447,0.4317990337607603,0.39395961457237405
P12-006,2,nn_adaptive,model_mismatch,0,,1,161,-0.061965542532367544,0.05865016254579518,1.0542161791590494,0.49978678650744884,0.47702833107085096,0.40684442440730006,0.4745153649544224
P12-007,0,flat,stable,0,,1,161,-0.043897216283162885,0.0510506575106464,0.9672282089755833,0.5294723748818017,nan,nan,nan
P12-007,1,flat,stable,0,,1,161,-0.0452402343502261,0.04371127663556026,1.0654252283105021,0.5764251271529505,nan,nan,nan
P12-007,2,flat,stable,1,38,0,,0.03894928169099977,0.06807038325656191,0.9536870841886911,0.7355219805178713,nan,nan,nan
P12-007,0,flat,routine_change,0,,1,161,-0.028583949453426065,0.10529327789082117,0.9754808348110763,0.5322605326066511,nan,nan,nan
P12-007,1,flat,routine_change,0,,1,161,-0.030784584760687607,0.07787296215632485,1.0476241438356164,0.5690876132051137,nan,nan,nan
P12-007,2,flat,routine_change,1,38,0,,0.03894928169099977,0.06807038325656191,0.9536870841886911,0.7355219805178713,nan,nan,nan
P12-007,0,flat,model_mismatch,0,,1,161,-0.050370071544356465,0.05459217682478464,0.9905373670396463,0.5421480946241368,nan,nan,nan
P12-007,1,flat,model_mismatch,0,,1,161,-0.009704857964472366,0.08272887594463045,1.0534127767592723,0.568713991038405,nan,nan,nan
P12-007,2,flat,model_mismatch,0,,1,161,-0.03216043346725889,0.07631306822222352,1.0047156629872853,0.5449640132470067,nan,nan,nan
P12-007,0,codex_rules,stable,1,9,0,,0.3205208475333837,0.3572076306707762,0.8923066430227801,0.1806927817018368,nan,nan,nan
P12-007,1,codex_rules,stable,0,,1,161,-0.09681725536715974,0.3374753581277999,1.0366723744292237,0.11277515425797698,nan,nan,nan
P12-007,2,codex_rules,stable,1,9,0,,0.2793742333325254,0.3132695243251779,1.039877043453961,0.20198904186390498,nan,nan,nan
P12-007,0,codex_rules,routine_change,1,9,0,,0.3205208475333837,0.3572076306707762,0.8923066430227801,0.1806927817018368,nan,nan,nan
P12-007,1,codex_rules,routine_change,1,129,0,,-0.05743540032780662,0.3374753581277999,1.036922089041096,0.11275407848249171,nan,nan,nan
P12-007,2,codex_rules,routine_change,1,9,0,,0.2793742333325254,0.3132695243251779,1.039877043453961,0.20198904186390498,nan,nan,nan
P12-007,0,codex_rules,model_mismatch,0,,1,161,-0.09791843368705605,0.3547546586637786,0.9874982732421606,0.10846404731174178,nan,nan,nan
P12-007,1,codex_rules,model_mismatch,0,,1,161,-0.06020352897348412,0.38614574371192006,1.0211535749541671,0.11137983717165824,nan,nan,nan
P12-007,2,codex_rules,model_mismatch,0,,1,161,-0.08363275588120733,0.33578079707790326,1.0060081039541706,0.11171041138733992,nan,nan,nan
P12-007,0,habit_only,stable,0,,1,161,-0.04899853684843343,0.04696910703555476,0.9520870276906288,0.5153626622681354,nan,nan,nan
P12-007,1,habit_only,stable,0,,1,161,-0.055683592532983335,0.036963828310444244,1.035423801369863,0.5241113677881355,nan,nan,nan
P12-007,2,habit_only,stable,0,,1,161,-0.05277141050273589,0.033241247130448716,1.0048553863350567,0.5210921707867396,nan,nan,nan
P12-007,0,habit_only,routine_change,0,,1,161,-0.04321024915986948,0.04696910703555476,0.9661710544264085,0.5190608618551896,nan,nan,nan
P12-007,1,habit_only,routine_change,0,,1,161,-0.04995398514278405,0.036963828310444244,1.0237585616438356,0.5255725101528707,nan,nan,nan
P12-007,2,habit_only,routine_change,0,,1,161,-0.04529901164042451,0.033241247130448716,1.0034581528573425,0.5241071991085141,nan,nan,nan
P12-007,0,habit_only,model_mismatch,1,41,0,,0.015336383661562444,0.03855182452576927,0.9908136482939632,0.6975850235749935,nan,nan,nan
P12-007,1,habit_only,model_mismatch,0,,1,161,-0.02119091846109556,0.06957638196192759,1.0269002961500493,0.5271258860279335,nan,nan,nan
P12-007,2,habit_only,model_mismatch,0,,1,161,-0.03984752059174412,0.04379992726177205,0.9946206511108007,0.5164038820111188,nan,nan,nan
P12-007,0,nn_frozen,stable,0,,1,161,-0.04459845167755164,0.0417155551511428,0.956111035329423,0.5134796698912255,0.31168534135259496,0.2825087716881615,0.24312330524660267
P12-007,1,nn_frozen,stable,0,,1,161,-0.05325750531898061,0.03120848005002227,1.037706906392694,0.5268061353303026,0.21978961383641035,0.21438418791887834,0.2722645140603433
P12-007,2,nn_frozen,stable,0,,1,161,-0.0471335487238936,0.040030034800862424,0.9940966885566578,0.5195530929737522,0.2713389405385363,0.24671742717273012,0.2529070083095913
P12-007,0,nn_frozen,routine_change,0,,1,161,-0.04007835487754886,0.04137912289023731,0.9635452189332969,0.5172545158133917,0.31168534135259496,0.7529614507891401,0.7320502553569787
P12-007,1,nn_frozen,routine_change,1,48,0,,0.0196509445880579,0.03120848005002227,1.0289261252446182,0.6785551692810913,0.21978961383641035,nan,nan
P12-007,2,nn_frozen,routine_change,0,,1,161,-0.044359566645566326,0.040030034800862424,1.0032485678356855,0.5228539673714105,0.2713389405385363,0.6722709591889019,0.6654118879917067
P12-007,0,nn_frozen,model_mismatch,1,5,0,,0.05892874868136519,0.05892874868136519,0.9345904130404752,0.8144310837663667,nan,nan,nan
P12-007,1,nn_frozen,model_mismatch,1,52,0,,0.04960890725712326,0.06947093605767334,1.0274171618022312,0.6505120272357462,0.25427004900520495,nan,nan
P12-007,2,nn_frozen,model_mismatch,0,,1,161,-0.035203430730628926,0.05169453099136877,0.986202319407573,0.5161758895399717,0.2679083873714959,0.26175376545016144,0.2527597803683578
P12-007,0,nn_adaptive,stable,0,,1,161,-0.054992256646301224,0.03091144072315424,0.9723093711635521,0.5202019972901492,0.28754178367728817,0.2509935134681577,0.23611368611096623
P12-007,1,nn_adaptive,stable,0,,1,161,-0.052928756744139695,0.042713774246161025,1.0389198059360731,0.5251810917262595,0.24292547971467002,0.19645613373409934,0.2585634247664406
P12-007,2,nn_adaptive,stable,0,,1,161,-0.052727801215831004,0.04019244187465452,0.9939918960458293,0.5219840071847166,0.28301201955259936,0.26976521541150694,0.19207839196459248
P12-007,0,nn_adaptive,routine_change,0,,1,161,-0.04238047727579622,0.03091144072315424,0.966409766743964,0.5200615067257202,0.28754178367728817,0.6209914270737794,0.5897810644885627
P12-007,1,nn_adaptive,routine_change,1,182,0,161,-0.027970619515396075,0.042713774246161025,1.0376355593607305,0.5237612584140438,0.24292547971467002,0.6035457866986363,0.6028848472726598
P12-007,2,nn_adaptive,routine_change,0,,1,161,-0.04321111306309105,0.04019244187465452,1.0020609193796284,0.5227560499687328,0.28301201955259936,0.6137950383225691,0.5831745897691197
P12-007,0,nn_adaptive,model_mismatch,0,,1,161,-0.05533729633150885,0.04278362189267628,0.991366210802597,0.5242917785285099,0.29745638157202975,0.21189936820003075,0.23625611117536302
P12-007,1,nn_adaptive,model_mismatch,0,,1,161,-0.020952886954568595,0.05876835769779578,1.027746439148216,0.5245526144415715,0.2538661337057122,0.20738096435650075,0.23573162963725025
P12-007,2,nn_adaptive,model_mismatch,0,,1,161,-0.03964633114935383,0.049249124221163135,1.0036677378789995,0.5246590602650618,0.29976313268437477,0.21325969157439964,0.26108338312444207
P12-008,0,flat,stable,0,,1,161,0.002245090442353183,0.0521729796854277,1.1149985452429445,0.6107315686893697,nan,nan,nan
P12-008,1,flat,stable,0,,1,161,0.00357419006103315,0.0533135195905163,1.1054099274958171,0.6028468586626177,nan,nan,nan
P12-008,2,flat,stable,0,,1,161,0.00292181303013031,0.05247921069168011,1.0926699308755758,0.5877938930213418,nan,nan,nan
P12-008,0,flat,routine_change,1,52,0,,0.07270243961092616,0.27769378172266884,1.089882027437267,0.7530244052173944,nan,nan,nan
P12-008,1,flat,routine_change,1,89,0,,0.14084559410882164,0.2843593257959302,1.0554238706079198,0.584793138504777,nan,nan,nan
P12-008,2,flat,routine_change,0,,1,161,0.08479239672946347,0.30042596495725593,1.0434187788018432,0.5700827569405195,nan,nan,nan
P12-008,0,flat,model_mismatch,0,,1,161,0.020984799633332392,0.06025030834932383,1.1199735837980629,0.609827867715913,nan,nan,nan
P12-008,1,flat,model_mismatch,0,,1,161,0.020215006032175797,0.06400968623298117,1.1336894586894588,0.6050673070433742,nan,nan,nan
P12-008,2,flat,model_mismatch,0,,1,161,0.01052541853096512,0.06521565980628416,1.0687319884726225,0.57871692214545,nan,nan,nan
P12-008,0,codex_rules,stable,1,7,0,,0.2057734573097851,0.20621700209063645,1.5969959266802445,0.3803510264838656,nan,nan,nan
P12-008,1,codex_rules,stable,0,,1,161,-0.009951305273362217,0.22543307657687742,1.122908533184607,0.16792350534744052,nan,nan,nan
P12-008,2,codex_rules,stable,0,,1,161,-0.015749455235623978,0.20248307611800226,1.1086549539170505,0.16945116049562092,nan,nan,nan
P12-008,0,codex_rules,routine_change,1,7,0,,0.2057734573097851,0.20621700209063645,1.5969959266802445,0.3803510264838656,nan,nan,nan
P12-008,1,codex_rules,routine_change,1,53,0,,0.10199888744428957,0.22543307657687742,1.1640639524075107,0.20750879177506423,nan,nan,nan
P12-008,2,codex_rules,routine_change,0,,1,161,0.01577836202974424,0.20248307611800226,1.1005184331797235,0.1617170635729739,nan,nan,nan
P12-008,0,codex_rules,model_mismatch,1,10,0,,0.1870699068643204,0.2029003864956615,1.5527123302292072,0.363285268170116,nan,nan,nan
P12-008,1,codex_rules,model_mismatch,0,,1,161,0.008483878659302894,0.23230720884496572,1.129059829059829,0.1692428474875315,nan,nan,nan
P12-008,2,codex_rules,model_mismatch,0,,1,161,-0.0007155624981049263,0.2054618577199767,1.1237752161383285,0.17075001567092715,nan,nan,nan
P12-008,0,habit_only,stable,0,,1,161,-0.008160424258882014,0.027064570271408496,1.0921588594704685,0.5230570684443018,nan,nan,nan
P12-008,1,habit_only,stable,0,,1,161,-0.003057631294117088,0.03702262975226935,1.0447573898494145,0.5212321349546957,nan,nan,nan
P12-008,2,habit_only,stable,0,,1,161,-0.009048762058355307,0.03156713711652957,1.0470190092165899,0.5213046635595017,nan,nan,nan
P12-008,0,habit_only,routine_change,0,,1,161,0.07384630014501825,0.2582086473122904,1.05659004946174,0.5280662313914409,nan,nan,nan
P12-008,1,habit_only,routine_change,0,,1,161,0.08546222070565465,0.27052164925043215,1.0115727830451757,0.5261381053998833,nan,nan,nan
P12-008,2,habit_only,routine_change,1,79,0,,0.125086379288659,0.2786688825331849,1.0235383064516128,0.5405477998893378,nan,nan,nan
P12-008,0,habit_only,model_mismatch,0,,1,161,0.010049512989476215,0.046095946427837244,1.1088200763134721,0.5234828895997246,nan,nan,nan
P12-008,1,habit_only,model_mismatch,0,,1,161,0.00950879666395169,0.04824118077822855,1.0725783475783475,0.5169018927856928,nan,nan,nan
P12-008,2,habit_only,model_mismatch,0,,1,161,0.0035975150185757676,0.04245193425262727,1.0396253602305474,0.5228549650323789,nan,nan,nan
P12-008,0,nn_frozen,stable,0,,1,161,-0.00852178516365681,0.03424643098406248,1.0939773057899331,0.5223808564556532,0.3179473383497014,0.33632453381650423,0.31603657089489445
P12-008,1,nn_frozen,stable,0,,1,161,-0.004174325003185785,0.04083159878405245,1.0514500836586727,0.5147026500353793,0.30505827153856163,0.2675517050796446,0.3240377664836417
P12-008,2,nn_frozen,stable,0,,1,161,-0.00896552020957368,0.024867816967194624,1.0638680875576036,0.5186400119206633,0.3168196447416847,0.2689640956923482,0.3068827955663313
P12-008,0,nn_frozen,routine_change,1,77,0,,0.11207632142108057,0.24876496603053314,1.0595331348895505,0.5507687041938435,0.3179473383497014,1.2195678877910292,nan
P12-008,1,nn_frozen,routine_change,1,72,0,,0.11927893460936707,0.2652804250636326,1.0315572737204808,0.5610503642590019,0.30505827153856163,1.3029024190693552,nan
P12-008,2,nn_frozen,routine_change,1,56,0,,0.08109136239510942,0.27405777044624735,1.031090831918506,0.6290823592796644,0.3168196447416847,nan,nan
P12-008,0,nn_frozen,model_mismatch,0,,1,161,0.010809956465340895,0.046259372942263524,1.1092603463457589,0.5183940983382773,0.2852892463561743,0.3126228628141511,0.35720959451407747
P12-008,1,nn_frozen,model_mismatch,0,,1,161,0.009895155517960498,0.047843851424531514,1.0775641025641025,0.5101898446190556,0.3681689713826103,0.2980718692088378,0.3385655919799153
P12-008,2,nn_frozen,model_mismatch,0,,1,161,0.0037434737559629266,0.041376813054591434,1.0397694524495675,0.516429839888464,0.31421758841022374,0.2827596390621135,0.3172701140086754
P12-008,0,nn_adaptive,stable,0,,1,161,-0.00441220248610737,0.03608319783881796,1.1024876345650279,0.5159239964855015,0.35350970269706966,0.3586392173423857,0.30038291104718234
P12-008,1,nn_adaptive,stable,0,,1,161,-0.001961803839584838,0.029972116739650185,1.053680981595092,0.5159808119952822,0.33519504431618413,0.32211711838620954,0.3115153162799906
P12-008,2,nn_adaptive,stable,0,,1,161,-0.006425591874157123,0.027796447675795515,1.0514112903225807,0.5127471309481214,0.4111618584568593,0.27955704928140923,0.3235927566458951
P12-008,0,nn_adaptive,routine_change,1,93,0,,0.12328085230911694,0.2580374740350474,1.0577538551061973,0.5222888050567932,0.35350970269706966,0.6119877237771342,0.866237501259978
P12-008,1,nn_adaptive,routine_change,1,94,0,,0.13540852436988213,0.26345093157925814,1.0218906860011154,0.5213547266211019,0.33519504431618413,0.8061474856928841,0.8019244761649641
P12-008,2,nn_adaptive,routine_change,0,,1,161,0.07965819875882058,0.2781771348726508,0.9953917050691244,0.5169284633207406,0.4111618584568593,0.6684258968022877,0.6905180203254118
P12-008,0,nn_adaptive,model_mismatch,0,,1,161,0.01282317135681438,0.045869428323236386,1.1085265629586147,0.51710433764,0.36437636694742387,0.3407399687131546,0.2944739247909932
P12-008,1,nn_adaptive,model_mismatch,0,,1,161,0.012373628288995747,0.04820042814580217,1.0770655270655272,0.5097114234935105,0.4239576768262107,0.2979130583317563,0.3444864913051367
P12-008,2,nn_adaptive,model_mismatch,0,,1,161,0.0054557072183378215,0.04117071273748131,1.0397694524495675,0.5126343633548907,0.3612619814193714,0.29262425872585157,0.29594534823602675
P12-009,0,flat,stable,1,169,0,161,0.00208952930470316,0.11378359922752865,0.9115155318481332,0.49448866067413083,nan,nan,nan
P12-009,1,flat,stable,0,,1,161,-0.07359815210729392,0.03778206124413976,1.0034013605442178,0.5595714363963146,nan,nan,nan
P12-009,2,flat,stable,0,,1,161,-0.0384307619304107,0.062116833763613453,1.070501097293343,0.5897726536200649,nan,nan,nan
P12-009,0,flat,routine_change,0,,1,161,-0.011731274827085657,0.11378359922752865,0.966033887668654,0.5130705562736805,nan,nan,nan
P12-009,1,flat,routine_change,0,,1,161,-0.06224602065016974,0.03778206124413976,1.0795068027210883,0.5854447140158644,nan,nan,nan
P12-009,2,flat,routine_change,0,,1,161,-0.0350871988623662,0.062116833763613453,1.1508778346744697,0.618186580235485,nan,nan,nan
P12-009,0,flat,model_mismatch,0,,1,161,-0.019838810143564495,0.1084736467155301,0.9325055714740528,0.5119553328177067,nan,nan,nan
P12-009,1,flat,model_mismatch,0,,1,161,-0.03317682742901174,0.08201963789817067,0.9988107373428475,0.5545088669099825,nan,nan,nan
P12-009,2,flat,model_mismatch,0,,1,161,0.006679114116798383,0.11716369433161351,1.054571738344778,0.5789119987378317,nan,nan,nan
P12-009,0,codex_rules,stable,1,1,0,,0.37705354152603043,0.37705354152603043,0.975211797929087,0.2855580185663026,nan,nan,nan
P12-009,1,codex_rules,stable,0,,1,161,-0.10754967770882395,0.13718622762668423,0.9967687074829931,0.16215158493120688,nan,nan,nan
P12-009,2,codex_rules,stable,0,,1,161,-0.07717482171166834,0.18142741929939826,1.097293343087052,0.17651920079492628,nan,nan,nan
P12-009,0,codex_rules,routine_change,1,1,0,,0.37705354152603043,0.37705354152603043,0.975211797929087,0.2855580185663026,nan,nan,nan
P12-009,1,codex_rules,routine_change,0,,1,161,-0.1047207927556267,0.13718622762668423,1.0471938775510203,0.1627825792597357,nan,nan,nan
P12-009,2,codex_rules,routine_change,0,,1,161,-0.07387505638773278,0.18142741929939826,1.107534747622531,0.17476620764444945,nan,nan,nan
P12-009,0,codex_rules,model_mismatch,0,,1,161,-0.04906072395185134,0.25599521994005187,0.8829990448901623,0.14343405412207483,nan,nan,nan
P12-009,1,codex_rules,model_mismatch,0,,1,161,-0.06876834401977742,0.19401450639798137,0.9935440027183147,0.16137856582689303,nan,nan,nan
P12-009,2,codex_rules,model_mismatch,1,3,0,,0.27100442678863945,0.27100442678863945,1.278821828695338,0.3549612645803236,nan,nan,nan
P12-009,0,habit_only,stable,0,,1,161,-0.025724723599733573,0.0700998296958133,0.9063382491371195,0.4787152858232912,nan,nan,nan
P12-009,1,habit_only,stable,1,158,0,,-0.06923405775563511,-0.025382539961833175,1.0033163265306122,0.4948977145446452,nan,nan,nan
P12-009,2,habit_only,stable,0,,1,161,-0.056612266962635514,0.04641512975347973,1.0741587417702998,0.5164135324567385,nan,nan,nan
P12-009,0,habit_only,routine_change,0,,1,161,-0.028207869720005118,0.0700998296958133,0.9701129588955131,0.4748131375671803,nan,nan,nan
P12-009,1,habit_only,routine_change,0,,1,161,-0.08656044963016764,-0.007299340813535331,1.0788265306122449,0.48811928159656354,nan,nan,nan
P12-009,2,habit_only,routine_change,1,76,0,,-0.007591300244446372,0.04641512975347973,1.1013832546385582,0.536938292003192,nan,nan,nan
P12-009,0,habit_only,model_mismatch,1,137,0,,-0.006116613003267733,0.07798748228926868,0.932585163960522,0.48540689324547015,nan,nan,nan
P12-009,1,habit_only,model_mismatch,0,,1,161,-0.04754807270867758,0.027697417001253888,0.9972816853550799,0.5000215797577183,nan,nan,nan
P12-009,2,habit_only,model_mismatch,0,,1,161,-0.010875803001279098,0.07512420028850872,1.059812070834839,0.5132908747240553,nan,nan,nan
P12-009,0,nn_frozen,stable,0,,1,161,-0.023463296048359835,0.07985156339923186,0.9067304675243176,0.47801938891583573,0.467852274579781,0.42256716702796016,0.4078810392759918
P12-009,1,nn_frozen,stable,0,,1,161,-0.0839066699017243,-0.025088409912387803,0.9989795918367347,0.49241506232481336,0.3510427940581109,0.3648432078552159,0.4115787844722047
P12-009,2,nn_frozen,stable,0,,1,161,-0.05560594187074782,0.04593508444931509,1.0702267739575713,0.5142043911738917,0.3728662643296089,0.4131467449487808,0.38195914339574083
P12-009,0,nn_frozen,routine_change,0,,1,161,-0.026373280845309592,0.07985156339923186,0.9641512394101036,0.4720486225307994,0.467852274579781,0.43565843311896696,0.45575247039402006
P12-009,1,nn_frozen,routine_change,0,,1,161,-0.08643087593341749,-0.025088409912387803,1.0787414965986395,0.48560240558675166,0.3510427940581109,0.4507426798727389,0.48598684311877244
P12-009,2,nn_frozen,routine_change,1,76,0,,-0.006812186462509108,0.04593508444931509,1.1015827625191195,0.5363384739046354,0.3728662643296089,0.3919055821240928,nan
P12-009,0,nn_frozen,model_mismatch,0,,1,161,-0.031094549359128584,0.05620251865377168,0.9632282712511939,0.48983976171832544,0.42210284915799684,0.35519588255166995,0.47209651765109545
P12-009,1,nn_frozen,model_mismatch,0,,1,161,-0.04834953969189907,0.027925455803167132,1.0012742099898064,0.4941297072378567,0.35764540550836804,0.4037692479216068,0.40693220007070546
P12-009,2,nn_frozen,model_mismatch,0,,1,161,-0.010740511177548437,0.07672490971048411,1.0542103361040838,0.5104676219438307,0.41308364841475215,0.4349797653447114,0.3851937435425498
P12-009,0,nn_adaptive,stable,0,,1,161,-0.02735732572696317,0.0821698316427999,0.9165359272042674,0.49035877109769,0.5511773064321217,0.4369994777568677,0.42764934481598654
P12-009,1,nn_adaptive,stable,0,,1,161,-0.08475897049888884,-0.020591217458583593,0.9995748299319729,0.4999146335696361,0.40733608185611164,0.36940884336850816,0.40109554938824277
P12-009,2,nn_adaptive,stable,0,,1,161,-0.05380757847717365,0.04922091994935894,1.0701353328456473,0.5059012476691715,0.37345037432044953,0.42474532765091805,0.37168866977160436
P12-009,0,nn_adaptive,routine_change,0,,1,161,-0.02560443670117402,0.0821698316427999,0.984546595544399,0.49103019799015724,0.5511773064321217,0.36114324667603803,0.34861928551266436
P12-009,1,nn_adaptive,routine_change,0,,1,161,-0.08273115923507758,-0.0071494176995846445,1.0717687074829931,0.4995658388985828,0.40733608185611164,0.3615514852056666,0.36558719686513325
P12-009,2,nn_adaptive,routine_change,1,190,0,161,-0.04317017339534377,0.04922091994935894,1.1100950987564007,0.5072591256091528,0.37345037432044953,0.3417227885589907,0.33459103766030046
P12-009,0,nn_adaptive,model_mismatch,1,137,0,,-0.008899280013289735,0.056031437157545425,0.9261381725565105,0.49585956739131865,0.43151204766226,0.4067297575913854,0.3693422068461208
P12-009,1,nn_adaptive,model_mismatch,1,158,0,,-0.030358080915032604,0.030153353629414174,0.9943085287121985,0.4984182263382807,0.39584724481930245,0.38976159692693685,0.4082106676698965
P12-009,2,nn_adaptive,model_mismatch,0,,1,161,-0.0067561143481202545,0.085331949779192,1.0589085652331045,0.5068094649434912,0.43512677734978883,0.442004505028427,0.3377722284122564
P12-010,0,flat,stable,0,,1,161,-0.05872630625480005,0.03252813090538884,1.1009363811622144,0.5812622284741108,nan,nan,nan
P12-010,1,flat,stable,0,,1,161,-0.040174567436868154,0.05319790836408432,1.1392045454545454,0.621323959858376,nan,nan,nan
P12-010,2,flat,stable,0,,1,161,-0.0013847497652191452,0.11149024288466237,1.025692225772098,0.5634562467859544,nan,nan,nan
P12-010,0,flat,routine_change,0,,1,161,-0.06391995867391635,0.03837622945057654,0.952905535665106,0.5311731149447091,nan,nan,nan
P12-010,1,flat,routine_change,0,,1,161,-0.05026822109436212,0.05319790836408432,1.0337918660287082,0.5837293843435128,nan,nan,nan
P12-010,2,flat,routine_change,0,,1,161,-0.012607453950412741,0.11149024288466237,0.9468184238551651,0.5342195573601217,nan,nan,nan
P12-010,0,flat,model_mismatch,0,,1,161,-0.036745166637121525,0.07872733977638031,1.090024834437086,0.5770287933691778,nan,nan,nan
P12-010,1,flat,model_mismatch,1,161,0,161,-0.002723905014331932,0.06816238877341294,1.1392793062200957,0.6188548076644989,nan,nan,nan
P12-010,2,flat,model_mismatch,0,,1,161,0.007651238921067259,0.13405913174318093,1.0010649627263044,0.5476445224272911,nan,nan,nan
P12-010,0,codex_rules,stable,0,,1,161,-0.09971230447709743,0.27339242741054964,1.072294133847425,0.15047827304289238,nan,nan,nan
P12-010,1,codex_rules,stable,0,,1,161,-0.09281017713559762,0.24296448016129907,1.1392045454545454,0.16605252961540526,nan,nan,nan
P12-010,2,codex_rules,stable,1,5,0,,0.3639824139446662,0.3639824139446662,0.9374334398296059,0.25374400867940355,nan,nan,nan
P12-010,0,codex_rules,routine_change,0,,1,161,-0.0999970867724343,0.27339242741054964,0.9401679977967502,0.1423429440419838,nan,nan,nan
P12-010,1,codex_rules,routine_change,0,,1,161,-0.09130465866293995,0.24296448016129907,1.0340161483253587,0.15780246280598859,nan,nan,nan
P12-010,2,codex_rules,routine_change,1,5,0,,0.3639824139446662,0.3639824139446662,0.9374334398296059,0.25374400867940355,nan,nan,nan
P12-010,0,codex_rules,model_mismatch,1,21,0,,0.13021305773450217,0.2954371720587031,0.9698223961468995,0.2309403080273538,nan,nan,nan
P12-010,1,codex_rules,model_mismatch,0,,1,161,-0.08000837157989206,0.27602851897339997,1.1392045454545454,0.16605252961540526,nan,nan,nan
P12-010,2,codex_rules,model_mismatch,1,5,0,,0.38391152947279844,0.38391152947279844,0.9374334398296059,0.25374400867940355,nan,nan,nan
P12-010,0,habit_only,stable,0,,1,161,-0.07529549967771525,0.017925254849312334,1.0720875791792894,0.49175016860166443,nan,nan,nan
P12-010,1,habit_only,stable,0,,1,161,-0.06705476958803165,0.028779965816631004,1.1392045454545454,0.5236208346840734,nan,nan,nan
P12-010,2,habit_only,stable,0,,1,161,-0.02291486947166866,0.08307060885934725,1.0011980830670928,0.5044524853361947,nan,nan,nan
P12-010,0,habit_only,routine_change,0,,1,161,-0.07411336320129572,0.03275665230817366,0.9871247590195538,0.4658639255726919,nan,nan,nan
P12-010,1,habit_only,routine_change,0,,1,161,-0.06085999856289521,0.028779965816631004,1.0338666267942584,0.4956814043954255,nan,nan,nan
P12-010,2,habit_only,routine_change,0,,1,161,-0.02513321004364003,0.08307060885934725,0.9271166134185304,0.476996168172329,nan,nan,nan
P12-010,0,habit_only,model_mismatch,0,,1,161,-0.06193207194834626,0.016262610446836762,1.0880242825607063,0.4938117435486161,nan,nan,nan
P12-010,1,habit_only,model_mismatch,0,,1,161,-0.056260335106017474,0.02044368644514649,1.0855263157894737,0.515559602538789,nan,nan,nan
P12-010,2,habit_only,model_mismatch,0,,1,161,-0.012755727741076372,0.08883291148878282,1.0011980830670928,0.5044517322905275,nan,nan,nan
P12-010,0,nn_frozen,stable,0,,1,161,-0.07236854073128236,0.01908022992330786,1.0722252822913798,0.4975622440825927,0.49802436824690305,0.4503565701726366,0.4052682106525552
P12-010,1,nn_frozen,stable,0,,1,161,-0.06600935619605668,0.030104885620455848,1.139055023923445,0.5229367797704139,0.37517568928504724,0.42121660087690577,0.3517469167281919
P12-010,2,nn_frozen,stable,0,,1,161,-0.019984015100028424,0.08410048401191414,1.0011980830670928,0.5113922245626624,0.411750908564407,0.3799414974655401,0.3963526092401544
P12-010,0,nn_frozen,routine_change,0,,1,161,-0.07383760286470988,0.04946324992581193,0.953249793445332,0.4652412697230227,0.49802436824690305,0.6221185545518496,0.5337087385539551
P12-010,1,nn_frozen,routine_change,0,,1,161,-0.059321977900025,0.030104885620455848,1.033717105263158,0.49498320658827616,0.37517568928504724,0.5831660207233798,0.5123632681615206
P12-010,2,nn_frozen,routine_change,0,,1,161,-0.0234775698919995,0.08410048401191414,0.9271166134185304,0.48108564267022746,0.411750908564407,0.6146186123242827,0.621562190535357
P12-010,0,nn_frozen,model_mismatch,0,,1,161,-0.05868367995700343,0.01730593082656604,1.0880242825607063,0.49870336959511496,0.5856896637348968,0.4366989095287567,0.4063331209594681
P12-010,1,nn_frozen,model_mismatch,0,,1,161,-0.05492316675901257,0.02353498653721739,1.0855263157894737,0.5175318614213155,0.3465153547572402,0.3854769528834515,0.3744785962327993
P12-010,2,nn_frozen,model_mismatch,0,,1,161,-0.009429438080600188,0.09070235916793139,1.0011980830670928,0.5114164150253031,0.4118054929974208,0.37996570196944973,0.39636879228407373
P12-010,0,nn_adaptive,stable,0,,1,161,-0.06449054488556388,0.02468029561970485,1.0722252822913798,0.49482245473456277,0.4459123876378494,0.42019003883640654,0.3814611168902666
P12-010,1,nn_adaptive,stable,0,,1,161,-0.05968389768450143,0.041978620723677515,1.1392793062200957,0.5130265802306904,0.34669293197918394,0.45795262259200653,0.312698830586376
P12-010,2,nn_adaptive,stable,0,,1,161,-0.014308342124257691,0.0850397318061598,1.0011980830670928,0.5071462046827587,0.46103332086374677,0.3747848607864923,0.4209959024895796
P12-010,0,nn_adaptive,routine_change,0,,1,161,-0.0644543604684092,0.061019973157669,0.9531809418892867,0.4755670530689756,0.4459123876378494,0.573465512407928,0.3369970887782548
P12-010,1,nn_adaptive,routine_change,0,,1,161,-0.054771156036427786,0.041978620723677515,1.0407446172248804,0.4979210346059676,0.34669293197918394,0.5129380716823776,0.3704929185557421
P12-010,2,nn_adaptive,routine_change,0,,1,161,-0.01757129025391601,0.0850397318061598,0.9271166134185304,0.4885020661634286,0.46103332086374677,0.5155414752465409,0.42294142873461515
P12-010,0,nn_adaptive,model_mismatch,0,,1,161,-0.05616229220419742,0.017819096196794233,1.103476821192053,0.495815302896295,0.5352973233263577,0.3752301768518253,0.32418124432319806
P12-010,1,nn_adaptive,model_mismatch,0,,1,161,-0.05073039908938266,0.022669101245932168,1.1391297846889952,0.5109304525812034,0.35294399554135775,0.4599928911821696,0.3077287927580353
P12-010,2,nn_adaptive,model_mismatch,0,,1,161,-0.00343768610775816,0.0938496150314733,1.0011980830670928,0.5071399435156826,0.46106778911428625,0.37476313722553406,0.4209873805839682
P12-011,0,flat,stable,0,,1,161,-0.19874567950681332,0.035679118328374566,1.004945054945055,0.5380989330109549,nan,nan,nan
P12-011,1,flat,stable,0,,1,161,-0.21680111445895417,-0.0024105217322716627,0.9616596638655461,0.5283817734043981,nan,nan,nan
P12-011,2,flat,stable,0,,1,161,-0.22735054077216077,0.002106507211336777,0.9389455782312925,0.5163823306154951,nan,nan,nan
P12-011,0,flat,routine_change,0,,1,161,-0.25001525977158906,0.035679118328374566,1.021978021978022,0.5467528132183508,nan,nan,nan
P12-011,1,flat,routine_change,0,,1,161,-0.2683333543032386,-0.0024105217322716627,0.9665616246498601,0.5283799140730079,nan,nan,nan
P12-011,2,flat,routine_change,0,,1,161,-0.2816141570286406,0.002106507211336777,0.9513605442176871,0.5208491952772435,nan,nan,nan
P12-011,0,flat,model_mismatch,0,,1,161,-0.1865871062608093,0.01777678706455999,1.0078754578754578,0.5403459582655067,nan,nan,nan
P12-011,1,flat,model_mismatch,0,,1,161,-0.19885442073086845,0.035013047944455866,0.9457123098201936,0.518200204444354,nan,nan,nan
P12-011,2,flat,model_mismatch,0,,1,161,-0.20662976140272374,0.022795670962308022,0.9040816326530612,0.49782847916313083,nan,nan,nan
P12-011,0,codex_rules,stable,0,,1,161,-0.29812380431049046,0.012316577806475501,1.0003663003663004,0.170406720220919,nan,nan,nan
P12-011,1,codex_rules,stable,0,,1,161,-0.3151611338591419,0.02195352325251301,0.9616596638655461,0.16560649083574516,nan,nan,nan
P12-011,2,codex_rules,stable,0,,1,161,-0.3252789604498916,0.015834596066469326,0.8863945578231293,0.15790468977540387,nan,nan,nan
P12-011,0,codex_rules,routine_change,0,,1,161,-0.3235896851610975,0.012316577806475501,1.006043956043956,0.17617437857366441,nan,nan,nan
P12-011,1,codex_rules,routine_change,0,,1,161,-0.33945773419726116,0.02195352325251301,0.9571078431372548,0.16839049029186437,nan,nan,nan
P12-011,2,codex_rules,routine_change,0,,1,161,-0.35119502340968134,0.015834596066469326,0.9387755102040816,0.16768441174931759,nan,nan,nan
P12-011,0,codex_rules,model_mismatch,0,,1,161,-0.27612916143764493,0.03350291770180878,1.0005494505494505,0.17041349896247096,nan,nan,nan
P12-011,1,codex_rules,model_mismatch,0,,1,161,-0.2894316028430883,0.04393002565441253,0.9232365145228215,0.1589227919321795,nan,nan,nan
P12-011,2,codex_rules,model_mismatch,0,,1,161,-0.3013935979091299,0.05484012460747859,0.9302721088435374,0.16019216015895596,nan,nan,nan
P12-011,0,habit_only,stable,0,,1,161,-0.21281051643838195,0.020765446551043638,1.0007326007326007,0.4584997896855179,nan,nan,nan
P12-011,1,habit_only,stable,0,,1,161,-0.2279758243068937,-0.0009729835414737217,0.9616596638655461,0.4531054482267274,nan,nan,nan
P12-011,2,habit_only,stable,0,,1,161,-0.23929224798799356,0.016399045504384757,0.8947278911564626,0.42877413335577536,nan,nan,nan
P12-011,0,habit_only,routine_change,0,,1,161,-0.2709259245336873,0.020765446551043638,1.0164835164835164,0.4411284146058748,nan,nan,nan
P12-011,1,habit_only,routine_change,0,,1,161,-0.2836584840583427,-0.0009729835414737217,0.9574579831932774,0.43055011334550397,nan,nan,nan
P12-011,2,habit_only,routine_change,0,,1,161,-0.30371646664261653,0.016399045504384757,0.9391156462585034,0.4045178341066832,nan,nan,nan
P12-011,0,habit_only,model_mismatch,0,,1,161,-0.1986349777385423,0.002562697029313828,1.0003663003663004,0.4562137448114959,nan,nan,nan
P12-011,1,habit_only,model_mismatch,0,,1,161,-0.20681479061427677,0.014805400168643314,0.9457123098201936,0.44824539785699924,nan,nan,nan
P12-011,2,habit_only,model_mismatch,0,,1,161,-0.21878599004479185,0.027846732252341067,0.9163265306122449,0.4368801713470156,nan,nan,nan
P12-011,0,nn_frozen,stable,0,,1,161,-0.2155955487321725,0.018608319619804674,1.0076923076923077,0.45207552890671276,0.6074157385444254,0.5631962496399405,0.4999833637088978
P12-011,1,nn_frozen,stable,0,,1,161,-0.2343326818540606,-0.007228220050347733,0.9616596638655461,0.4342925031584606,0.5710752554409085,0.5511339667172319,0.5401228737279412
P12-011,2,nn_frozen,stable,0,,1,161,-0.24068979601640172,0.013167583262052649,0.891326530612245,0.4148833178319663,0.5456044681880415,0.6034515355521382,0.6670588979847751
P12-011,0,nn_frozen,routine_change,0,,1,161,-0.27177384601424287,0.018608319619804674,1.0205128205128204,0.4335795124208534,0.6074157385444254,0.7297100713933089,0.7494369392225179
P12-011,1,nn_frozen,routine_change,0,,1,161,-0.2880496425054671,-0.007228220050347733,0.9600840336134455,0.4093936451487527,0.5710752554409085,0.9548169502248411,0.8293660857203713
P12-011,2,nn_frozen,routine_change,0,,1,161,-0.3018247032684795,0.013167583262052649,0.9090136054421768,0.3885696283462652,0.5456044681880415,0.9352043765835463,0.6764131688082945
P12-011,0,nn_frozen,model_mismatch,0,,1,161,-0.1995309960804832,-0.0012562080867072215,1.0007326007326007,0.4521751121706647,0.5451986495277215,0.5824278379223976,0.4799341927844179
P12-011,1,nn_frozen,model_mismatch,0,,1,161,-0.2104944894536974,0.00991050874726812,0.9457123098201936,0.4324588436073769,0.5457350841797369,0.6444747060850643,0.6164865034211767
P12-011,2,nn_frozen,model_mismatch,1,79,0,,-0.06410967222043175,0.02465360070637554,0.9166071428571427,0.43895733549980925,0.5207471145830983,0.5496685116157657,nan
P12-011,0,nn_adaptive,stable,0,,1,161,-0.21399118719850468,0.018166239454436135,1.0076923076923077,0.4646638004610454,0.6061847903520216,0.5616476236341633,0.4501555364994193
P12-011,1,nn_adaptive,stable,0,,1,161,-0.23132440957283817,-0.0017426821147378813,0.9616596638655461,0.4521116967266956,0.6223626252457423,0.5640650772398531,0.6075044446504249
P12-011,2,nn_adaptive,stable,1,181,0,161,-0.20093515774693424,0.014496888117699327,0.8947278911564626,0.4535614522007845,0.5263135861383655,0.5333866927245836,0.647463928672603
P12-011,0,nn_adaptive,routine_change,0,,1,161,-0.2643342368331848,0.018166239454436135,1.0045787545787546,0.45601722228942937,0.6061847903520216,0.6194137323011597,0.46593518948845253
P12-011,1,nn_adaptive,routine_change,0,,1,161,-0.28518245580589857,-0.0017426821147378813,0.9613095238095238,0.4461210561032076,0.6223626252457423,0.6960841660464626,0.6109676648876812
P12-011,2,nn_adaptive,routine_change,0,,1,161,-0.2959046974483366,0.014496888117699327,0.9335034013605443,0.44596473273883436,0.5263135861383655,0.6408409406479268,0.6075646623396077
P12-011,0,nn_adaptive,model_mismatch,0,,1,161,-0.19952399507096472,-0.0018426232512741994,1.0007326007326007,0.46366709297008507,0.5566235671306993,0.5722464924622568,0.5679779791233102
P12-011,1,nn_adaptive,model_mismatch,0,,1,161,-0.2086537298419974,0.006980558000249326,0.9462309820193636,0.44924321117909616,0.5984984460175936,0.647216208673402,0.6117426571767602
P12-011,2,nn_adaptive,model_mismatch,0,,1,161,-0.21365852230478355,0.025533611563770254,0.9163265306122449,0.460841252334458,0.5346545090356584,0.5103985089808512,0.5722616291682627
P12-012,0,flat,stable,0,,1,161,-0.03207293598393891,0.08925536899417573,1.204127358490566,0.6604657376532852,nan,nan,nan
P12-012,1,flat,stable,1,61,0,,0.03498208224172544,0.06799895058999325,0.9342614740125015,0.5858361289909506,nan,nan,nan
P12-012,2,flat,stable,1,17,0,,0.039445212039273425,0.058883667684424094,0.9837324898328063,0.8995604157252597,nan,nan,nan
P12-012,0,flat,routine_change,0,,1,161,-0.03692192510348751,0.08925536899417573,1.1555424528301887,0.6425399586282845,nan,nan,nan
P12-012,1,flat,routine_change,0,,1,161,-0.011369834813851702,0.0720045603128194,0.9265669807455961,0.4986177845476154,nan,nan,nan
P12-012,2,flat,routine_change,1,17,0,,0.039445212039273425,0.058883667684424094,0.9837324898328063,0.8995604157252597,nan,nan,nan
P12-012,0,flat,model_mismatch,0,,1,161,-0.004211578656729429,0.08523364275809489,1.2037864534336782,0.6564955227610333,nan,nan,nan
P12-012,1,flat,model_mismatch,0,,1,161,-0.016386551864497178,0.05351205389429637,0.9446370309951061,0.49947187463160525,nan,nan,nan
P12-012,2,flat,model_mismatch,0,,1,161,0.032449396360712715,0.10346834415518658,1.0287822111388196,0.5596070727832029,nan,nan,nan
P12-012,0,codex_rules,stable,1,2,0,,0.16687350717488303,0.16687350717488303,1.2084905660377359,0.3815827192556316,nan,nan,nan
P12-012,1,codex_rules,stable,1,4,0,,0.2630405174539016,0.2630405174539016,0.9497746825071692,0.2938649391015907,nan,nan,nan
P12-012,2,codex_rules,stable,1,6,0,,0.23038566052824927,0.23038566052824927,1.2146407591504744,0.36300837362331084,nan,nan,nan
P12-012,0,codex_rules,routine_change,1,2,0,,0.16687350717488303,0.16687350717488303,1.2084905660377359,0.3815827192556316,nan,nan,nan
P12-012,1,codex_rules,routine_change,1,4,0,,0.2630405174539016,0.2630405174539016,0.9497746825071692,0.2938649391015907,nan,nan,nan
P12-012,2,codex_rules,routine_change,1,6,0,,0.23038566052824927,0.23038566052824927,1.2146407591504744,0.36300837362331084,nan,nan,nan
P12-012,0,codex_rules,model_mismatch,1,29,0,,0.10436439134153246,0.18323262247590183,1.2864063969896518,0.3170370280086235,nan,nan,nan
P12-012,1,codex_rules,model_mismatch,0,,1,161,-0.04831032931782947,0.2281073518583348,0.9268964110929854,0.1600992124098665,nan,nan,nan
P12-012,2,codex_rules,model_mismatch,1,10,0,,0.2564028864970467,0.26799681831985916,1.1084788029925188,0.3212291284271877,nan,nan,nan
P12-012,0,habit_only,stable,0,,1,161,-0.06228600536009251,0.0013171721127446048,1.1952830188679247,0.5339403115228772,nan,nan,nan
P12-012,1,habit_only,stable,0,,1,161,-0.018732518553123866,0.04114672173080093,0.9825891028267103,0.497476691590918,nan,nan,nan
P12-012,2,habit_only,stable,0,,1,161,-0.006287900978976267,0.0608970501661648,1.0756891098056938,0.5034627039187887,nan,nan,nan
P12-012,0,habit_only,routine_change,0,,1,161,-0.060576348713425786,0.009835335969412924,1.1548349056603773,0.5240865764162645,nan,nan,nan
P12-012,1,habit_only,routine_change,0,,1,161,-0.023447715195630284,0.04114672173080093,0.928308070462925,0.4763531237041864,nan,nan,nan
P12-012,2,habit_only,routine_change,1,53,0,,0.038745567679151,0.051013878961736474,1.0564844103027564,0.6118817846330098,nan,nan,nan
P12-012,0,habit_only,model_mismatch,0,,1,161,-0.036603560176605474,0.029391940531620836,1.1546331138287864,0.522068538054678,nan,nan,nan
P12-012,1,habit_only,model_mismatch,0,,1,161,-0.02137170909364324,0.07186139499569753,0.9438213703099511,0.4843026759329977,nan,nan,nan
P12-012,2,habit_only,model_mismatch,0,,1,161,0.02246317716055994,0.10128187551047708,0.9858686616791354,0.4894312109452024,nan,nan,nan
P12-012,0,nn_frozen,stable,0,,1,161,-0.0603926280260911,0.013214510510251779,1.1601415094339622,0.5213322946456296,0.3887199374442837,0.4975021384520472,0.44865577217385244
P12-012,1,nn_frozen,stable,0,,1,161,-0.015978323395747028,0.05311167606420427,0.9504301515772224,0.49331529355391707,0.414758049777896,0.37749731075811643,0.39965233152542484
P12-012,2,nn_frozen,stable,1,25,0,,0.0307519013828867,0.04861317588644366,1.0434669262052905,0.7353631269729143,0.37185353940721316,nan,nan
P12-012,0,nn_frozen,routine_change,0,,1,161,-0.05895366585372039,0.013214510510251779,1.15436320754717,0.5167374555358626,0.3887199374442837,0.38469589903699003,0.4363818038972124
P12-012,1,nn_frozen,routine_change,0,,1,161,-0.018055671756728186,0.06350720612056712,0.9247234739860712,0.4820848804239057,0.414758049777896,0.38656167733967556,0.4062939156754589
P12-012,2,nn_frozen,routine_change,1,25,0,,0.0307519013828867,0.04861317588644366,1.0434669262052905,0.7353631269729143,0.37185353940721316,nan,nan
P12-012,0,nn_frozen,model_mismatch,0,,1,161,-0.035241091545954395,0.035715655891846484,1.157808090310442,0.518873521426304,0.4175502086818036,0.3784232559985824,0.3709190097372016
P12-012,1,nn_frozen,model_mismatch,0,,1,161,-0.019429194914273022,0.045624252597423,0.9448409461663948,0.48467407934690016,0.4562072657190833,0.3544750081145184,0.4029444354803891
P12-012,2,nn_frozen,model_mismatch,1,58,0,,0.0604798279440315,0.10602759765165826,1.0164630795891627,0.5867369529406318,0.3784549581816935,nan,nan
P12-012,0,nn_adaptive,stable,0,,1,161,-0.056102678959597425,0.02516862894615261,1.1601415094339622,0.5113878451586511,0.3481942113248334,0.38990346671044546,0.4285019535683102
P12-012,1,nn_adaptive,stable,1,20,0,,0.030999640068579856,0.042806273108181345,0.9365014338385907,0.7678886777690664,0.4395406459283327,nan,nan
P12-012,2,nn_adaptive,stable,0,,1,161,-0.004290582140507954,0.06430261077058892,1.0860822413014009,0.5069124705250793,0.3913445052009576,0.4254691160038982,0.3224472627206899
P12-012,0,nn_adaptive,routine_change,1,62,0,,-0.009354554908564516,0.02516862894615261,1.1933962264150944,0.590780353654534,0.3481942113248334,nan,nan
P12-012,1,nn_adaptive,routine_change,1,20,0,,0.030999640068579856,0.042806273108181345,0.9365014338385907,0.7678886777690664,0.4395406459283327,nan,nan
P12-012,2,nn_adaptive,routine_change,0,,1,161,-0.006748980197206548,0.06127097616262801,1.0593086308178943,0.5036488607156189,0.3913445052009576,0.36667090072285624,0.39590966246458253
P12-012,0,nn_adaptive,model_mismatch,0,,1,161,-0.031255101491376926,0.042066327188811314,1.1547507055503292,0.5111982922497559,0.3286421457550114,0.33980789426681934,0.3979702171172485
P12-012,1,nn_adaptive,model_mismatch,0,,1,161,-0.013295689792321496,0.057831252774450496,0.9450448613376836,0.4940702032434683,0.4545439109536685,0.36325341870221817,0.3491688205147671
P12-012,2,nn_adaptive,model_mismatch,1,17,0,,0.08314238440963645,0.10990560432894857,0.9169437517317817,0.7756782270808852,0.4173029052141171,nan,nan
P12-013,0,flat,stable,1,50,0,,0.03178775550922458,0.07197864647160979,0.9322273708040042,0.6460085563471016,nan,nan,nan
P12-013,1,flat,stable,0,,1,161,-0.03519486974700001,0.09753246067937331,1.0457107075767063,0.5714952754682419,nan,nan,nan
P12-013,2,flat,stable,0,,1,161,-0.12689653999724887,0.05400587269760631,0.9850119904076738,0.5345527207564331,nan,nan,nan
P12-013,0,flat,routine_change,1,51,0,,0.06018393679509672,0.18454906337633156,0.9320273833202276,0.6406812306005849,nan,nan,nan
P12-013,1,flat,routine_change,0,,1,161,0.02683639473572162,0.24688669532371094,1.0059486537257356,0.5615110635746418,nan,nan,nan
P12-013,2,flat,routine_change,1,45,0,,-0.051048169840830764,0.05400587269760631,0.9781826712543009,0.7041400954388339,nan,nan,nan
P12-013,0,flat,model_mismatch,0,,1,161,-0.02181749834305878,0.12974824622683606,0.9575584883023395,0.5153968345049442,nan,nan,nan
P12-013,1,flat,model_mismatch,0,,1,161,-0.024779074847578218,0.10909889578401252,1.0957413249211356,0.5953594512351941,nan,nan,nan
P12-013,2,flat,model_mismatch,0,,1,161,-0.10193659475475104,-0.007527800986281267,1.0045648204503956,0.5490522468297772,nan,nan,nan
P12-013,0,codex_rules,stable,0,,1,161,-0.11015756150736011,0.17543217822672402,0.9539987973541793,0.17411278846218317,nan,nan,nan
P12-013,1,codex_rules,stable,0,,1,161,-0.08042081598958073,0.176581533630172,1.0408578584846586,0.18919904918631722,nan,nan,nan
P12-013,2,codex_rules,stable,0,,1,161,-0.1665556735592961,0.1258265989368713,0.9685251798561151,0.17349923576104667,nan,nan,nan
P12-013,0,codex_rules,routine_change,0,,1,161,-0.08439651149360612,0.17543217822672402,0.8780817799158149,0.16451403924450628,nan,nan,nan
P12-013,1,codex_rules,routine_change,0,,1,161,-0.05004245478336126,0.176581533630172,1.040544771446462,0.18549395712881114,nan,nan,nan
P12-013,2,codex_rules,routine_change,0,,1,161,-0.1385434938382497,0.1258265989368713,0.934652278177458,0.1669260420228746,nan,nan,nan
P12-013,0,codex_rules,model_mismatch,1,16,0,,0.18485094312987416,0.22794044749652423,1.0278062034651894,0.3119134321949191,nan,nan,nan
P12-013,1,codex_rules,model_mismatch,0,,1,161,-0.0698739799682209,0.2651748631057379,1.0561514195583594,0.18629756405840883,nan,nan,nan
P12-013,2,codex_rules,model_mismatch,0,,1,161,-0.1375391394266756,0.14112790490865929,0.986457699330493,0.17824830907938236,nan,nan,nan
P12-013,0,habit_only,stable,1,51,0,,0.01940209939876513,0.0616695528123396,0.9242564410934826,0.5800510506907847,nan,nan,nan
P12-013,1,habit_only,stable,0,,1,161,-0.046264680330289625,0.06931986699377703,1.069818409517846,0.5187041064506409,nan,nan,nan
P12-013,2,habit_only,stable,1,109,0,,-0.08094398763549422,0.0237076672012918,0.9722721822541966,0.4751832959566894,nan,nan,nan
P12-013,0,habit_only,routine_change,1,44,0,,0.02545506507202326,0.0616695528123396,0.927440368811385,0.6091120157558716,nan,nan,nan
P12-013,1,habit_only,routine_change,1,83,0,,0.09688792152258216,0.21492487446802847,1.0057921102066374,0.5203592050521811,nan,nan,nan
P12-013,2,habit_only,routine_change,0,,1,161,-0.0655354631790188,0.1063315906255805,0.9392985611510791,0.4862636431164738,nan,nan,nan
P12-013,0,habit_only,model_mismatch,0,,1,161,-0.0280777836285741,0.10364499334179414,0.9508098380323936,0.483751267668874,nan,nan,nan
P12-013,1,habit_only,model_mismatch,0,,1,161,-0.04096987275498474,0.06468247762578029,1.0553627760252364,0.5203196021615989,nan,nan,nan
P12-013,2,habit_only,model_mismatch,1,6,0,,-0.038188944890277896,-0.038188944890277896,1.0754716981132075,0.8223611190014927,nan,nan,nan
P12-013,0,nn_frozen,stable,0,,1,161,-0.0665835018799864,0.06428658911983536,0.95414912808178,0.4801426209432436,0.4845602740951834,0.4670190630601688,0.48806205857602497
P12-013,1,nn_frozen,stable,0,,1,161,-0.04610919512812032,0.07007512918820714,1.050093926111459,0.5123206026060102,0.41372134385438813,0.4181242539222847,0.4236728405231693
P12-013,2,nn_frozen,stable,1,109,0,,-0.07983720418087119,-0.011681644334430096,0.9728717026378896,0.4765835071986679,0.5404514044289656,0.46149866640397563,0.39008294906107505
P12-013,0,nn_frozen,routine_change,1,55,0,,0.05282887312549722,0.1976237372504967,0.9364852675886952,0.5862711567685055,0.4845602740951834,nan,nan
P12-013,1,nn_frozen,routine_change,1,48,0,,0.05097668531470076,0.20495435892060104,1.0594865372573574,0.6610685623456373,0.41372134385438813,nan,nan
P12-013,2,nn_frozen,routine_change,0,,1,161,-0.06828594929715254,0.10573081405710279,0.9354016786570744,0.4863477916985756,0.5404514044289656,0.9136286793327705,0.8848106129748748
P12-013,0,nn_frozen,model_mismatch,0,,1,161,-0.02951680793557239,0.10460691951238175,0.9413617276544692,0.47838233880876146,0.5063485180946677,0.4946752913051477,0.4781866957290442
P12-013,1,nn_frozen,model_mismatch,1,25,0,,0.025528773554888695,0.0403607568214781,1.0176413491870904,0.7584048441675487,0.4674974934445131,nan,nan
P12-013,2,nn_frozen,model_mismatch,0,,1,161,-0.10769274240082803,-0.0008603018126556157,0.9945222154595252,0.47952905101158916,0.5084224351209059,0.45263265050579593,0.4708209105523336
P12-013,0,nn_adaptive,stable,0,,1,161,-0.06381049112905461,0.07008646230084238,0.9594107035478052,0.4801654964534027,0.42986522946422284,0.5269101502141261,0.5126314658483176
P12-013,1,nn_adaptive,stable,0,,1,161,-0.04665205139454622,0.07397960777192056,1.0305259862241702,0.49946901254366377,0.4685907128122264,0.4744049589195192,0.47035132421170617
P12-013,2,nn_adaptive,stable,0,,1,161,-0.12572550046603062,-0.017804130790285092,0.9710731414868106,0.4815831136508527,0.46938714396161546,0.4602374706317665,0.5199853590427413
P12-013,0,nn_adaptive,routine_change,1,55,0,,0.06417758730998377,0.20127864957353525,0.9364852675886952,0.581914957170549,0.42986522946422284,nan,nan
P12-013,1,nn_adaptive,routine_change,1,67,0,,0.08752024595958108,0.20144455140342585,1.009622822203396,0.550468456715641,0.4685907128122264,nan,nan
P12-013,2,nn_adaptive,routine_change,0,,1,161,-0.06565182659998721,0.11569684253067639,0.9497901678657074,0.4848056319665021,0.46938714396161546,0.7008335522676059,0.651049754915579
P12-013,0,nn_adaptive,model_mismatch,1,50,0,,0.05839696885509975,0.08625179002622262,0.9272733688556407,0.5936101850041997,0.4746504438404715,nan,nan
P12-013,1,nn_adaptive,model_mismatch,1,25,0,,0.030023143984195425,0.042844817750618706,1.0176413491870904,0.732576148692488,0.5042200731507143,nan,nan
P12-013,2,nn_adaptive,model_mismatch,0,,1,161,-0.10687692203080362,0.0012751200588517937,0.9882836275106512,0.4803347832033187,0.5594360265881902,0.4205695344948533,0.4915624741855439
P12-014,0,flat,stable,0,,1,161,-0.08349036573545215,0.039384794121189885,0.9491465149359886,0.5114122776567811,nan,nan,nan
P12-014,1,flat,stable,1,28,0,,0.07127625146849034,0.09649696527620834,1.0564862122371959,0.8832615351574599,nan,nan,nan
P12-014,2,flat,stable,0,,1,161,-0.06335646565629091,0.05562057475666514,1.2322562031159838,0.681352185707606,nan,nan,nan
P12-014,0,flat,routine_change,1,43,0,,-0.0002242677443868144,0.005526952656735925,0.9126794258373205,0.6715596216538491,nan,nan,nan
P12-014,1,flat,routine_change,1,28,0,,0.07127625146849034,0.09649696527620834,1.0564862122371959,0.8832615351574599,nan,nan,nan
P12-014,2,flat,routine_change,0,,1,161,-0.07651469798295671,0.05562057475666514,1.1420946335833815,0.6525731587886425,nan,nan,nan
P12-014,0,flat,model_mismatch,0,,1,161,-0.07110077569618398,0.02586843749119372,0.9221642145230184,0.49818538733472234,nan,nan,nan
P12-014,1,flat,model_mismatch,0,,1,161,-0.08175457319631733,0.07846949496267595,1.1048212351029254,0.5941808273799642,nan,nan,nan
P12-014,2,flat,model_mismatch,0,,1,161,-0.046056447376327116,0.10832906134573037,1.232612507305669,0.6853370284709684,nan,nan,nan
P12-014,0,codex_rules,stable,1,0,0,,0.277690606260817,0.277690606260817,0.7268847795163584,0.26391306907562084,nan,nan,nan
P12-014,1,codex_rules,stable,0,,1,161,-0.0589293039352519,0.2169214421991476,1.073309241094476,0.18391013801525324,nan,nan,nan
P12-014,2,codex_rules,stable,0,,1,161,-0.11464992245197327,0.09370964351667489,1.2311021350259668,0.21170281531954602,nan,nan,nan
P12-014,0,codex_rules,routine_change,1,0,0,,0.277690606260817,0.277690606260817,0.7268847795163584,0.26391306907562084,nan,nan,nan
P12-014,1,codex_rules,routine_change,0,,1,161,-0.0669245148449374,0.2169214421991476,1.001548786783686,0.18011742599879768,nan,nan,nan
P12-014,2,codex_rules,routine_change,0,,1,161,-0.12055694648491241,0.09370964351667489,1.1348817080207732,0.2039202554343265,nan,nan,nan
P12-014,0,codex_rules,model_mismatch,1,36,0,,0.05207608870154454,0.20800254849353822,0.9595043548531922,0.23593008825556766,nan,nan,nan
P12-014,1,codex_rules,model_mismatch,1,5,0,,0.17458189163961493,0.17458189163961493,1.150866738894908,0.37008720595658456,nan,nan,nan
P12-014,2,codex_rules,model_mismatch,0,,1,161,-0.09941021816760869,0.14511793442386778,1.2231151373465807,0.21239202271896918,nan,nan,nan
P12-014,0,habit_only,stable,0,,1,161,-0.09625421465444246,0.010002037727279253,0.9467757230915125,0.4717800375452255,nan,nan,nan
P12-014,1,habit_only,stable,0,,1,161,-0.030450627406156255,0.09290773778611193,1.084408879710893,0.49432728213759464,nan,nan,nan
P12-014,2,habit_only,stable,0,,1,161,-0.0878529664248439,0.015818875878927517,1.1891229082515868,0.5154548088748918,nan,nan,nan
P12-014,0,habit_only,routine_change,0,,1,161,-0.11461105158444214,0.010002037727279253,0.8863205310573731,0.43883805617225946,nan,nan,nan
P12-014,1,habit_only,routine_change,1,45,0,,0.048961818996658274,0.09290773778611193,1.0575183497564589,0.6381589916175916,nan,nan,nan
P12-014,2,habit_only,routine_change,0,,1,161,-0.0994034053387796,0.015818875878927517,1.1422388920946336,0.48476892249543546,nan,nan,nan
P12-014,0,habit_only,model_mismatch,0,,1,161,-0.0843748099515186,0.023291700259801994,0.9244186046511629,0.47220958724363205,nan,nan,nan
P12-014,1,habit_only,model_mismatch,1,35,0,,-0.035280080080341884,-0.01543066932377937,1.1104189237992057,0.7050157848600737,nan,nan,nan
P12-014,2,habit_only,model_mismatch,0,,1,161,-0.07709073430183272,0.02189340549594688,1.2475160724722383,0.518429950374922,nan,nan,nan
P12-014,0,nn_frozen,stable,0,,1,161,-0.10129199862981238,0.016584948124336616,0.9233048838311997,0.4654464716620752,0.4520587752317672,0.4490764136767952,0.48433997732598405
P12-014,1,nn_frozen,stable,0,,1,161,-0.03068496156846782,0.0666906842533767,1.0786009292720702,0.501581732707261,0.4700215524732066,0.42542550355527126,0.4481169833639093
P12-014,2,nn_frozen,stable,0,,1,161,-0.08666782572285175,0.030562217816201425,1.2078765147143682,0.5067562835931481,0.48301611603935524,0.4598267585271252,0.5116786602505471
P12-014,0,nn_frozen,routine_change,0,,1,161,-0.1135327754175177,0.016584948124336616,0.902086296823139,0.4392399168921805,0.4520587752317672,0.7860126079475657,0.7468560353340382
P12-014,1,nn_frozen,routine_change,0,,1,161,-0.0464364918487754,0.0666906842533767,1.0118740320082602,0.4672572272085677,0.4700215524732066,0.6778082063082086,0.8251169383231108
P12-014,2,nn_frozen,routine_change,1,179,0,161,-0.08228376649535134,0.019841523609739845,1.141661858049625,0.47613049955779485,0.48301611603935524,0.7035828286705282,0.7035492733675024
P12-014,0,nn_frozen,model_mismatch,0,,1,161,-0.08434951113678227,0.026983357794386976,0.924655908875178,0.47338280341287164,0.43900061874468566,0.42951522293052585,0.4579581034316186
P12-014,1,nn_frozen,model_mismatch,0,,1,161,-0.10984028377172729,-0.009456165302374834,1.0903304442036839,0.48946931217182943,0.4580600904428949,0.49822991562093416,0.46616930918626126
P12-014,2,nn_frozen,model_mismatch,0,,1,161,-0.07914928645410696,0.013992531491588533,1.2473699590882523,0.5078945811161171,0.489886703835838,0.42240332364584654,0.5149153945682701
P12-014,0,nn_adaptive,stable,0,,1,161,-0.09756456544569658,0.022293547691799556,0.9235419630156472,0.4804843635384418,0.4897524963946223,0.4556285246727824,0.43122660209483266
P12-014,1,nn_adaptive,stable,0,,1,161,-0.02355584030578597,0.10609658946080695,1.0851832731027362,0.4844181079652032,0.5392214828393576,0.44834928449616135,0.45027706406688744
P12-014,2,nn_adaptive,stable,0,,1,161,-0.0855524147691827,0.05408462064078662,1.2303808424697058,0.49525283343954524,0.5067878864321206,0.4599187059313525,0.5451657245087088
P12-014,0,nn_adaptive,routine_change,0,,1,161,-0.11234764401299852,0.022293547691799556,0.8854907539118065,0.47210373477846074,0.4897524963946223,0.5411294130668466,0.408449896319686
P12-014,1,nn_adaptive,routine_change,0,,1,161,-0.0384485473656234,0.10609658946080695,0.9998709344346929,0.47479893187766886,0.5392214828393576,0.48279856485937633,0.4248174628676833
P12-014,2,nn_adaptive,routine_change,0,,1,161,-0.09227969863845045,0.05408462064078662,1.1376226197345645,0.47758525961889997,0.5067878864321206,0.639646999771357,0.501031849028419
P12-014,0,nn_adaptive,model_mismatch,0,,1,161,-0.08493852000025438,0.033528612241640596,0.9309444708115804,0.48551887568666513,0.49054542992651384,0.4005918513740899,0.405447893681647
P12-014,1,nn_adaptive,model_mismatch,0,,1,161,-0.09651256672591108,0.008463009042515793,1.1052275189599132,0.4864788958124161,0.442063580974251,0.5032361010626395,0.46068565724412397
P12-014,2,nn_adaptive,model_mismatch,0,,1,161,-0.06567406399665347,0.06051143881281111,1.2283752191700759,0.49202112878446386,0.5151279383678673,0.5043326636562584,0.5089911107871169
P12-015,0,flat,stable,0,,1,161,-0.20571503022500495,-0.003519326209945348,0.9861111111111112,0.540088786257064,nan,nan,nan
P12-015,1,flat,stable,0,,1,161,-0.18472565766761131,0.0053375367266902275,0.9935808121019108,0.5493258276832523,nan,nan,nan
P12-015,2,flat,stable,0,,1,161,-0.191886156060355,-0.006641616833104959,0.9867367367367368,0.5318132672990453,nan,nan,nan
P12-015,0,flat,routine_change,0,,1,161,-0.2634240006473493,-0.003519326209945348,1.047191808596918,0.5614780253337612,nan,nan,nan
P12-015,1,flat,routine_change,0,,1,161,-0.23582772245454944,0.0053375367266902275,1.0595143312101911,0.5727339304697003,nan,nan,nan
P12-015,2,flat,routine_change,0,,1,161,-0.2462891320463787,-0.006641616833104959,1.03993993993994,0.5512625133656471,nan,nan,nan
P12-015,0,flat,model_mismatch,0,,1,161,-0.18123719190326162,0.0015567065884602438,1.0111245954692556,0.5512390662932383,nan,nan,nan
P12-015,1,flat,model_mismatch,0,,1,161,-0.16098636685301015,0.00924661153951827,0.9991062562065541,0.5529071856068384,nan,nan,nan
P12-015,2,flat,model_mismatch,0,,1,161,-0.15848528133586542,0.01555681050315788,0.9880809294871794,0.5337114560067197,nan,nan,nan
P12-015,0,codex_rules,stable,0,,1,161,-0.3146139072733859,0.018471381405111658,0.985198702351987,0.11299717502117032,nan,nan,nan
P12-015,1,codex_rules,stable,0,,1,161,-0.28698873600298036,0.05006715134751176,0.9852707006369427,0.1121918218113481,nan,nan,nan
P12-015,2,codex_rules,stable,0,,1,161,-0.2962235382202146,0.03911536686076394,0.9436436436436437,0.10923579536814851,nan,nan,nan
P12-015,0,codex_rules,routine_change,0,,1,161,-0.33410441430076243,0.018471381405111658,1.0193126520681264,0.11972136204620078,nan,nan,nan
P12-015,1,codex_rules,routine_change,0,,1,161,-0.3054752087544806,0.05006715134751176,1.0388634554140126,0.11988222203503852,nan,nan,nan
P12-015,2,codex_rules,routine_change,0,,1,161,-0.3145330377567587,0.03911536686076394,1.0401901901901902,0.11893237153946405,nan,nan,nan
P12-015,0,codex_rules,model_mismatch,0,,1,161,-0.2820136179125917,0.0528422256861813,0.9760315533980582,0.1122422039725616,nan,nan,nan
P12-015,1,codex_rules,model_mismatch,0,,1,161,-0.2465255764337072,0.09709654504716461,0.9851539225422046,0.11216650501301309,nan,nan,nan
P12-015,2,codex_rules,model_mismatch,0,,1,161,-0.24569203787181487,0.10040190746672864,0.9443108974358975,0.10943869487551662,nan,nan,nan
P12-015,0,habit_only,stable,0,,1,161,-0.21012555209629077,-0.01417011923105539,0.9865673154906732,0.5060356049668377,nan,nan,nan
P12-015,1,habit_only,stable,0,,1,161,-0.19137296231669235,-0.006907002664632654,0.9933320063694268,0.5106053127118555,nan,nan,nan
P12-015,2,habit_only,stable,0,,1,161,-0.1981012646525752,-0.00563730491380796,0.9508508508508507,0.5084970327991707,nan,nan,nan
P12-015,0,habit_only,routine_change,0,,1,161,-0.2818983961365875,-0.01417011923105539,1.0380170316301702,0.4813681028026114,nan,nan,nan
P12-015,1,habit_only,routine_change,0,,1,161,-0.2573911820589387,-0.006907002664632654,1.0455812101910829,0.4851595228203506,nan,nan,nan
P12-015,2,habit_only,routine_change,0,,1,161,-0.26338791866884576,-0.00563730491380796,1.0386386386386386,0.4846732797087399,nan,nan,nan
P12-015,0,habit_only,model_mismatch,0,,1,161,-0.18633567014874838,-0.0028014509298888873,1.005663430420712,0.5113623836349313,nan,nan,nan
P12-015,1,habit_only,model_mismatch,0,,1,161,-0.16699175895530396,-0.012896763637610411,0.9966732869910626,0.5116189065086443,nan,nan,nan
P12-015,2,habit_only,model_mismatch,0,,1,161,-0.16355462394725667,-0.0006430238553207948,0.9879306891025641,0.5040826507396922,nan,nan,nan
P12-015,0,nn_frozen,stable,0,,1,161,-0.21321531017060494,-0.026430110347518233,0.9857562854825628,0.4993159611343796,0.4452196183091835,0.31504437241248767,0.35304123513650465
P12-015,1,nn_frozen,stable,0,,1,161,-0.1933571542013489,-0.012044160075193001,0.9955712579617834,0.5052711911257839,0.36693040145865935,0.3410351156489277,0.3394153736398599
P12-015,2,nn_frozen,stable,0,,1,161,-0.20130502432005598,-0.009079082460025137,0.9503003003003002,0.5000210823476241,0.3378985271834881,0.3185530316482614,0.32594130260059734
P12-015,0,nn_frozen,routine_change,0,,1,161,-0.283131837988978,-0.026430110347518233,1.045316301703163,0.463924642289674,0.4452196183091835,0.7583156800589647,0.6512830599535844
P12-015,1,nn_frozen,routine_change,0,,1,161,-0.2553626898799119,-0.012044160075193001,1.0484175955414012,0.4673250796544632,0.36693040145865935,0.8707406592160483,0.7160429424781005
P12-015,2,nn_frozen,routine_change,0,,1,161,-0.2651818456210566,-0.009079082460025137,1.039039039039039,0.46658374931594276,0.3378985271834881,0.7798941858668818,0.71219486668684
P12-015,0,nn_frozen,model_mismatch,0,,1,161,-0.1882969432984401,-0.00920546329577084,0.9955501618122978,0.5057408178590365,0.3952025396046289,0.3013950036677278,0.3241934064551119
P12-015,1,nn_frozen,model_mismatch,0,,1,161,-0.1679376302782213,-0.014175735192678115,0.9988083416087389,0.5047397611574724,0.39445970553724435,0.34416547330753583,0.3279146681273891
P12-015,2,nn_frozen,model_mismatch,0,,1,161,-0.1651261752051995,-0.004674863011178932,0.9879807692307692,0.49683400746095246,0.3600521064182306,0.3064057423099296,0.2997383095320586
P12-015,0,nn_adaptive,stable,0,,1,161,-0.21249622927819212,-0.02165780474369438,0.978507704785077,0.5027889812466889,0.5060661762314409,0.35880419909282424,0.3427846593198834
P12-015,1,nn_adaptive,stable,0,,1,161,-0.19235550891124162,-0.00899243764351869,0.9947750796178344,0.510319115172109,0.3987602944202155,0.3249462138453146,0.3245188119340675
P12-015,2,nn_adaptive,stable,0,,1,161,-0.19993798522079556,-0.01190011339267083,0.9512512512512512,0.5071477877201769,0.3856186594080464,0.2829323858319302,0.3130166248073146
P12-015,0,nn_adaptive,routine_change,0,,1,161,-0.2763400315200539,-0.02165780474369438,1.0275243309002433,0.49287504267562626,0.5060661762314409,0.4377864534906601,0.33752657976454253
P12-015,1,nn_adaptive,routine_change,0,,1,161,-0.25358173960491986,-0.00899243764351869,1.0521994426751593,0.4946765732036566,0.3987602944202155,0.4971070841131742,0.5127206515629551
P12-015,2,nn_adaptive,routine_change,0,,1,161,-0.261065455864795,-0.01190011339267083,1.0391891891891891,0.49924971230751564,0.3856186594080464,0.4114373054113685,0.40908208029656745
P12-015,0,nn_adaptive,model_mismatch,0,,1,161,-0.18734136261287726,-0.002530289748358287,0.9831614077669903,0.507855226396516,0.4828339272343613,0.3364474577358217,0.36716621953009854
P12-015,1,nn_adaptive,model_mismatch,0,,1,161,-0.1659331255740649,-0.011850813944140818,0.9938430983118173,0.5131957266280442,0.425729985177945,0.2914338453743259,0.3216508998490428
P12-015,2,nn_adaptive,model_mismatch,0,,1,161,-0.16501708354879946,-0.001997824686792287,0.9521734775641025,0.5115820747987092,0.36926532276634927,0.27236641338402495,0.3084639222287416
P12-016,0,flat,stable,0,,1,161,-0.012707387542337745,0.08623036004131279,0.9940027084542464,0.546645252087862,nan,nan,nan
P12-016,1,flat,stable,0,,1,161,-0.03001750454015208,0.04928226463629446,1.0474529697738322,0.569885757391402,nan,nan,nan
P12-016,2,flat,stable,0,,1,161,-0.0825177669752914,0.0018718171690367319,1.0318514644351464,0.5567390457696619,nan,nan,nan
P12-016,0,flat,routine_change,0,,1,161,-0.015805591052323684,0.08623036004131279,1.0489940027084543,0.5669031589540592,nan,nan,nan
P12-016,1,flat,routine_change,0,,1,161,-0.026339411093662734,0.06249122097501306,1.1203762418093426,0.5960311964592168,nan,nan,nan
P12-016,2,flat,routine_change,0,,1,161,-0.08112994379975433,0.0018718171690367319,1.0886506276150627,0.5762000572144247,nan,nan,nan
P12-016,0,flat,model_mismatch,0,,1,161,-0.0124337524337622,0.08909836716864529,0.9996614432191913,0.5507284467068928,nan,nan,nan
P12-016,1,flat,model_mismatch,0,,1,161,0.0017764367662035786,0.07514171472591862,1.0437316253674926,0.5646799030568077,nan,nan,nan
P12-016,2,flat,model_mismatch,0,,1,161,-0.07613415836127074,0.002163198533202859,1.0217278572910184,0.5517720993389322,nan,nan,nan
P12-016,0,codex_rules,stable,0,,1,161,-0.058818984301184124,0.29465747842823603,0.9693847939640163,0.12465166897366821,nan,nan,nan
P12-016,1,codex_rules,stable,0,,1,161,-0.06717892050323972,0.29442358953459463,1.0189706193193828,0.13198834568162754,nan,nan,nan
P12-016,2,codex_rules,stable,0,,1,161,-0.123088960517758,0.18914585915520724,1.0348326359832636,0.1339313170532982,nan,nan,nan
P12-016,0,codex_rules,routine_change,0,,1,161,-0.06046455557957011,0.29465747842823603,1.0494292899980653,0.13075109692354006,nan,nan,nan
P12-016,1,codex_rules,routine_change,0,,1,161,-0.06849035555599038,0.29442358953459463,1.090150073980131,0.13775405493553394,nan,nan,nan
P12-016,2,codex_rules,routine_change,0,,1,161,-0.1241724127363224,0.18914585915520724,1.1064330543933054,0.13898499725767754,nan,nan,nan
P12-016,0,codex_rules,model_mismatch,0,,1,161,-0.049642591867899724,0.3138866933789424,0.9881021474172955,0.12614091202889807,nan,nan,nan
P12-016,1,codex_rules,model_mismatch,0,,1,161,-0.033856755094693824,0.3442474021215433,1.010132297354053,0.13053731857844503,nan,nan,nan
P12-016,2,codex_rules,model_mismatch,0,,1,161,-0.11438924859556146,0.22542394235755392,1.0382700684505288,0.13327499714039373,nan,nan,nan
P12-016,0,habit_only,stable,0,,1,161,-0.027230253331296465,0.047520774474041017,0.9989359644031728,0.5252620826465271,nan,nan,nan
P12-016,1,habit_only,stable,0,,1,161,-0.04056885370813761,0.037870660425034224,1.0601881209046713,0.5227177997985842,nan,nan,nan
P12-016,2,habit_only,stable,0,,1,161,-0.09197166186959461,-0.013919641341790476,1.032112970711297,0.5139973671340539,nan,nan,nan
P12-016,0,habit_only,routine_change,0,,1,161,-0.035821836763635456,0.047520774474041017,1.0494776552524665,0.5275514685744627,nan,nan,nan
P12-016,1,habit_only,routine_change,0,,1,161,-0.04971292668956706,0.037870660425034224,1.1177340942718241,0.5262197068248694,nan,nan,nan
P12-016,2,habit_only,routine_change,0,,1,161,-0.101516800441754,-0.013919641341790476,1.090428870292887,0.5169375081012246,nan,nan,nan
P12-016,0,habit_only,model_mismatch,0,,1,161,-0.021082685436354796,0.0418600604558612,0.9942445347262527,0.5251613397595942,nan,nan,nan
P12-016,1,habit_only,model_mismatch,0,,1,161,-0.010548847747897605,0.05580833168133598,1.0431541369172617,0.520297161711934,nan,nan,nan
P12-016,2,habit_only,model_mismatch,0,,1,161,-0.08448910181507188,0.006892935380173514,1.0009852727649864,0.5143636376508076,nan,nan,nan
P12-016,0,nn_frozen,stable,1,1,0,,0.13719055850749134,0.13719055850749134,0.9811375507835172,0.8621394959211148,nan,nan,nan
P12-016,1,nn_frozen,stable,0,,1,161,-0.037177781687608574,0.0450779227769139,1.0604523356584232,0.5192729560362781,0.26858801355870604,0.23013772975053715,0.31175465178220085
P12-016,2,nn_frozen,stable,0,,1,161,-0.08800734730719767,-0.006889787547283618,1.0115062761506277,0.5110885439491517,0.25070468148413877,0.2434007703222655,0.2614098673829294
P12-016,0,nn_frozen,routine_change,1,1,0,,0.13719055850749134,0.13719055850749134,0.9811375507835172,0.8621394959211148,nan,nan,nan
P12-016,1,nn_frozen,routine_change,0,,1,161,-0.04645471738299019,0.0450779227769139,1.1083280490382583,0.51842439746213,0.26858801355870604,0.49545849615502796,0.6232001808217358
P12-016,2,nn_frozen,routine_change,0,,1,161,-0.09798072321357361,-0.006889787547283618,1.0893828451882845,0.5135115483534269,0.25070468148413877,0.5541007800503249,0.5854483387422833
P12-016,0,nn_frozen,model_mismatch,0,,1,161,-0.01679267420203633,0.05032856127463904,0.9940510737086476,0.5209715446043892,0.28793286802204,0.24416701821205802,0.23275853487513457
P12-016,1,nn_frozen,model_mismatch,0,,1,161,-0.007657578955087427,0.05762661168869948,1.0520789584208317,0.5167333657771229,0.2967476286143468,0.22768888097507303,0.33440377670103827
P12-016,2,nn_frozen,model_mismatch,0,,1,161,-0.0806342638431444,0.00953393365492557,1.0002592823065752,0.5110761601116754,0.2771662152863856,0.3038075475056356,0.252152006360785
P12-016,0,nn_adaptive,stable,1,1,0,,0.13081846820022963,0.13081846820022963,0.9811375507835172,0.8573691853531431,nan,nan,nan
P12-016,1,nn_adaptive,stable,0,,1,161,-0.04030644018994924,0.03500012504860473,1.0605051786091735,0.5194859288506853,0.30055543548134633,0.21783757718478983,0.3018151871823024
P12-016,2,nn_adaptive,stable,0,,1,161,-0.09583589764879787,-0.01162672447300429,1.0318514644351464,0.5164215739749959,0.2661079031603371,0.2976973265672719,0.2732633430906565
P12-016,0,nn_adaptive,routine_change,1,1,0,,0.13081846820022963,0.13081846820022963,0.9811375507835172,0.8573691853531431,nan,nan,nan
P12-016,1,nn_adaptive,routine_change,0,,1,161,-0.0479322810852339,0.03500012504860473,1.1154090044388079,0.5171824664235316,0.30055543548134633,0.4548149919492938,0.5660723633079671
P12-016,2,nn_adaptive,routine_change,0,,1,161,-0.10167084717280425,-0.01162672447300429,1.0869769874476987,0.517029184971627,0.2661079031603371,0.4858118820714439,0.5179299687765907
P12-016,0,nn_adaptive,model_mismatch,0,,1,161,-0.0244866989528991,0.04545016814670499,1.008899206809828,0.5196542246025686,0.30519925410857657,0.2639958025699091,0.24312083224433811
P12-016,1,nn_adaptive,model_mismatch,0,,1,161,-0.009246023110597728,0.058333005499167444,1.0393217135657287,0.518123190901089,0.3213882003930179,0.21819566425751843,0.24340616818412103
P12-016,2,nn_adaptive,model_mismatch,0,,1,161,-0.08600460949265973,0.005987477310469706,1.0009852727649864,0.5137287814241477,0.2586085147699799,0.27934093087881096,0.25092227300428427
P12-017,0,flat,stable,1,17,0,,0.00040772980079966596,0.011376977494097934,1.2500882768361583,1.118927259887005,nan,nan,nan
P12-017,1,flat,stable,0,,1,161,-0.033288028300124776,0.07054101488959827,1.0722194881889764,0.579546285098701,nan,nan,nan
P12-017,2,flat,stable,1,10,0,,0.0013668070670472883,-0.03995829368199544,1.2047760034946366,1.1568295879240884,nan,nan,nan
P12-017,0,flat,routine_change,1,17,0,,0.00040772980079966596,0.011376977494097934,1.2500882768361583,1.118927259887005,nan,nan,nan
P12-017,1,flat,routine_change,1,169,0,161,-0.00993250946461474,0.06393270575066325,1.126845472440945,0.5955078629226833,nan,nan,nan
P12-017,2,flat,routine_change,1,10,0,,0.0013668070670472883,-0.03995829368199544,1.2047760034946366,1.1568295879240884,nan,nan,nan
P12-017,0,flat,model_mismatch,0,,1,161,-0.03604796421533131,0.041312871452994206,1.1804749340369391,0.6556452941141098,nan,nan,nan
P12-017,1,flat,model_mismatch,0,,1,161,-0.051401043283728895,0.027897268739252492,1.058724832214765,0.5714497221051035,nan,nan,nan
P12-017,2,flat,model_mismatch,0,,1,161,-0.03894859765957543,0.03912870845244441,1.162,0.63681609829346,nan,nan,nan
P12-017,0,codex_rules,stable,1,10,0,,0.09867083148091234,0.11688290840535141,1.153746147919877,0.34562202332171793,nan,nan,nan
P12-017,1,codex_rules,stable,1,176,0,161,-0.059273116624812654,0.16424488560341907,1.0429379921259843,0.17787879208305407,nan,nan,nan
P12-017,2,codex_rules,stable,1,103,0,,-0.0291646765818094,0.13191364872724792,1.1401494927923117,0.19673563771454167,nan,nan,nan
P12-017,0,codex_rules,routine_change,1,10,0,,0.09867083148091234,0.11688290840535141,1.153746147919877,0.34562202332171793,nan,nan,nan
P12-017,1,codex_rules,routine_change,1,172,0,161,-0.05822043765285493,0.16424488560341907,1.0973179133858268,0.1819491210884129,nan,nan,nan
P12-017,2,codex_rules,routine_change,0,,1,161,-0.06402020597620166,0.13191364872724792,1.1709823812066205,0.19820709256569533,nan,nan,nan
P12-017,0,codex_rules,model_mismatch,1,4,0,,0.20818042967054384,0.20818042967054384,1.0860158311345647,0.3436611270976362,nan,nan,nan
P12-017,1,codex_rules,model_mismatch,0,,1,161,-0.08031983034985107,0.15516320433226324,1.0497363374880153,0.1770581297158886,nan,nan,nan
P12-017,2,codex_rules,model_mismatch,1,3,0,,0.1857579123323898,0.1857579123323898,1.3272,0.4026950994954347,nan,nan,nan
P12-017,0,habit_only,stable,0,,1,161,-0.07635371897975342,0.04334526582252327,1.1533368644067798,0.5103335311815599,nan,nan,nan
P12-017,1,habit_only,stable,0,,1,161,-0.04282064443064489,0.049795230656239385,1.0836614173228347,0.5107288575918019,nan,nan,nan
P12-017,2,habit_only,stable,0,,1,161,-0.05451137459443253,0.012485738407329059,1.1398825413774694,0.5221255864396248,nan,nan,nan
P12-017,0,habit_only,routine_change,0,,1,161,-0.07544267125627298,0.04334526582252327,1.182865466101695,0.5122989617235049,nan,nan,nan
P12-017,1,habit_only,routine_change,0,,1,161,-0.0435370641548348,0.049795230656239385,1.1065452755905512,0.5098996141496305,nan,nan,nan
P12-017,2,habit_only,routine_change,0,,1,161,-0.055139432159578144,0.012485738407329059,1.1793913507741591,0.5221135022618889,nan,nan,nan
P12-017,0,habit_only,model_mismatch,1,36,0,,0.011949602292999914,0.025151401467504334,1.1165656421593098,0.7163563017311443,nan,nan,nan
P12-017,1,habit_only,model_mismatch,0,,1,161,-0.06083896891742027,0.04904030541921233,1.050215723873442,0.5075433526209899,nan,nan,nan
P12-017,2,habit_only,model_mismatch,1,103,0,,-0.033136229832408395,-0.010956723040719988,1.1353333333333333,0.5203757221073735,nan,nan,nan
P12-017,0,nn_frozen,stable,0,,1,161,-0.07642101343500006,0.008819941712141463,1.1505561440677967,0.5120755055616534,0.43799474813581923,0.3606226564230108,0.4587005875461266
P12-017,1,nn_frozen,stable,0,,1,161,-0.04289119613773146,0.04926497123045739,1.0836614173228347,0.5068620211652405,0.3593133702056487,0.4341317409803383,0.4549131519646162
P12-017,2,nn_frozen,stable,0,,1,161,-0.05390651030526375,0.013732835102727306,1.1716497597437268,0.5111595341122922,0.39509123834033233,0.3551657462866366,0.40492165612797665
P12-017,0,nn_frozen,routine_change,0,,1,161,-0.07799540563821145,0.00881526058812429,1.1832627118644068,0.5090840011835465,0.43799474813581923,0.41800317336103127,0.39343840568407906
P12-017,1,nn_frozen,routine_change,0,,1,161,-0.04344720969387636,0.04926497123045739,1.1504675196850394,0.5126940107733008,0.3593133702056487,0.44963994795612655,0.43855977196525087
P12-017,2,nn_frozen,routine_change,0,,1,161,-0.05348561985233301,0.013732835102727306,1.1715162840363054,0.5109328990627825,0.39509123834033233,0.3825529329561399,0.3972009880883097
P12-017,0,nn_frozen,model_mismatch,0,,1,161,-0.0457698636917455,0.07329552032260486,1.0861477572559366,0.4978742286209461,0.4007041227474044,0.43835658105014025,0.41233969438089896
P12-017,1,nn_frozen,model_mismatch,0,,1,161,-0.06214785899360463,0.045391373461835006,1.050575263662512,0.5027032219729289,0.30532632328876586,0.4137729812551731,0.4884884592492983
P12-017,2,nn_frozen,model_mismatch,0,,1,161,-0.05616743179893091,-0.0073405239440433095,1.1261333333333332,0.514044284560116,0.39646825020049964,0.31427115248974424,0.4264651465279804
P12-017,0,nn_adaptive,stable,0,,1,161,-0.07595070278607241,0.019195344710106615,1.1661811440677967,0.5088363264465587,0.42657797451340523,0.3460903317379372,0.4671576557464111
P12-017,1,nn_adaptive,stable,0,,1,161,-0.04210161126711985,0.052656847715450025,1.062130905511811,0.505273867712404,0.37868340548268736,0.3935178660104291,0.415111373951612
P12-017,2,nn_adaptive,stable,0,,1,161,-0.04822970805103864,0.014471465881413148,1.1292044847837692,0.5035045749763769,0.3527168710684726,0.33438727911971977,0.41240953835975136
P12-017,0,nn_adaptive,routine_change,0,,1,161,-0.07790075816937295,0.019195344710106615,1.2074947033898307,0.5093404964375777,0.42657797451340523,0.3578162070430377,0.5065867464947236
P12-017,1,nn_adaptive,routine_change,1,169,0,161,-0.025922342021336635,0.052656847715450025,1.1278297244094488,0.5076286387721987,0.37868340548268736,0.3813019185698316,0.5075969213381287
P12-017,2,nn_adaptive,routine_change,0,,1,161,-0.05087979255409265,0.014471465881413148,1.1721836625734117,0.5014098158849604,0.3527168710684726,0.42065012789812234,0.39715078375156676
P12-017,0,nn_adaptive,model_mismatch,0,,1,161,-0.04324406217625719,0.054058616284508865,1.0848284960422163,0.5036620169649612,0.4414276616634825,0.33431518888060047,0.3860170902646006
P12-017,1,nn_adaptive,model_mismatch,0,,1,161,-0.0619344558372044,0.042768385336145756,1.0575263662511984,0.49909862072300976,0.3746970896844002,0.4332633498348503,0.48441309832783624
P12-017,2,nn_adaptive,model_mismatch,0,,1,161,-0.05569135541977723,0.01087119362194133,1.1301333333333332,0.49928738164712444,0.4083716317388831,0.33136152393856216,0.40786058918815665
P12-018,0,flat,stable,0,,1,161,-0.057390365210623476,0.08649329285506747,1.0412518361351395,0.5666279079925608,nan,nan,nan
P12-018,1,flat,stable,0,,1,161,-0.036314233156725204,0.0829765394636797,0.9949863629071073,0.5374377646349094,nan,nan,nan
P12-018,2,flat,stable,0,,1,161,-0.11331634823569944,0.025789717993016156,1.008318669012958,0.5611147722958674,nan,nan,nan
P12-018,0,flat,routine_change,0,,1,161,-0.08404983570431462,0.08649329285506747,1.0215847886404439,0.5605161016907042,nan,nan,nan
P12-018,1,flat,routine_change,0,,1,161,-0.06004163380658028,0.0829765394636797,0.9731269051820953,0.5318930439455585,nan,nan,nan
P12-018,2,flat,routine_change,0,,1,161,-0.13750794163847851,0.025789717993016156,0.9852423612222043,0.5517336697472045,nan,nan,nan
P12-018,0,flat,model_mismatch,0,,1,161,-0.08250564089118656,0.010992294392049408,1.0528703398218409,0.572645090729389,nan,nan,nan
P12-018,1,flat,model_mismatch,0,,1,161,-0.027771695420897937,0.06915472139900056,1.0049202992843203,0.5442763615404721,nan,nan,nan
P12-018,2,flat,model_mismatch,0,,1,161,-0.050800098369238086,0.04669895923385687,0.9497202362449486,0.5295947814530502,nan,nan,nan
P12-018,0,codex_rules,stable,0,,1,161,-0.11510739071972631,0.24289074785263584,1.0104455687938632,0.11896800493939318,nan,nan,nan
P12-018,1,codex_rules,stable,0,,1,161,-0.09058239993808162,0.28871636130145867,0.9811888336274668,0.11734202314536796,nan,nan,nan
P12-018,2,codex_rules,stable,0,,1,161,-0.16760171137142263,0.16228522351788993,0.9726043832986722,0.11799283991893571,nan,nan,nan
P12-018,0,codex_rules,routine_change,0,,1,161,-0.1217679372466403,0.24289074785263584,1.0025297861922637,0.12056051025236934,nan,nan,nan
P12-018,1,codex_rules,routine_change,0,,1,161,-0.09656839295424775,0.28871636130145867,0.9598507941601157,0.11812840598425098,nan,nan,nan
P12-018,2,codex_rules,routine_change,0,,1,161,-0.17408548846930558,0.16228522351788993,0.9733242681171013,0.11934416347430639,nan,nan,nan
P12-018,0,codex_rules,model_mismatch,1,6,0,,0.22599693198975448,0.22599693198975448,1.0743978884856482,0.228952637047615,nan,nan,nan
P12-018,1,codex_rules,model_mismatch,0,,1,161,-0.07558976569931292,0.30901852204039904,0.9975601821730644,0.11824315338536974,nan,nan,nan
P12-018,2,codex_rules,model_mismatch,0,,1,161,-0.10264062506058703,0.25827953220363287,0.9421433012123096,0.11395395477026271,nan,nan,nan
P12-018,0,habit_only,stable,0,,1,161,-0.07804812033343868,0.015117321367275062,1.0410886241227355,0.506119000399643,nan,nan,nan
P12-018,1,habit_only,stable,0,,1,161,-0.050408077089415096,0.09441850735078652,0.9831942884646238,0.49322935338493357,nan,nan,nan
P12-018,2,habit_only,stable,0,,1,161,-0.12763571476988772,-0.024634428269425874,0.9891217405215166,0.5053925897332308,nan,nan,nan
P12-018,0,habit_only,routine_change,0,,1,161,-0.09640211931188049,0.015117321367275062,1.0220336216745554,0.49862684530811585,nan,nan,nan
P12-018,1,habit_only,routine_change,0,,1,161,-0.0669258263602602,0.09441850735078652,0.9597304668698861,0.4840252447392317,nan,nan,nan
P12-018,2,habit_only,routine_change,0,,1,161,-0.14757835290703267,-0.024634428269425874,0.9720444728843384,0.49574662441672546,nan,nan,nan
P12-018,0,habit_only,model_mismatch,0,,1,161,-0.10368298966075931,-0.016126138495118056,1.017815902342461,0.5015012371555864,nan,nan,nan
P12-018,1,habit_only,model_mismatch,1,97,0,,0.001264229815214336,0.07987822851377302,1.0015452179570592,0.4957133970057607,nan,nan,nan
P12-018,2,habit_only,model_mismatch,0,,1,161,-0.06162179808540068,0.027905988268933948,0.9602890892135529,0.5041977577882826,nan,nan,nan
P12-018,0,nn_frozen,stable,0,,1,161,-0.07610488371266078,0.021086091687755795,1.0408438061041294,0.5096841013721225,0.40008103341208223,0.3901791853536195,0.35852724817945286
P12-018,1,nn_frozen,stable,0,,1,161,-0.04859782225331773,0.09610349063304281,0.9841569067864592,0.49022540695926115,0.42889930384810054,0.4023590651939649,0.4231779810898649
P12-018,2,nn_frozen,stable,0,,1,161,-0.12216404861314838,-0.01699300638268437,0.9985602303631418,0.5079841845987951,0.3315639412052701,0.3811217533685839,0.44403849562938363
P12-018,0,nn_frozen,routine_change,0,,1,161,-0.09350151894111255,0.021086091687755795,1.0217480006528479,0.5012596620285632,0.40008103341208223,0.4261362363652951,0.4288261350999663
P12-018,1,nn_frozen,routine_change,0,,1,161,-0.0644335378560985,0.09610349063304281,0.9604524306112626,0.4809020420514536,0.42889930384810054,0.4461936924771802,0.5140754924834264
P12-018,2,nn_frozen,routine_change,0,,1,161,-0.14072534467773593,-0.01699300638268437,0.9755239161734123,0.49694466311140695,0.3315639412052701,0.5452951827404358,0.41717795994191487
P12-018,0,nn_frozen,model_mismatch,0,,1,161,-0.10232807199480443,-0.0062099545881563545,1.0527878587924777,0.5059759890297582,0.39253276704034945,0.38664863408140093,0.3753337312044387
P12-018,1,nn_frozen,model_mismatch,0,,1,161,-0.04013333179161355,0.08421777355871236,1.000081327260898,0.49319714618438754,0.3686764215533627,0.4160991147414835,0.4009446334295938
P12-018,2,nn_frozen,model_mismatch,0,,1,161,-0.059014066579964185,0.03485008991328422,0.9717127758781473,0.502149587904185,0.3424828690122886,0.4081543324540235,0.44379663370434347
P12-018,0,nn_adaptive,stable,0,,1,161,-0.07382447818146651,0.031225613662642378,1.0414150481475435,0.5069740637354382,0.35655262616109523,0.39632563477287236,0.38632798578674415
P12-018,1,nn_adaptive,stable,0,,1,161,-0.051148886109425286,0.09221506269392152,0.9833948339483396,0.501295676606222,0.434351607024564,0.3856998063083634,0.40613679643896894
P12-018,2,nn_adaptive,stable,0,,1,161,-0.125038112737662,-0.0070035003729576745,1.0075187969924813,0.5102005009162018,0.37244330112135443,0.38319404098079884,0.42544119393773316
P12-018,0,nn_adaptive,routine_change,0,,1,161,-0.09538297855126185,0.031225613662642378,1.0213399706218378,0.5085999945484865,0.35655262616109523,0.30726159574538,0.30874370961216524
P12-018,1,nn_adaptive,routine_change,0,,1,161,-0.06830690795074325,0.09221506269392152,0.9590486122252528,0.502816423621285,0.434351607024564,0.29265982883903474,0.3547364915887426
P12-018,2,nn_adaptive,routine_change,0,,1,161,-0.14642904676759183,-0.0070035003729576745,0.9716445368741001,0.5117919662033604,0.37244330112135443,0.3546404027412597,0.29738323245382187
P12-018,0,nn_adaptive,model_mismatch,0,,1,161,-0.09789755614650174,0.0013134948140377325,1.0323325635103926,0.5066389332668333,0.40674517239433206,0.4166021003942437,0.38287053468059173
P12-018,1,nn_adaptive,model_mismatch,0,,1,161,-0.042771547974475944,0.07658721105729875,1.0017891997397528,0.5028702550886018,0.37614332309660553,0.42529209237677873,0.3895173062231237
P12-018,2,nn_adaptive,model_mismatch,0,,1,161,-0.06136162643955482,0.029658136847585646,0.9600559527510103,0.506463100710505,0.3928027488053517,0.38862483536341585,0.4174435585532885
P12-019,0,flat,stable,0,,1,161,-0.04788217426429622,0.030186274632235655,1.0370193718814207,0.5642941096091676,nan,nan,nan
P12-019,1,flat,stable,0,,1,161,-0.045324989632258686,0.023528853113150977,1.012577038841909,0.5560409245106602,nan,nan,nan
P12-019,2,flat,stable,0,,1,161,-0.04878067625454612,0.04091557314345602,0.9893780573025855,0.5365480221207553,nan,nan,nan
P12-019,0,flat,routine_change,0,,1,161,-0.06386958666248048,0.030186274632235655,0.957220428529498,0.5364839205366491,nan,nan,nan
P12-019,1,flat,routine_change,0,,1,161,-0.05828161282600943,0.023528853113150977,0.9309875304572165,0.5282246675643971,nan,nan,nan
P12-019,2,flat,routine_change,0,,1,161,-0.06625757421623818,0.04091557314345602,0.8916142557651991,0.5017223718915422,nan,nan,nan
P12-019,0,flat,model_mismatch,0,,1,161,-0.02680049216923805,0.05640572940703341,1.0151634642959566,0.55067080901053,nan,nan,nan
P12-019,1,flat,model_mismatch,0,,1,161,-0.04598341791313009,0.021625771975422255,1.016729025759102,0.5591692459921376,nan,nan,nan
P12-019,2,flat,model_mismatch,0,,1,161,-0.05462829547608408,0.03137601687115812,0.9534030702350225,0.5210861450333629,nan,nan,nan
P12-019,0,codex_rules,stable,0,,1,161,-0.08917429919018062,0.27298189910996185,1.0043660111535075,0.1138753654364211,nan,nan,nan
P12-019,1,codex_rules,stable,1,3,0,,0.32406737715076955,0.32406737715076955,1.039164397305432,0.20665313229998822,nan,nan,nan
P12-019,2,codex_rules,stable,1,0,0,,0.38814020747298833,0.38814020747298833,1.0566037735849056,0.20993276181461987,nan,nan,nan
P12-019,0,codex_rules,routine_change,0,,1,161,-0.09248461779748718,0.27298189910996185,0.9180363956560024,0.11091906980945603,nan,nan,nan
P12-019,1,codex_rules,routine_change,1,3,0,,0.32406737715076955,0.32406737715076955,1.039164397305432,0.20665313229998822,nan,nan,nan
P12-019,2,codex_rules,routine_change,1,0,0,,0.38814020747298833,0.38814020747298833,1.0566037735849056,0.20993276181461987,nan,nan,nan
P12-019,0,codex_rules,model_mismatch,0,,1,161,-0.06559264394057471,0.2938084088474282,0.9939417837682822,0.11219747814123082,nan,nan,nan
P12-019,1,codex_rules,model_mismatch,0,,1,161,-0.08999333908367907,0.25671673707657117,0.9863649445963448,0.11238343766171628,nan,nan,nan
P12-019,2,codex_rules,model_mismatch,0,,1,161,-0.09620903068484815,0.27806559742570525,0.9440972693927456,0.10628489779248848,nan,nan,nan
P12-019,0,habit_only,stable,0,,1,161,-0.05570604884089898,0.02500962110645821,1.0366891693572058,0.529802800115986,nan,nan,nan
P12-019,1,habit_only,stable,0,,1,161,-0.049304716219604826,0.021558850781978507,1.0238641249820841,0.5313314461961677,nan,nan,nan
P12-019,2,habit_only,stable,0,,1,161,-0.053435151147927455,0.026060979152132565,0.9788259958071278,0.5215021959450594,nan,nan,nan
P12-019,0,habit_only,routine_change,0,,1,161,-0.054958792049032444,0.02500962110645821,0.952744349867919,0.5146122165086635,nan,nan,nan
P12-019,1,habit_only,routine_change,0,,1,161,-0.04737020246270398,0.033578299959380206,0.9298050738139602,0.5173518522904654,nan,nan,nan
P12-019,2,habit_only,routine_change,0,,1,161,-0.053273428215426216,0.026060979152132565,0.896680642907058,0.5037116604200663,nan,nan,nan
P12-019,0,habit_only,model_mismatch,0,,1,161,-0.03622819487305291,0.038199564536299406,1.0062374533983367,0.52447220146971,nan,nan,nan
P12-019,1,habit_only,model_mismatch,0,,1,161,-0.05099411272188826,0.011033822221255181,1.0170887897539214,0.5281792086199539,nan,nan,nan
P12-019,2,habit_only,model_mismatch,0,,1,161,-0.05418559195458852,0.030808181074238335,0.9410745822578453,0.5126711645467221,nan,nan,nan
P12-019,0,nn_frozen,stable,0,,1,161,-0.04812083102005198,0.04069052912902138,1.0355884942764895,0.5300950798046405,0.21267838177654605,0.2540874300390249,0.25832423611756455
P12-019,1,nn_frozen,stable,0,,1,161,-0.04727198876878483,0.030505749254600516,1.0235058047871577,0.5289050222539838,0.28899775321727167,0.2044329214558673,0.20039999661018934
P12-019,2,nn_frozen,stable,0,,1,161,-0.04889675140708921,0.03313175916703638,0.9781621243885394,0.5218579494926446,0.22997823103742004,0.22698045235594738,0.26492532396787183
P12-019,0,nn_frozen,routine_change,0,,1,161,-0.043924517645315166,0.04313463547046126,0.92830936307602,0.5132864221979443,0.21267838177654605,0.5142667858708491,0.4700131832113902
P12-019,1,nn_frozen,routine_change,0,,1,161,-0.04196028857986954,0.04821641907723118,0.9406980077397161,0.5122963742812274,0.28899775321727167,0.49913823266621843,0.45352507989828944
P12-019,2,nn_frozen,routine_change,0,,1,161,-0.046075942900687776,0.03313175916703638,0.8975192173305381,0.5009539542679814,0.22997823103742004,0.5771846892487674,0.4920249732295299
P12-019,0,nn_frozen,model_mismatch,0,,1,161,-0.03174244311231712,0.04054058182652669,1.00569974189848,0.5226525550021452,0.2126333065941488,0.21801805653878162,0.2636370738781009
P12-019,1,nn_frozen,model_mismatch,0,,1,161,-0.04678973674471693,0.017711022905918285,1.0169089077565117,0.527379514944795,0.25865538639631014,0.21918376239620244,0.22351136784259218
P12-019,2,nn_frozen,model_mismatch,0,,1,161,-0.05136745427549851,0.026845707024402844,0.954829506860481,0.5129227077211519,0.21931343566715264,0.24987740211709725,0.2178205848908825
P12-019,0,nn_adaptive,stable,0,,1,161,-0.05386855131909822,0.03628967752974498,1.0357719401232754,0.5250803121157973,0.21621147047097924,0.2285105203113517,0.2587478109253486
P12-019,1,nn_adaptive,stable,0,,1,161,-0.04807151853755262,0.03330249259927816,0.9855596961444747,0.5181414597207255,0.34713229142531815,0.22016657389824074,0.21780726712124163
P12-019,2,nn_adaptive,stable,0,,1,161,-0.05198633384404614,0.026896756153783563,0.9867924528301887,0.5245267142146937,0.220089539540581,0.25113102643895513,0.22959323990329739
P12-019,0,nn_adaptive,routine_change,0,,1,161,-0.056331730132438584,0.03628967752974498,0.950616378045201,0.5162469131384605,0.21621147047097924,0.36352806625885214,0.2633634604502551
P12-019,1,nn_adaptive,routine_change,0,,1,161,-0.04854842469176849,0.03330249259927816,0.9153647699584347,0.5095015432943483,0.34713229142531815,0.34848049506208945,0.258523070255612
P12-019,2,nn_adaptive,routine_change,0,,1,161,-0.05422253121523135,0.026896756153783563,0.8922781271837875,0.5148137557156629,0.220089539540581,0.351101659034736,0.2686886499246427
P12-019,0,nn_adaptive,model_mismatch,0,,1,161,-0.03648278087017076,0.03784104650800607,1.0063449956983082,0.5211089581617909,0.23181189107358321,0.21815042205459031,0.2523319894063506
P12-019,1,nn_adaptive,model_mismatch,0,,1,161,-0.04830839347035577,0.023162642624917826,1.020326665707296,0.5251295363113803,0.3311665095634799,0.22395788963988159,0.2080638160349781
P12-019,2,nn_adaptive,model_mismatch,0,,1,161,-0.05939699920743274,0.007976878989064877,0.9583955984241272,0.5222827398797496,0.23258461560462296,0.23256815234554606,0.21958221294199082
P12-020,0,flat,stable,0,,1,161,-0.17108132681019164,0.0091093502868712,1.017969007583251,0.5560739256847085,nan,nan,nan
P12-020,1,flat,stable,0,,1,161,-0.18816966278131594,0.005419183007448901,1.0263090128755363,0.5675138696536731,nan,nan,nan
P12-020,2,flat,stable,0,,1,161,-0.18833795979357384,0.007550472785592581,0.999591770084912,0.5439718178866447,nan,nan,nan
P12-020,0,flat,routine_change,0,,1,161,-0.26393662641609766,0.0091093502868712,1.0288905374216948,0.5598492928271757,nan,nan,nan
P12-020,1,flat,routine_change,0,,1,161,-0.28675821640520205,0.005419183007448901,1.062618025751073,0.5790589574701858,nan,nan,nan
P12-020,2,flat,routine_change,0,,1,161,-0.28563517037563607,0.007550472785592581,1.0237181580666233,0.5509942107899415,nan,nan,nan
P12-020,0,flat,model_mismatch,0,,1,161,-0.13629677069614024,0.023641371445598698,1.0168368187057466,0.555231345043725,nan,nan,nan
P12-020,1,flat,model_mismatch,0,,1,161,-0.1752602690090779,0.0041738442643869155,1.051890034364261,0.5772801542649995,nan,nan,nan
P12-020,2,flat,model_mismatch,0,,1,161,-0.1842349048837501,-0.0019685563879721013,0.9822549492998551,0.5332576373545795,nan,nan,nan
P12-020,0,codex_rules,stable,0,,1,161,-0.27698223635894254,0.0811741655809136,0.9872650840751732,0.10585405285690615,nan,nan,nan
P12-020,1,codex_rules,stable,0,,1,161,-0.3016256214774326,0.029503049419704237,1.0534763948497854,0.11217263514171485,nan,nan,nan
P12-020,2,codex_rules,stable,0,,1,161,-0.3008697314182917,0.05062350704083707,0.9975097975179623,0.10538979767841498,nan,nan,nan
P12-020,0,codex_rules,routine_change,0,,1,161,-0.306810796880173,0.0811741655809136,0.9767556874381802,0.1117007132774438,nan,nan,nan
P12-020,1,codex_rules,routine_change,0,,1,161,-0.33220251809559087,0.029503049419704237,1.063862660944206,0.1188876461687356,nan,nan,nan
P12-020,2,codex_rules,routine_change,0,,1,161,-0.3312115446906617,0.05062350704083707,0.9883246244284782,0.11173226744014324,nan,nan,nan
P12-020,0,codex_rules,model_mismatch,0,,1,161,-0.22898239163981657,0.12094289487251612,1.0143257039354519,0.10756371229611915,nan,nan,nan
P12-020,1,codex_rules,model_mismatch,0,,1,161,-0.286070687993641,0.04142939840185762,1.060438144329897,0.11301172745621182,nan,nan,nan
P12-020,2,codex_rules,model_mismatch,1,0,0,,0.08894739362927184,0.08894739362927184,1.2134234669241912,0.20682262503435248,nan,nan,nan
P12-020,0,habit_only,stable,0,,1,161,-0.17709684815412705,0.002601589443631242,0.9939828552588197,0.5087190222727632,nan,nan,nan
P12-020,1,habit_only,stable,0,,1,161,-0.19727491996236207,-0.007468951673763499,1.025236051502146,0.5083565106977171,nan,nan,nan
P12-020,2,habit_only,stable,0,,1,161,-0.194068859629436,-0.0002324808527016545,0.999591770084912,0.5001845129599158,nan,nan,nan
P12-020,0,habit_only,routine_change,0,,1,161,-0.26933629093034295,0.002601589443631242,1.0274480712166172,0.47408201723086896,nan,nan,nan
P12-020,1,habit_only,routine_change,1,79,0,,-0.17287514217403427,-0.007468951673763499,1.0691974248927036,0.48901304355191144,nan,nan,nan
P12-020,2,habit_only,routine_change,1,49,0,,-0.06617527431281318,-0.0002324808527016545,0.9954082299150881,0.6228445212685855,nan,nan,nan
P12-020,0,habit_only,model_mismatch,0,,1,161,-0.14221909724061962,0.014963686878258584,1.0134200559855095,0.5120566981779474,nan,nan,nan
P12-020,1,habit_only,model_mismatch,0,,1,161,-0.18649284684498907,-0.0060858584711459985,1.0274484536082473,0.507889097924008,nan,nan,nan
P12-020,2,habit_only,model_mismatch,0,,1,161,-0.188193841769766,-0.005803761669178897,0.981530661516176,0.49834029499367666,nan,nan,nan
P12-020,0,nn_frozen,stable,0,,1,161,-0.17665778688233943,0.002135216201033225,0.9909330695680845,0.5223025980298976,0.31057189947388764,0.30921136612097705,0.36261066659950136
P12-020,1,nn_frozen,stable,0,,1,161,-0.19723856032003115,-0.009815298691272773,1.0248068669527897,0.5208484861383201,0.37309320587584555,0.3384337458895449,0.3720850983408252
P12-020,2,nn_frozen,stable,0,,1,161,-0.1933513052946551,-0.0038879774356545787,0.9985711952971915,0.5155158633987961,0.346181044454092,0.31698892082395574,0.32448720586696356
P12-020,0,nn_frozen,routine_change,0,,1,161,-0.265508360583582,0.002135216201033225,1.0350725354434553,0.482237071217009,0.31057189947388764,0.8044472067378424,0.8362020338317969
P12-020,1,nn_frozen,routine_change,0,,1,161,-0.2880013125559159,-0.009815298691272773,1.0942060085836909,0.48018149219719497,0.37309320587584555,0.7962384852236724,0.8223789770754305
P12-020,2,nn_frozen,routine_change,0,,1,161,-0.2875988498963898,-0.0038879774356545787,1.0411903984323974,0.4759814931050168,0.346181044454092,0.7649063575387477,0.845922062916146
P12-020,0,nn_frozen,model_mismatch,0,,1,161,-0.14088561894338095,0.014514970034604193,1.0152725177013007,0.52569459677708,0.3304714745219776,0.3333727412947268,0.37909070915794096
P12-020,1,nn_frozen,model_mismatch,0,,1,161,-0.18491577677162124,-0.0036913139743601103,1.027061855670103,0.5183617949614641,0.3983047039847702,0.34774059717332945,0.4007310152167472
P12-020,2,nn_frozen,model_mismatch,0,,1,161,-0.188509270216181,-0.004857587148426109,0.981530661516176,0.5134136327440972,0.3313700218006085,0.311680960171826,0.35990113649226113
P12-020,0,nn_adaptive,stable,1,52,0,,-0.022880263254580046,0.002796325114539537,0.9909579530821344,0.635930125637053,0.3392740076335561,nan,nan
P12-020,1,nn_adaptive,stable,0,,1,161,-0.19663788700794885,-0.0071884786848776605,1.026008583690987,0.5099529991886008,0.43778675772075154,0.3462558996084349,0.3746831778500082
P12-020,2,nn_adaptive,stable,0,,1,161,-0.19290065266994297,-0.003914566728313406,0.9984895493141739,0.5123566617440154,0.43053991593667323,0.34022423857736067,0.32799743042158935
P12-020,0,nn_adaptive,routine_change,0,,1,161,-0.2654407844255818,0.002796325114539537,1.0296735905044512,0.49839564846965906,0.3392740076335561,0.46254468859872794,0.6966403499764076
P12-020,1,nn_adaptive,routine_change,0,,1,161,-0.28573212212399385,-0.0071884786848776605,1.086909871244635,0.4979400560764829,0.43778675772075154,0.4499862080591704,0.5846500829148972
P12-020,2,nn_adaptive,routine_change,0,,1,161,-0.2852125772062915,-0.003914566728313406,1.0239222730241673,0.502399748296139,0.43053991593667323,0.38391036314524307,0.6383856346671936
P12-020,0,nn_adaptive,model_mismatch,0,,1,161,-0.14141519674032055,0.01411249546250447,1.0162604972830562,0.5118617592497519,0.3577162808464274,0.32246330046118515,0.33343437224072625
P12-020,1,nn_adaptive,model_mismatch,0,,1,161,-0.1845946668886328,-0.007204141337599723,1.0264175257731958,0.5090150186874453,0.4309355934646515,0.3566846072944828,0.3188352171221386
P12-020,2,nn_adaptive,model_mismatch,0,,1,161,-0.1874563990820882,-0.007854526592871046,0.9808868501529053,0.5107446173150596,0.39502934985252924,0.34386322205459224,0.3257536278160414
P12-021,0,flat,stable,0,,1,161,-0.04724674019211991,0.008245555867878476,0.9723988133079041,0.528052366834011,nan,nan,nan
P12-021,1,flat,stable,0,,1,161,-0.02894791732610571,0.03612068269134832,1.0565151866450266,0.5765190642821687,nan,nan,nan
P12-021,2,flat,stable,1,0,0,,-0.027247940808076743,-0.027247940808076743,1.0834896810506567,1.0834896810506567,nan,nan,nan
P12-021,0,flat,routine_change,1,66,0,,0.07549679963559422,0.23210131218679433,0.9272138987200046,0.5790077963651807,nan,nan,nan
P12-021,1,flat,routine_change,1,49,0,,0.047441338732945926,0.22854361907194587,1.0490748898678415,0.7368053820345162,nan,nan,nan
P12-021,2,flat,routine_change,1,0,0,,-0.027247940808076743,-0.027247940808076743,1.0834896810506567,1.0834896810506567,nan,nan,nan
P12-021,0,flat,model_mismatch,0,,1,161,-0.028626041538380595,0.007670348890704128,0.9535587560008348,0.5147814997447525,nan,nan,nan
P12-021,1,flat,model_mismatch,0,,1,161,-0.02106186258332243,0.016849490882857244,0.9834099868593956,0.5329125680100996,nan,nan,nan
P12-021,2,flat,model_mismatch,0,,1,161,-0.003294493761501864,0.03977672735937055,1.0459803692451508,0.5771392164983942,nan,nan,nan
P12-021,0,codex_rules,stable,0,,1,161,-0.07335813834269457,0.14649462409962857,0.9520025429116338,0.13300891133375273,nan,nan,nan
P12-021,1,codex_rules,stable,0,,1,161,-0.04978275104241888,0.1661172752997954,1.0391838627405519,0.1457996934858102,nan,nan,nan
P12-021,2,codex_rules,stable,0,,1,161,-0.049012567785075456,0.18186640859558847,1.0867729831144466,0.15047007105840643,nan,nan,nan
P12-021,0,codex_rules,routine_change,0,,1,161,-0.04859411485691918,0.14649462409962857,0.952903157448612,0.12777778550005714,nan,nan,nan
P12-021,1,codex_rules,routine_change,0,,1,161,-0.022819173080525317,0.1661172752997954,1.0495594713656387,0.14050776401303816,nan,nan,nan
P12-021,2,codex_rules,routine_change,0,,1,161,-0.022142693695134757,0.18186640859558847,1.0425070356472796,0.14170442955788104,nan,nan,nan
P12-021,0,codex_rules,model_mismatch,1,91,0,,-0.008836901319765446,0.18156820729474352,0.9603944896681278,0.13300084523800648,nan,nan,nan
P12-021,1,codex_rules,model_mismatch,1,2,0,,0.20790625714949537,0.20790625714949537,1.620455540954884,0.34006876843006456,nan,nan,nan
P12-021,2,codex_rules,model_mismatch,0,,1,161,-0.020202827076251005,0.20198041436436945,1.0733232063566254,0.14890556831071836,nan,nan,nan
P12-021,0,habit_only,stable,0,,1,161,-0.05139347059728731,-0.005338519290412662,0.9723458359821996,0.515152704954034,nan,nan,nan
P12-021,1,habit_only,stable,0,,1,161,-0.032590829972463785,0.017369546057047342,1.038488291212613,0.5287870464092606,nan,nan,nan
P12-021,2,habit_only,stable,0,,1,161,-0.032410372395249944,0.01282328932341306,1.0432692307692308,0.5292728165442812,nan,nan,nan
P12-021,0,habit_only,routine_change,1,74,0,,0.08778079351133404,0.24297485814934452,0.960864589955499,0.5548046547479862,nan,nan,nan
P12-021,1,habit_only,routine_change,1,86,0,,0.11009485332679972,0.23363950480523216,1.0164038952005565,0.5322429294777278,nan,nan,nan
P12-021,2,habit_only,routine_change,0,,1,161,0.051565211674721244,0.23290541569970896,1.039985928705441,0.5343111605239325,nan,nan,nan
P12-021,0,habit_only,model_mismatch,0,,1,161,-0.029433035836906953,0.008051054887254947,0.9534543936547694,0.5112329090821852,nan,nan,nan
P12-021,1,habit_only,model_mismatch,0,,1,161,-0.02335749154189258,0.018261160124795874,0.990911081909768,0.5266058512942067,nan,nan,nan
P12-021,2,habit_only,model_mismatch,0,,1,161,-0.010536819179509825,0.020047294407252145,1.0567305445197477,0.525292001560925,nan,nan,nan
P12-021,0,nn_frozen,stable,0,,1,161,-0.048517579421267595,0.008135551611250697,0.971763085399449,0.5127325143402716,0.26528790529521423,0.2871135108491766,0.2781862734425109
P12-021,1,nn_frozen,stable,0,,1,161,-0.03192897958511484,0.024626693185007258,1.039067934152562,0.5251358323622504,0.33872996682815143,0.2650170160929638,0.2949163605649287
P12-021,2,nn_frozen,stable,0,,1,161,-0.03165757855598491,0.020837904993482457,1.0643175422138837,0.5213920018879518,0.30732390061024045,0.2495976302363677,0.24219617338969382
P12-021,0,nn_frozen,routine_change,1,43,0,,0.01032534116709834,0.008135551611250697,0.9963156678032711,0.6851973781851814,0.26528790529521423,nan,nan
P12-021,1,nn_frozen,routine_change,1,136,0,,0.10545582982580314,0.24254595194557735,1.0177370739624392,0.5291140851078788,0.33872996682815143,1.648737450768481,1.3992501205127776
P12-021,2,nn_frozen,routine_change,1,52,0,,0.060143998969011285,0.23502372729573287,1.0409306524124748,0.6520388608918348,0.30732390061024045,nan,nan
P12-021,0,nn_frozen,model_mismatch,0,,1,161,-0.028702471740732295,0.03620299439164911,0.9376956793988729,0.49714656090850295,0.36075568900943583,0.26012190680876873,0.2868005712498932
P12-021,1,nn_frozen,model_mismatch,0,,1,161,-0.022257012683914883,0.017146860789958786,0.9824244415243102,0.5116091513922794,0.3172469796147507,0.2593741325043906,0.3116740934673862
P12-021,2,nn_frozen,model_mismatch,0,,1,161,-0.010775839426703229,0.029131303435172593,1.0580743164290722,0.5204894234117788,0.3125382731035385,0.2672689861342192,0.26963066340868114
P12-021,0,nn_adaptive,stable,0,,1,161,-0.05008171298927854,0.006677590781193647,0.9718690400508582,0.5166904775975715,0.30405904070464096,0.2257328253331634,0.280704853488645
P12-021,1,nn_adaptive,stable,1,80,0,,0.0032011511268217273,0.035527632499248896,1.0373375926355293,0.5297764729861592,0.2594865118045929,0.250975932871196,nan
P12-021,2,nn_adaptive,stable,0,,1,161,-0.03247373415799975,0.020142462553828653,1.0554057223264541,0.5217753189321533,0.3407013167325677,0.2585593746159843,0.24888517835274476
P12-021,0,nn_adaptive,routine_change,1,75,0,,0.08605190348067489,0.22293004779595296,0.9256198347107437,0.5495231906287563,0.30405904070464096,1.0114043965253516,nan
P12-021,1,nn_adaptive,routine_change,1,74,0,,0.1019529702494081,0.2322369754797238,1.0160630651518665,0.5542736481116436,0.2594865118045929,1.1675043938783995,nan
P12-021,2,nn_adaptive,routine_change,1,54,0,,0.061317501515752285,0.22952209911536015,1.0605662630052874,0.6432551461220198,0.3407013167325677,nan,nan
P12-021,0,nn_adaptive,model_mismatch,0,,1,161,-0.031464280645873144,0.0103017567979538,0.9170841160509289,0.5114506089836066,0.3278696205969183,0.27861947864607955,0.2950585324631533
P12-021,1,nn_adaptive,model_mismatch,0,,1,161,-0.02333677105295807,0.01617248605568752,0.9557599649583881,0.517180139245045,0.21799395895363402,0.28053270958880727,0.24655155256807273
P12-021,2,nn_adaptive,model_mismatch,0,,1,161,-0.01032656480268885,0.022540890692519622,1.0564968450572563,0.5217576317786277,0.332677513088519,0.2555405258106868,0.25342033788619917
P12-022,0,flat,stable,0,,1,161,0.009831596629400629,0.0826700129418353,1.0600786484124671,0.5776887770527636,nan,nan,nan
P12-022,1,flat,stable,0,,1,161,0.013486480294385008,0.0907873835634293,0.9454892341237394,0.5182529891431685,nan,nan,nan
P12-022,2,flat,stable,0,,1,161,-0.014608129764283476,0.054709201819805195,1.0488744989207526,0.570074165204904,nan,nan,nan
P12-022,0,flat,routine_change,0,,1,161,0.0036124638615217895,0.0826700129418353,1.1775415088843577,0.6169068076718168,nan,nan,nan
P12-022,1,flat,routine_change,0,,1,161,0.006379672706565055,0.0907873835634293,1.0466067048242027,0.5537850255872421,nan,nan,nan
P12-022,2,flat,routine_change,0,,1,161,-0.020837431095984092,0.05214151447702987,1.1367560900400864,0.6007973213454665,nan,nan,nan
P12-022,0,flat,model_mismatch,1,16,0,,0.08645782455631623,0.08667757299403964,0.9803404211288739,0.894197940917791,nan,nan,nan
P12-022,1,flat,model_mismatch,0,,1,161,0.027132197365447683,0.11105437765631525,0.9445504087193461,0.5185568521758835,nan,nan,nan
P12-022,2,flat,model_mismatch,0,,1,161,0.006575200577880577,0.0854154705297385,1.059900682805711,0.57617813900843,nan,nan,nan
P12-022,0,codex_rules,stable,0,,1,161,-0.026134423598169927,0.26190410002743864,1.1037722108942616,0.15924267448270954,nan,nan,nan
P12-022,1,codex_rules,stable,0,,1,161,-0.026737273791326205,0.26443613775196073,0.9617061869719269,0.14476463870957842,nan,nan,nan
P12-022,2,codex_rules,stable,0,,1,161,-0.052031466686796334,0.21441003399033362,1.0487203206907185,0.15934022257073588,nan,nan,nan
P12-022,0,codex_rules,routine_change,0,,1,161,-0.030630671574228854,0.26190410002743864,1.1428779493154675,0.1633633010483106,nan,nan,nan
P12-022,1,codex_rules,routine_change,0,,1,161,-0.030774428373952372,0.26443613775196073,1.0727718724448077,0.15295774844424462,nan,nan,nan
P12-022,2,codex_rules,routine_change,0,,1,161,-0.05577506522075559,0.21441003399033362,1.1397625655257477,0.16626513155489947,nan,nan,nan
P12-022,0,codex_rules,model_mismatch,1,10,0,,0.28143622661260703,0.2859018523632911,1.2883984968417688,0.30705774862823315,nan,nan,nan
P12-022,1,codex_rules,model_mismatch,1,0,0,,0.22692675406411367,0.22692675406411367,1.0528610354223433,0.2785036016026269,nan,nan,nan
P12-022,2,codex_rules,model_mismatch,0,,1,161,-0.025743398316985994,0.23752279013057825,1.0576505276225947,0.160392311888595,nan,nan,nan
P12-022,0,habit_only,stable,0,,1,161,-0.005184453157211466,0.05633187555553552,1.0587678415380135,0.5052758681591236,nan,nan,nan
P12-022,1,habit_only,stable,0,,1,161,0.005788790503684963,0.08713502706756139,0.9208231125647315,0.4994954865324718,nan,nan,nan
P12-022,2,habit_only,stable,0,,1,161,-0.02970289660872299,0.03158053969700959,1.049876657415973,0.5011265207093331,nan,nan,nan
P12-022,0,habit_only,routine_change,0,,1,161,-0.02156176253115301,0.05633187555553552,1.1538013399359162,0.5075699516239329,nan,nan,nan
P12-022,1,habit_only,routine_change,0,,1,161,-0.012735482118432045,0.08713502706756139,1.0421777050967567,0.5049135494169312,nan,nan,nan
P12-022,2,habit_only,routine_change,0,,1,161,-0.043861899237067396,0.03158053969700959,1.133749614554425,0.5040495546335639,nan,nan,nan
P12-022,0,habit_only,model_mismatch,0,,1,161,0.038803319962365024,0.08286062857029637,1.0677953679272942,0.5109968219049755,nan,nan,nan
P12-022,1,habit_only,model_mismatch,0,,1,161,0.01958745661948679,0.09574475173621473,0.9240463215258856,0.49657515178783035,nan,nan,nan
P12-022,2,habit_only,model_mismatch,0,,1,161,-0.008237032030313621,0.06581400022848548,1.0554003724394785,0.5031970266594157,nan,nan,nan
P12-022,0,nn_frozen,stable,0,,1,161,-0.0015956361601599813,0.06735208869758551,1.0217011360326245,0.503535644304819,0.40662394074774294,0.3561929261041453,0.4392574826823409
P12-022,1,nn_frozen,stable,0,,1,161,0.007387001229698245,0.08802785243244704,0.9249795584627963,0.5002899103890585,0.33474456708304345,0.3710523774360732,0.36550719783231334
P12-022,2,nn_frozen,stable,0,,1,161,-0.02880289879454651,0.05580232211410563,1.0492599444958373,0.49674882152563904,0.4033033207158563,0.4223469693153631,0.43406921961096884
P12-022,0,nn_frozen,routine_change,0,,1,161,-0.01864264132675462,0.06735208869758551,1.1227060879697057,0.5014915247046332,0.40662394074774294,0.40319867662622527,0.39378843245427536
P12-022,1,nn_frozen,routine_change,0,,1,161,-0.009428845964939765,0.08802785243244704,1.0010220768601799,0.4976030141495202,0.33474456708304345,0.4279425093512067,0.3551309648893734
P12-022,2,nn_frozen,routine_change,0,,1,161,-0.04382486921855508,0.05580232211410563,1.1147856922602528,0.4944895411435833,0.4033033207158563,0.4415805354805165,0.3820679380328836
P12-022,0,nn_frozen,model_mismatch,0,,1,161,0.04121485221202752,0.10946644068211807,1.029536792729405,0.5039014679817329,0.4388212667920252,0.38645255514945653,0.40117932925414224
P12-022,1,nn_frozen,model_mismatch,0,,1,161,0.02107596245985757,0.08330746892100335,0.9228201634877384,0.5002411972226982,0.3166745065410657,0.37183379639020725,0.3946592441785625
P12-022,2,nn_frozen,model_mismatch,0,,1,161,-0.008994526267601822,0.07062785186606595,1.0470204841713222,0.4964818804392222,0.329743177856115,0.420507584186306,0.3582479006206426
P12-022,0,nn_adaptive,stable,0,,1,161,-0.0031876211471652312,0.08809816463251338,1.058913486746286,0.5042104714332051,0.4704974350206866,0.35161197938182037,0.3907539764132379
P12-022,1,nn_adaptive,stable,0,,1,161,0.003590069789344643,0.07234050099647618,0.9218451894249113,0.5064972417614966,0.3538377928090047,0.3948753619458191,0.374735255970699
P12-022,2,nn_adaptive,stable,0,,1,161,-0.02704584389622142,0.05764108267036178,1.0395467160037004,0.5024775328729979,0.41594974760793785,0.4248864458261679,0.38953849736719187
P12-022,0,nn_adaptive,routine_change,0,,1,161,-0.01950828648104142,0.08809816463251338,1.1087969705796679,0.5069046502081375,0.4704974350206866,0.3307636346973231,0.28565898085510194
P12-022,1,nn_adaptive,routine_change,0,,1,161,-0.01528370419077775,0.07234050099647618,1.0001362769146906,0.5120457444494577,0.3538377928090047,0.30819571755305225,0.3576893648643987
P12-022,2,nn_adaptive,routine_change,0,,1,161,-0.04630844629481252,0.05764108267036178,1.1255010792476103,0.5057510919376738,0.41594974760793785,0.3574346395945182,0.27911999130257237
P12-022,0,nn_adaptive,model_mismatch,0,,1,161,0.04298936814259713,0.09906069831662315,1.0631046613896218,0.5015492075864123,0.5286315901201458,0.3876047849335409,0.40309234990238796
P12-022,1,nn_adaptive,model_mismatch,0,,1,161,0.01614533574806583,0.061637663720378766,0.9249999999999999,0.5074977922507059,0.34875978255972956,0.3495325285527683,0.3802858585669758
P12-022,2,nn_adaptive,model_mismatch,0,,1,161,-0.011168354290593681,0.05198688950693373,1.013423339540658,0.5026154383529088,0.4255186290683032,0.4036176198226794,0.38081782599516717
P12-023,0,flat,stable,0,,1,161,-0.0023405469623244044,0.04893103270272949,1.010768971899714,0.5533927468520767,nan,nan,nan
P12-023,1,flat,stable,0,,1,161,0.01203822034210045,0.06317916229497393,1.055008318010682,0.5717974006138367,nan,nan,nan
P12-023,2,flat,stable,0,,1,161,0.005649805727055618,0.05812466206307707,1.0568181818181819,0.5745944959794682,nan,nan,nan
P12-023,0,flat,routine_change,1,45,0,,0.049024094190549865,0.025641333943577583,1.0067598709479182,0.727841180300095,nan,nan,nan
P12-023,1,flat,routine_change,1,74,0,,0.14163554675665171,0.3301530900855347,0.9194571403554854,0.5573102824245414,nan,nan,nan
P12-023,2,flat,routine_change,0,,1,161,0.08075668117552204,0.31616520024188494,0.9227576916391447,0.5288498072625505,nan,nan,nan
P12-023,0,flat,model_mismatch,0,,1,161,0.013515624406306088,0.06261717592932495,0.9869828082586164,0.5409896016168789,nan,nan,nan
P12-023,1,flat,model_mismatch,0,,1,161,0.018375175320187526,0.06784468886763553,1.0630775323418111,0.5794622288427997,nan,nan,nan
P12-023,2,flat,model_mismatch,0,,1,161,-0.0072413077943149565,0.037199920710242626,1.0763085885779857,0.5826475987235656,nan,nan,nan
P12-023,0,codex_rules,stable,0,,1,161,-0.02160330883918216,0.38754000275101136,1.0106217398620227,0.09793843990055942,nan,nan,nan
P12-023,1,codex_rules,stable,1,9,0,,0.3801382353250952,0.40226139523314763,1.2317572892040975,0.194204224033858,nan,nan,nan
P12-023,2,codex_rules,stable,1,10,0,,0.35262943163696636,0.3918300051198887,1.2389346269930313,0.19291180026171226,nan,nan,nan
P12-023,0,codex_rules,routine_change,0,,1,161,0.00022326465454375278,0.38754000275101136,0.9030582197543329,0.08980858775238575,nan,nan,nan
P12-023,1,codex_rules,routine_change,1,9,0,,0.3801382353250952,0.40226139523314763,1.2317572892040975,0.194204224033858,nan,nan,nan
P12-023,2,codex_rules,routine_change,1,10,0,,0.35262943163696636,0.3918300051198887,1.2389346269930313,0.19291180026171226,nan,nan,nan
P12-023,0,codex_rules,model_mismatch,1,1,0,,0.462973811189193,0.462973811189193,1.0468043102739162,0.18101315383877054,nan,nan,nan
P12-023,1,codex_rules,model_mismatch,1,4,0,,0.4464482763678295,0.4464482763678295,1.1129279239637422,0.1936926859698,nan,nan,nan
P12-023,2,codex_rules,model_mismatch,1,4,0,,0.40138937752016235,0.40138937752016235,1.1815164621767145,0.2010735167174266,nan,nan,nan
P12-023,0,habit_only,stable,1,107,0,,0.009767551234812606,0.024132071938772315,1.0038280329799765,0.5247778836555642,nan,nan,nan
P12-023,1,habit_only,stable,0,,1,161,0.0027468689177771715,0.03617921181325746,1.046734086332195,0.5320519764006488,nan,nan,nan
P12-023,2,habit_only,stable,0,,1,161,-0.006188156628376095,0.031023648467427844,1.0332000695289414,0.525537514112659,nan,nan,nan
P12-023,0,habit_only,routine_change,0,,1,161,0.09064360572733496,0.3026739829820107,0.8844228504122497,0.5263125699203457,nan,nan,nan
P12-023,1,habit_only,routine_change,1,60,0,,0.11496827195229985,0.30885071623109955,0.9506474268711218,0.6220106898626317,nan,nan,nan
P12-023,2,habit_only,routine_change,1,101,0,,0.14849846368650038,0.29781661605257653,0.8880366765166,0.5250444254629033,nan,nan,nan
P12-023,0,habit_only,model_mismatch,1,170,0,161,0.018796625693321592,0.04455405279196738,0.982355844369499,0.5238060715759655,nan,nan,nan
P12-023,1,habit_only,model_mismatch,0,,1,161,0.008877027678280042,0.04300657628735062,1.0520329138431752,0.5310970568374168,nan,nan,nan
P12-023,2,habit_only,model_mismatch,0,,1,161,-0.01543129517588202,0.02510077720154203,1.0612807838291112,0.5294744804848504,nan,nan,nan
P12-023,0,nn_frozen,stable,1,124,0,,0.007548629478494006,0.026852130958583267,1.0025660440854787,0.5329838540493865,0.24019514428995103,0.22286654585252594,0.20429740505098212
P12-023,1,nn_frozen,stable,0,,1,161,0.0019423249294464838,0.03446796084575716,1.0260047281323876,0.5372259538780658,0.25550123105003125,0.2781224434438308,0.2260370324938668
P12-023,2,nn_frozen,stable,0,,1,161,-0.006371351459154688,0.03600753322065026,1.044259516773857,0.537819200972198,0.25491273070838555,0.2538195387282053,0.22544088426911862
P12-023,0,nn_frozen,routine_change,1,78,0,,0.1345300841786163,0.3047551046866975,0.8941047546629691,0.5504378073414155,0.24019514428995103,1.254300657772932,nan
P12-023,1,nn_frozen,routine_change,1,98,0,,0.15283806188884472,0.30360629742712525,0.8946020488573679,0.5360516309036333,0.25550123105003125,1.3170650348112216,1.3249722203947558
P12-023,2,nn_frozen,routine_change,1,74,0,,0.1313001843471067,0.3062648248176723,0.9328628541630454,0.570080750259527,0.25491273070838555,1.354211854525732,nan
P12-023,0,nn_frozen,model_mismatch,0,,1,161,0.006740611115877333,0.04694501218521287,0.9759192234926378,0.5336172845272386,0.2593440650035734,0.21372437319381002,0.224680548878563
P12-023,1,nn_frozen,model_mismatch,1,201,0,161,0.012605457898627164,0.04481199125021607,1.0578632403414592,0.5377835041662037,0.26759346121611344,0.308460435532474,0.2060970532639048
P12-023,2,nn_frozen,model_mismatch,0,,1,161,-0.014493676139856543,0.020837062123669644,1.070372495365875,0.5372437066744489,0.2864255755874163,0.2876076020302552,0.22358478878253138
P12-023,0,nn_adaptive,stable,0,,1,161,-0.00691770703708646,0.02807434579627332,1.0018088507487801,0.5311817052172706,0.24682958860387363,0.2111365982262096,0.22948596215688946
P12-023,1,nn_adaptive,stable,0,,1,161,0.007027626683669749,0.049214124639999454,1.0451799317047543,0.529890692401749,0.27349429921728524,0.2276729566826284,0.20787356366563756
P12-023,2,nn_adaptive,stable,0,,1,161,-0.00303664850582133,0.04161036269072121,1.0398487745524072,0.5309648693024306,0.25621081111984906,0.19516325439772322,0.22871628512291586
P12-023,0,nn_adaptive,routine_change,1,101,0,,0.1515687267770697,0.3016950781497919,0.8837918559650009,0.5315884501767293,0.24682958860387363,0.8451058253631702,0.9559373082242609
P12-023,1,nn_adaptive,routine_change,1,59,0,,0.11465381438257065,0.2907394935224107,0.9410253042640749,0.6257111026162447,0.27349429921728524,nan,nan
P12-023,2,nn_adaptive,routine_change,1,79,0,,0.13803301913011312,0.302187150419106,0.9184990439770554,0.5457169007915884,0.25621081111984906,0.9258356955437709,nan
P12-023,0,nn_adaptive,model_mismatch,0,,1,161,0.009207060330694612,0.04404157159417825,0.9871884510981326,0.5293056842058466,0.256441609524073,0.19077406976511369,0.216364713033451
P12-023,1,nn_adaptive,model_mismatch,1,155,0,,0.028828578615491728,0.05877475838056067,1.0568951861304234,0.5300494296763539,0.2726673014433755,0.22669076146564857,0.22736903177989626
P12-023,2,nn_adaptive,model_mismatch,0,,1,161,-0.009741004923781996,0.029630318475887006,1.071696531026569,0.532701924793564,0.23994623877041715,0.22449423247436512,0.21685414897768038
P12-024,0,flat,stable,0,,1,161,-0.03661250716121808,0.02834531742237576,1.0099058940069343,0.554035432714157,nan,nan,nan
P12-024,1,flat,stable,0,,1,161,-0.012547282758089267,0.0694909641743117,1.0187955745536839,0.5472369724741103,nan,nan,nan
P12-024,2,flat,stable,0,,1,161,-0.012389438252015219,0.06331792511411506,0.9761312485193083,0.5360958257802463,nan,nan,nan
P12-024,0,flat,routine_change,1,83,0,,0.008747874478571695,0.03742134456695128,0.9939945517582962,0.5475764154033064,nan,nan,nan
P12-024,1,flat,routine_change,0,,1,161,-0.009594034243194516,0.0694909641743117,0.9678777973346743,0.5283190188349276,nan,nan,nan
P12-024,2,flat,routine_change,0,,1,161,-0.008725858374912014,0.06762254420671672,0.9782634446813552,0.5394897709053714,nan,nan,nan
P12-024,0,flat,model_mismatch,0,,1,161,-0.014194693789535749,0.057469383397908726,1.0298785023555665,0.5637588609718199,nan,nan,nan
P12-024,1,flat,model_mismatch,0,,1,161,0.010734046721708232,0.07746429397163727,1.0139167502507522,0.5444128412462681,nan,nan,nan
P12-024,2,flat,model_mismatch,0,,1,161,0.007868082044312179,0.07992098364191887,0.9533278262921879,0.5227807016366104,nan,nan,nan
P12-024,0,codex_rules,stable,0,,1,161,-0.06494069646527867,0.23259754412622113,1.0010525012382367,0.1448989357271858,nan,nan,nan
P12-024,1,codex_rules,stable,0,,1,161,-0.04251004354544564,0.2776230982150286,0.9928966557706814,0.1423680018558598,nan,nan,nan
P12-024,2,codex_rules,stable,0,,1,161,-0.03963868891944818,0.28175833849568127,0.9793887704335466,0.1386849402771202,nan,nan,nan
P12-024,0,codex_rules,routine_change,0,,1,161,-0.06529577398957127,0.23259754412622113,1.0053863298662706,0.14423680028674987,nan,nan,nan
P12-024,1,codex_rules,routine_change,0,,1,161,-0.04219547744860946,0.2776230982150286,0.9590771938647221,0.13965659605258907,nan,nan,nan
P12-024,2,codex_rules,routine_change,0,,1,161,-0.0399663117503528,0.28175833849568127,0.9444444444444445,0.13616136637031961,nan,nan,nan
P12-024,0,codex_rules,model_mismatch,1,12,0,,0.22425691634512163,0.257445777574632,1.1635735947662553,0.2730392067159659,nan,nan,nan
P12-024,1,codex_rules,model_mismatch,1,1,0,,0.32567466762391967,0.32567466762391967,1.0294633901705115,0.266626660880471,nan,nan,nan
P12-024,2,codex_rules,model_mismatch,0,,1,161,-0.01486938326636606,0.2993412837500876,0.9886712296436158,0.13958946698980176,nan,nan,nan
P12-024,0,habit_only,stable,0,,1,161,-0.04034438671847058,0.01442053434392822,1.0091010401188707,0.5225205965347496,nan,nan,nan
P12-024,1,habit_only,stable,0,,1,161,-0.020711104010703748,0.05529074128222953,0.993022378677395,0.5181048592845281,nan,nan,nan
P12-024,2,habit_only,stable,0,,1,161,-0.014988284713580952,0.04618830222871395,0.984363894811656,0.5225153387534516,nan,nan,nan
P12-024,0,habit_only,routine_change,0,,1,161,-0.04329966204369385,0.01442053434392822,0.9835314512134721,0.5242107065196792,nan,nan,nan
P12-024,1,habit_only,routine_change,0,,1,161,-0.021609591909448486,0.05529074128222953,0.9232461654513453,0.5177205930764452,nan,nan,nan
P12-024,2,habit_only,routine_change,0,,1,161,-0.015949668904577927,0.04618830222871395,0.9569414830608861,0.5273549811831427,nan,nan,nan
P12-024,0,habit_only,model_mismatch,0,,1,161,-0.020081727462701718,0.027372635877216032,1.0289486734440865,0.5179201010669509,nan,nan,nan
P12-024,1,habit_only,model_mismatch,0,,1,161,0.0014223902846119496,0.06469980337328222,0.9914117352056169,0.5190003869208388,nan,nan,nan
P12-024,2,habit_only,model_mismatch,0,,1,161,0.004662364187860287,0.05705773335093378,0.9522657540712769,0.5116226969812692,nan,nan,nan
P12-024,0,nn_frozen,stable,0,,1,161,-0.039657827476289854,0.03166024435707717,1.0068103021297672,0.5151255478852371,0.3365085403125291,0.2885259840029071,0.2659891960777846
P12-024,1,nn_frozen,stable,0,,1,161,-0.018963370819071415,0.050837661064650465,0.9946567764646719,0.514975590646618,0.277353408000798,0.3070963166684509,0.305263609495898
P12-024,2,nn_frozen,stable,0,,1,161,-0.01013669958596382,0.051755524276759286,0.9580075811419094,0.5169830913231014,0.27865083928627593,0.2980686724434119,0.3349652835121219
P12-024,0,nn_frozen,routine_change,0,,1,161,-0.04100018326317698,0.03166024435707717,0.9744304110946014,0.5192438132896592,0.3365085403125291,0.3732380216081185,0.3973553260013822
P12-024,1,nn_frozen,routine_change,0,,1,161,-0.019480484723344127,0.050837661064650465,0.9637289414131255,0.5152953412854238,0.277353408000798,0.352631585804496,0.3800999604218672
P12-024,2,nn_frozen,routine_change,0,,1,161,-0.01342983391897202,0.051755524276759286,0.9467543236199952,0.5227701144636777,0.27865083928627593,0.37394080873122765,0.4211881276380435
P12-024,0,nn_frozen,model_mismatch,0,,1,161,-0.01740859327553436,0.03630503981489429,1.0091123233325068,0.5170911744667478,0.28630807782084927,0.26492582352899785,0.28498157733864077
P12-024,1,nn_frozen,model_mismatch,0,,1,161,0.0022185526949909744,0.049384333034553925,1.0132271815446339,0.5171903024095618,0.2677383248445141,0.286644279258141,0.3242157725963907
P12-024,2,nn_frozen,model_mismatch,0,,1,161,0.008577517736608364,0.06420340569720177,0.9781685154590513,0.5220517385949446,0.2951236384129952,0.26054084964455215,0.2898804114922722
P12-024,0,nn_adaptive,stable,0,,1,161,-0.03928910854884165,0.0167517422530277,1.013868251609708,0.5157951327729186,0.3008192299827046,0.276024642993494,0.29809686228857474
P12-024,1,nn_adaptive,stable,0,,1,161,-0.019773442959620354,0.04170670635912305,0.9955996982650238,0.5148931453303437,0.2950602296066607,0.2653247853025826,0.3272327376203303
P12-024,2,nn_adaptive,stable,0,,1,161,-0.0145844202000658,0.04606945026357214,0.9844231224828239,0.5191957559632566,0.28058142426544636,0.2744192678109542,0.3035739340126585
P12-024,0,nn_adaptive,routine_change,0,,1,161,-0.04054052765174252,0.0167517422530277,0.9869366022783557,0.5146982100370759,0.3008192299827046,0.33646515659666093,0.3263914056452353
P12-024,1,nn_adaptive,routine_change,0,,1,161,-0.016264385126143786,0.04170670635912305,0.9735981895901433,0.5144793916899408,0.2950602296066607,0.3078668882756786,0.3467711034917683
P12-024,2,nn_adaptive,routine_change,0,,1,161,-0.01016558713820143,0.04911771517422468,0.9442667614309405,0.5184669826309277,0.28058142426544636,0.30570414785081484,0.34155637044393616
P12-024,0,nn_adaptive,model_mismatch,0,,1,161,-0.016316957397429513,0.03498142993322245,1.0089263575502108,0.5137000968790071,0.2863256717186255,0.25292344201691214,0.28155866140174507
P12-024,1,nn_adaptive,model_mismatch,0,,1,161,0.001976699382545791,0.06303407777903153,0.9912236710130392,0.5135128703791842,0.33306582379447286,0.25586599263423226,0.28993852393241876
P12-024,2,nn_adaptive,model_mismatch,0,,1,161,0.000994499224215878,0.05150974018225827,0.9410549917394383,0.5112313086998912,0.2654833482579612,0.30904582475336106,0.35005780002207104
P12-025,0,flat,stable,0,,1,161,0.017183557179754012,0.08524681448471472,0.9994600431965444,0.5559895781856548,nan,nan,nan
P12-025,1,flat,stable,0,,1,161,-0.024910620946780575,0.018499475924534475,1.0523292119395529,0.5708543253453707,nan,nan,nan
P12-025,2,flat,stable,0,,1,161,-0.03556332008800759,0.025547909714777127,0.9908833794680466,0.5388894741629512,nan,nan,nan
P12-025,0,flat,routine_change,0,,1,161,0.02238688036902427,0.08524681448471472,1.01586873050156,0.5620020619460977,nan,nan,nan
P12-025,1,flat,routine_change,0,,1,161,-0.023333175597825627,0.018499475924534475,1.0639440489571625,0.5755444419227324,nan,nan,nan
P12-025,2,flat,routine_change,0,,1,161,-0.03307128855227776,0.025547909714777127,1.0264171380430858,0.5511655229596079,nan,nan,nan
P12-025,0,flat,model_mismatch,1,37,0,,0.05845830064263366,0.07956923577441735,1.0320757347256897,0.8004596564933214,nan,nan,nan
P12-025,1,flat,model_mismatch,0,,1,161,-0.005135152162505351,0.04407247443175398,1.0319228375855631,0.5630572031594253,nan,nan,nan
P12-025,2,flat,model_mismatch,0,,1,161,-0.035074271257148876,0.022331581957610164,0.9981341037679066,0.5425804249309019,nan,nan,nan
P12-025,0,codex_rules,stable,1,0,0,,0.4986023423446976,0.4986023423446976,1.0709143268538517,0.2173001369105372,nan,nan,nan
P12-025,1,codex_rules,stable,1,5,0,,0.30820960842915285,0.30820960842915285,1.2081928312726364,0.23087956944652394,nan,nan,nan
P12-025,2,codex_rules,stable,0,,1,161,-0.05186862062791181,0.31201914026373245,0.9752376940666746,0.1094756507121295,nan,nan,nan
P12-025,0,codex_rules,routine_change,1,0,0,,0.4986023423446976,0.4986023423446976,1.0709143268538517,0.2173001369105372,nan,nan,nan
P12-025,1,codex_rules,routine_change,1,5,0,,0.30820960842915285,0.30820960842915285,1.2081928312726364,0.23087956944652394,nan,nan,nan
P12-025,2,codex_rules,routine_change,0,,1,161,-0.05225833037051731,0.31201914026373245,0.9961186665061981,0.11035565320250816,nan,nan,nan
P12-025,0,codex_rules,model_mismatch,0,,1,161,-0.003039218865102115,0.3796515151486851,1.0011437515049362,0.11292596148550674,nan,nan,nan
P12-025,1,codex_rules,model_mismatch,0,,1,161,-0.021075063205508733,0.30505447974677197,1.0475420037336654,0.1163132464614883,nan,nan,nan
P12-025,2,codex_rules,model_mismatch,0,,1,161,-0.05371231107061556,0.31548226516497746,0.9932887925845674,0.11086875579226861,nan,nan,nan
P12-025,0,habit_only,stable,0,,1,161,0.009271000382344761,0.051552636975934964,0.9978101751859851,0.5290944517854623,nan,nan,nan
P12-025,1,habit_only,stable,1,9,0,,-0.011253684289186442,-0.01588164191080275,1.0482952416635445,0.9170989445372282,nan,nan,nan
P12-025,2,habit_only,stable,0,,1,161,-0.04014544356112136,0.013312520442621415,0.9868215188349981,0.5275052959871195,nan,nan,nan
P12-025,0,habit_only,routine_change,0,,1,161,0.009884523193621835,0.051552636975934964,1.01586873050156,0.5296816083027291,nan,nan,nan
P12-025,1,habit_only,routine_change,1,9,0,,-0.011253684289186442,-0.01588164191080275,1.0482952416635445,0.9170989445372282,nan,nan,nan
P12-025,2,habit_only,routine_change,1,123,0,,-0.023706227279311026,0.013312520442621415,0.9972018293416777,0.5284848207200156,nan,nan,nan
P12-025,0,habit_only,model_mismatch,0,,1,161,0.006829315290979612,0.04964126097901155,1.0038526366482061,0.5247110631711598,nan,nan,nan
P12-025,1,habit_only,model_mismatch,0,,1,161,-0.013352196522877951,0.02408470071944888,1.0316116988176727,0.5283467371220546,nan,nan,nan
P12-025,2,habit_only,model_mismatch,0,,1,161,-0.04175801560885232,0.012570311922800004,0.991001564945227,0.5247742347868689,nan,nan,nan
P12-025,0,nn_frozen,stable,0,,1,161,0.011774313860330201,0.05511944399133221,0.9978101751859851,0.5273278501822573,0.27657886766389905,0.22321588233843676,0.25277735062069395
P12-025,1,nn_frozen,stable,0,,1,161,-0.032732477322622675,0.0014689883021149763,1.0302859997502185,0.5287940585592303,0.243074700862265,0.23792522246475137,0.20296205906698866
P12-025,2,nn_frozen,stable,0,,1,161,-0.03928815644169394,0.015057389135691403,0.9877542423877722,0.5282525047699668,0.23151466345621552,0.22481693685878326,0.2665157304711248
P12-025,0,nn_frozen,routine_change,0,,1,161,0.011696474630094746,0.05511944399133221,1.015838732901368,0.5271656752000545,0.27657886766389905,0.2540512029974525,0.26230092774256775
P12-025,1,nn_frozen,routine_change,0,,1,161,-0.034229194210881136,-0.004443666617734864,1.0667228674909455,0.5301336923230686,0.243074700862265,0.2610438315477393,0.2177934123190847
P12-025,2,nn_frozen,routine_change,0,,1,161,-0.039137837354430396,0.015057389135691403,1.0020459742447947,0.5287524853248267,0.23151466345621552,0.2530762378450132,0.2417300699693873
P12-025,0,nn_frozen,model_mismatch,0,,1,161,0.007159297589717377,0.04757798730148936,1.0191728870695882,0.5291984652705669,0.28792312241376933,0.2371329873165205,0.23804693353319797
P12-025,1,nn_frozen,model_mismatch,0,,1,161,-0.012459160914116123,0.02430022710572973,1.0299315494710641,0.5274462595716894,0.2334491971829523,0.2607359647103532,0.19982512157819987
P12-025,2,nn_frozen,model_mismatch,0,,1,161,-0.03967458298480852,0.015810239144071526,0.9910617551462622,0.5266094092045746,0.24407708329867234,0.23356267668847158,0.25374460170039376
P12-025,0,nn_adaptive,stable,0,,1,161,0.012734057243355433,0.05874379083722885,0.9891708663306936,0.5258886788979856,0.23193441900591996,0.2537760532363932,0.2646314682684995
P12-025,1,nn_adaptive,stable,0,,1,161,-0.030776932084928592,0.003632327793625989,1.0302859997502185,0.5260268874521494,0.26496556524927234,0.2460896140421627,0.22421923881355035
P12-025,2,nn_adaptive,stable,1,57,0,,-0.01059253280989796,0.011938507949013263,0.9824100165586962,0.6333069106376515,0.20874059186071378,nan,nan
P12-025,0,nn_adaptive,routine_change,0,,1,161,0.011455260790798517,0.05874379083722885,1.015838732901368,0.525872154685591,0.23193441900591996,0.24997060115216083,0.2684453187678447
P12-025,1,nn_adaptive,routine_change,0,,1,161,-0.03200873387045498,0.003632327793625989,1.0627888097914326,0.5259445538821118,0.26496556524927234,0.24964375160051308,0.2150889175763388
P12-025,2,nn_adaptive,routine_change,0,,1,161,-0.040915048695917326,0.011938507949013263,0.9962991936454447,0.5275613377021262,0.20874059186071378,0.22823368008321424,0.2446849559030198
P12-025,0,nn_adaptive,model_mismatch,0,,1,161,0.005909714274821304,0.06196476776059976,1.0044546111244883,0.5249600814591923,0.2640649167210228,0.24473617146188917,0.2560955661152626
P12-025,1,nn_adaptive,model_mismatch,0,,1,161,-0.011143160033889203,0.027551738555522183,1.0256689483509647,0.5246884695394756,0.24598331667169346,0.2603012615929789,0.19936801804309615
P12-025,2,nn_adaptive,model_mismatch,0,,1,161,-0.04175234217395648,0.00788056089605458,0.9913025159504034,0.5269165792051836,0.23311727891377038,0.23538125943208302,0.2512251376887711
P12-026,0,flat,stable,0,,1,161,-0.12287224145425661,0.010328170233573877,1.0501893939393938,0.5758524776427243,nan,nan,nan
P12-026,1,flat,stable,0,,1,161,-0.09173459552628031,0.043440046183800714,1.007606787595085,0.5616936737867331,nan,nan,nan
P12-026,2,flat,stable,1,79,0,,0.0722413298021794,0.13612705403831868,0.857614006514658,0.47374046820466464,nan,nan,nan
P12-026,0,flat,routine_change,0,,1,161,-0.10823311845365777,0.010328170233573877,1.0991161616161615,0.5948188033081461,nan,nan,nan
P12-026,1,flat,routine_change,0,,1,161,-0.07779801407736173,0.043440046183800714,1.0114101813926273,0.5642013546827762,nan,nan,nan
P12-026,2,flat,routine_change,1,66,0,,0.09332602185063332,0.13612705403831868,0.8606641061792017,0.520260794655937,nan,nan,nan
P12-026,0,flat,model_mismatch,0,,1,161,-0.10067977713641935,0.004356745798517372,1.0390037593984962,0.5680235851042181,nan,nan,nan
P12-026,1,flat,model_mismatch,0,,1,161,-0.035533596735826595,0.1358910332881998,1.1579221681723422,0.6387902435913551,nan,nan,nan
P12-026,2,flat,model_mismatch,1,17,0,,0.11683619452966648,0.12404138934731826,0.8151465798045603,0.7386922909880566,nan,nan,nan
P12-026,0,codex_rules,stable,0,,1,161,-0.16671419425727468,0.10535812975644558,1.050820707070707,0.19135708009139005,nan,nan,nan
P12-026,1,codex_rules,stable,0,,1,161,-0.1322910676022585,0.10538222751564431,1.0058513750731422,0.18337195358759545,nan,nan,nan
P12-026,2,codex_rules,stable,1,10,0,,0.253612461822557,0.29078176614568557,0.9172342315664792,0.2949431220853699,nan,nan,nan
P12-026,0,codex_rules,routine_change,0,,1,161,-0.1591754499485166,0.10535812975644558,1.0235164141414141,0.18898634238409526,nan,nan,nan
P12-026,1,codex_rules,routine_change,0,,1,161,-0.1252549616018739,0.10538222751564431,0.998683440608543,0.1836041077205558,nan,nan,nan
P12-026,2,codex_rules,routine_change,1,10,0,,0.253612461822557,0.29078176614568557,0.9172342315664792,0.2949431220853699,nan,nan,nan
P12-026,0,codex_rules,model_mismatch,1,4,0,,0.193703369044227,0.193703369044227,0.8315789473684211,0.3021059887170179,nan,nan,nan
P12-026,1,codex_rules,model_mismatch,0,,1,161,-0.07516189344930094,0.1421314629088182,1.149583043780403,0.21159371942736183,nan,nan,nan
P12-026,2,codex_rules,model_mismatch,0,,1,161,-0.017889332577912496,0.3202442065052171,0.880971769815418,0.1613517219454721,nan,nan,nan
P12-026,0,habit_only,stable,0,,1,161,-0.1334875615906389,-0.024870579123612627,1.0498737373737372,0.49087216425407737,nan,nan,nan
P12-026,1,habit_only,stable,0,,1,161,-0.09964883008070163,0.04722661989818897,1.006290228203628,0.508975218688183,nan,nan,nan
P12-026,2,habit_only,stable,1,20,0,,0.10544791841538144,0.1202935500832107,0.8034744842562433,0.6907714987576904,nan,nan,nan
P12-026,0,habit_only,routine_change,0,,1,161,-0.12464803725597999,-0.024870579123612627,1.1008522727272727,0.5030972064120687,nan,nan,nan
P12-026,1,habit_only,routine_change,0,,1,161,-0.08982726163527613,0.04722661989818897,1.0109713282621415,0.5121846276019801,nan,nan,nan
P12-026,2,habit_only,routine_change,1,20,0,,0.10544791841538144,0.1202935500832107,0.8034744842562433,0.6907714987576904,nan,nan,nan
P12-026,0,habit_only,model_mismatch,0,,1,161,-0.11173029785386736,-0.011436465922454873,1.0399436090225564,0.4908116056123389,nan,nan,nan
P12-026,1,habit_only,model_mismatch,0,,1,161,-0.056994549631277876,0.07322774969219817,1.1544475330090342,0.5105884387303711,nan,nan,nan
P12-026,2,habit_only,model_mismatch,1,36,0,,0.07305464038496515,0.11550810656161019,0.8652170085394841,0.6384255815977508,nan,nan,nan
P12-026,0,nn_frozen,stable,0,,1,161,-0.133111739737651,-0.020810949857956524,1.0501893939393938,0.48593586387436893,0.39132311555273686,0.476566492324443,0.6549351057932936
P12-026,1,nn_frozen,stable,0,,1,161,-0.10022510210742375,0.05215344816137531,1.0020479812755998,0.4997182217163361,0.39040098526022543,0.3735014950616125,0.48040002386532027
P12-026,2,nn_frozen,stable,1,64,0,,0.07909634266694475,0.11608020277513617,0.8301428213480332,0.5178368123832544,0.40369989992800454,nan,nan
P12-026,0,nn_frozen,routine_change,0,,1,161,-0.12360473529054801,-0.020810949857956524,1.1002209595959596,0.4985626931451609,0.39132311555273686,0.7525982004318491,0.6984075334939409
P12-026,1,nn_frozen,routine_change,0,,1,161,-0.08891500020894103,0.05215344816137531,1.0111176126389703,0.5028984366512657,0.39040098526022543,0.6876178466050297,0.6435741515197917
P12-026,2,nn_frozen,routine_change,1,85,0,,0.07833544802973971,0.12176631424284291,0.8688925081433224,0.46488555909163476,0.40369989992800454,0.6448177550993099,0.6721919379877915
P12-026,0,nn_frozen,model_mismatch,0,,1,161,-0.11186662753891087,-0.01563632884338381,1.0393170426065164,0.48783990855518045,0.3775753886447389,0.4473253455675318,0.6701437192013483
P12-026,1,nn_frozen,model_mismatch,0,,1,161,-0.056261089440344976,0.07479143517640849,1.1544475330090342,0.5047825448772197,0.4371495203155125,0.4539797168738008,0.48742295668266733
P12-026,2,nn_frozen,model_mismatch,1,37,0,,0.09556408445210289,0.11335126520672704,0.8259471969826848,0.6239467934770512,0.39715420642020777,nan,nan
P12-026,0,nn_adaptive,stable,0,,1,161,-0.1295345483315415,-0.0260000845122326,1.0494002525252524,0.4875381728054128,0.38481005278109764,0.4148209316718111,0.5707539772143594
P12-026,1,nn_adaptive,stable,0,,1,161,-0.09662239175764964,0.05302680651371229,1.0258923346986542,0.4993694328549089,0.45582501551510246,0.3609695922026259,0.48436778438247863
P12-026,2,nn_adaptive,stable,0,,1,161,-0.007283730659732356,0.11167812671905841,0.8481270358306189,0.4634513652639084,0.3844430075771069,0.4464792720633949,0.38292752672312547
P12-026,0,nn_adaptive,routine_change,0,,1,161,-0.12098582367890734,-0.020544126163455682,1.0995896464646464,0.49074259321937574,0.38481005278109764,0.6125394993108387,0.5905897629587967
P12-026,1,nn_adaptive,routine_change,0,,1,161,-0.08804705796567085,0.05302680651371229,1.0102399063779988,0.4962842756265561,0.45582501551510246,0.6473024894328381,0.525091356955649
P12-026,2,nn_adaptive,routine_change,0,,1,161,0.00732450998785956,0.11792985276179603,0.868213897937025,0.4667272142927186,0.3844430075771069,0.5743485696608956,0.5023375180746288
P12-026,0,nn_adaptive,model_mismatch,0,,1,161,-0.10949883417834946,-0.016162048376997466,1.0391604010025064,0.4868400678373583,0.4055796927682495,0.4270059275929391,0.5040646652147394
P12-026,1,nn_adaptive,model_mismatch,0,,1,161,-0.049114737438980934,0.08616977052267982,1.157053509381515,0.495749998603735,0.39092666302662515,0.4470513885083985,0.36311756846654725
P12-026,2,nn_adaptive,model_mismatch,1,36,0,,0.06401429958212926,0.11224711153740176,0.8652170085394841,0.6533383637447228,0.3560299525894391,nan,nan
P12-027,0,flat,stable,0,,1,161,-0.1948763464749577,-0.0637690014702225,0.9027950310559005,0.4925391423660263,nan,nan,nan
P12-027,1,flat,stable,0,,1,161,-0.04480213662581522,0.15944257635609188,0.9458466453674123,0.5033779192127179,nan,nan,nan
P12-027,2,flat,stable,1,52,0,,0.03629446206025456,0.0863385194525897,1.0138488707128916,0.6997188662163746,nan,nan,nan
P12-027,0,flat,routine_change,1,201,0,161,-0.20279346755708533,-0.0637690014702225,0.877639751552795,0.48080972101894054,nan,nan,nan
P12-027,1,flat,routine_change,0,,1,161,-0.04562426828443525,0.15944257635609188,0.8856230031948883,0.4799330513216618,nan,nan,nan
P12-027,2,flat,routine_change,0,,1,161,-0.061243555674452034,0.0863385194525897,1.0190007037297677,0.5583474784653107,nan,nan,nan
P12-027,0,flat,model_mismatch,0,,1,161,-0.19146884609367998,-0.059750471487441635,0.9023291925465838,0.49304299510823063,nan,nan,nan
P12-027,1,flat,model_mismatch,1,59,0,,0.07713610250389262,0.19373722826307008,0.8949935815147626,0.5797490289927238,nan,nan,nan
P12-027,2,flat,model_mismatch,0,,1,161,-0.021431151354598808,0.0865380825995887,1.0653710247349824,0.5728386492141059,nan,nan,nan
P12-027,0,codex_rules,stable,1,13,0,,0.03617690217228752,0.09901922653202108,0.913975155279503,0.2981322953502464,nan,nan,nan
P12-027,1,codex_rules,stable,1,12,0,,0.20883363580489075,0.25742883662485655,0.834013271073974,0.27898800881509195,nan,nan,nan
P12-027,2,codex_rules,stable,0,,1,161,-0.10648192048927886,0.16468104089752308,1.037121745249824,0.1948457138390202,nan,nan,nan
P12-027,0,codex_rules,routine_change,1,13,0,,0.03617690217228752,0.09901922653202108,0.913975155279503,0.2981322953502464,nan,nan,nan
P12-027,1,codex_rules,routine_change,1,12,0,,0.20883363580489075,0.25742883662485655,0.834013271073974,0.27898800881509195,nan,nan,nan
P12-027,2,codex_rules,routine_change,0,,1,161,-0.107185240851398,0.16468104089752308,1.016713581984518,0.19220952143055595,nan,nan,nan
P12-027,0,codex_rules,model_mismatch,0,,1,161,-0.23170876360618395,0.10594622817260037,0.9004658385093168,0.1706516427314892,nan,nan,nan
P12-027,1,codex_rules,model_mismatch,0,,1,161,-0.056559343833882315,0.2934176038580452,0.8956996148908857,0.1685961033616289,nan,nan,nan
P12-027,2,codex_rules,model_mismatch,0,,1,161,-0.05863847353184584,0.2158030992978973,1.0413427561837456,0.1944510425940645,nan,nan,nan
P12-027,0,habit_only,stable,0,,1,161,-0.19839980252892797,-0.07620634106007282,0.9015527950310559,0.46442845024658097,nan,nan,nan
P12-027,1,habit_only,stable,0,,1,161,-0.05778626477651295,0.12384985125368406,0.9273162939297126,0.4513531145768921,nan,nan,nan
P12-027,2,habit_only,stable,0,,1,161,-0.0754170881330441,0.05334926045528752,1.016185784658691,0.4793477681530212,nan,nan,nan
P12-027,0,habit_only,routine_change,0,,1,161,-0.21155610242326928,-0.07543194791224173,0.8774844720496893,0.43504816477514413,nan,nan,nan
P12-027,1,habit_only,routine_change,0,,1,161,-0.0596622532708693,0.12384985125368406,0.8798722044728435,0.4306108143869687,nan,nan,nan
P12-027,2,habit_only,routine_change,0,,1,161,-0.07395620183242109,0.05334926045528752,1.016185784658691,0.4671638356468484,nan,nan,nan
P12-027,0,habit_only,model_mismatch,0,,1,161,-0.19820562477831472,-0.08783525143414049,0.9031055900621118,0.4656993906526899,nan,nan,nan
P12-027,1,habit_only,model_mismatch,0,,1,161,-0.031012306046937346,0.12590383924666076,0.925385109114249,0.4562668310346499,nan,nan,nan
P12-027,2,habit_only,model_mismatch,1,10,0,,0.07798078889047859,0.052713806266047415,1.0145840025698682,0.824457608676704,nan,nan,nan
P12-027,0,nn_frozen,stable,0,,1,161,-0.1991188544354152,-0.07364375282053211,0.9015527950310559,0.45630199868748245,0.4356750495611465,0.5454873439834611,0.5006744213993098
P12-027,1,nn_frozen,stable,1,41,0,,0.053763798270711816,0.11848241767041105,0.8833865814696485,0.5917764254765384,0.5081056843778485,nan,nan
P12-027,2,nn_frozen,stable,0,,1,161,-0.07562190682167337,0.0538947516029904,1.016185784658691,0.46701662395501514,0.4288502637758075,0.5600892545910868,0.44007278523878174
P12-027,0,nn_frozen,routine_change,0,,1,161,-0.21345049921201745,-0.07364375282053211,0.8774844720496893,0.42958382836127235,0.4356750495611465,0.7521097073173015,0.6676379956802887
P12-027,1,nn_frozen,routine_change,1,41,0,,0.053763798270711816,0.11848241767041105,0.8833865814696485,0.5917764254765384,0.5081056843778485,nan,nan
P12-027,2,nn_frozen,routine_change,0,,1,161,-0.07596141487155994,0.0538947516029904,1.016185784658691,0.4564888532388672,0.4288502637758075,0.6847603422057398,0.5753758400770437
P12-027,0,nn_frozen,model_mismatch,0,,1,161,-0.19801304136963022,-0.09358790503950273,0.9015527950310559,0.4563032130325242,0.4356497349970029,0.5454866411501434,0.5164093005404679
P12-027,1,nn_frozen,model_mismatch,0,,1,161,-0.028942095774214548,0.11552752606518109,0.925385109114249,0.45072588097284866,0.45282371533215615,0.5148876140529692,0.4002908344809944
P12-027,2,nn_frozen,model_mismatch,1,10,0,,0.0755614495828002,0.052661941865503215,1.0145840025698682,0.818777151105446,nan,nan,nan
P12-027,0,nn_adaptive,stable,1,13,0,,-0.07712064922785498,-0.06512649226162393,0.913975155279503,0.7285385107462005,nan,nan,nan
P12-027,1,nn_adaptive,stable,0,,1,161,-0.057772854260205064,0.12605674395497676,0.9345047923322684,0.457134960291035,0.5438553812758632,0.48538238603042844,0.4763655096913549
P12-027,2,nn_adaptive,stable,0,,1,161,-0.07624962233675528,0.05050096698390803,1.016185784658691,0.4740901568413306,0.4526338090979122,0.5345411107699756,0.4199707770662102
P12-027,0,nn_adaptive,routine_change,1,13,0,,-0.07712064922785498,-0.06512649226162393,0.913975155279503,0.7285385107462005,nan,nan,nan
P12-027,1,nn_adaptive,routine_change,0,,1,161,-0.05442834456665262,0.12605674395497676,0.8854632587859426,0.4471716002227612,0.5438553812758632,0.5733299154969967,0.5016934717161003
P12-027,2,nn_adaptive,routine_change,0,,1,161,-0.07408916696636748,0.05050096698390803,1.016185784658691,0.47218886920096115,0.4526338090979122,0.5578321985768034,0.4672788481569044
P12-027,0,nn_adaptive,model_mismatch,0,,1,161,-0.19736085561482108,-0.08467631343609804,0.9015527950310559,0.46285263345384003,0.4916460430859248,0.5297636882344131,0.4609568556220069
P12-027,1,nn_adaptive,model_mismatch,0,,1,161,-0.028672200952677536,0.1239238763462305,0.925385109114249,0.45999548225770936,0.4879366662128176,0.4910446361716507,0.3678327306949423
P12-027,2,nn_adaptive,model_mismatch,1,10,0,,0.07615073744823052,0.0535851313249731,1.0145840025698682,0.8263073596832203,nan,nan,nan
P12-028,0,flat,stable,0,,1,161,-0.21182899565296093,-0.027503948693470365,1.0696650303205313,0.5834817623172877,nan,nan,nan
P12-028,1,flat,stable,0,,1,161,-0.19547459853170554,-0.0012372401120154966,0.9783076144700227,0.5325499470955981,nan,nan,nan
P12-028,2,flat,stable,0,,1,161,-0.20677567538865688,0.013179292980775451,1.049355358581789,0.575552798583465,nan,nan,nan
P12-028,0,flat,routine_change,0,,1,161,-0.2817440599503326,-0.027503948693470365,1.1195495235345077,0.6024402473923072,nan,nan,nan
P12-028,1,flat,routine_change,0,,1,161,-0.26312078669872374,-0.0012372401120154966,1.035226410321275,0.5505388061194889,nan,nan,nan
P12-028,2,flat,routine_change,1,115,0,,-0.19554381351505962,0.013179292980775451,1.107843137254902,0.5964276066669496,nan,nan,nan
P12-028,0,flat,model_mismatch,0,,1,161,-0.1743730105240707,0.004047379220731058,1.0722127174222982,0.5830262618041059,nan,nan,nan
P12-028,1,flat,model_mismatch,0,,1,161,-0.157204559907013,0.00663048095190903,0.9658892491893241,0.5230308918130142,nan,nan,nan
P12-028,2,flat,model_mismatch,0,,1,161,-0.1940017374763997,0.021624544907440667,1.0464773640503617,0.5730780992493877,nan,nan,nan
P12-028,0,codex_rules,stable,0,,1,161,-0.3155804987020949,-0.01133651446978711,1.0495957262489173,0.1335846951534246,nan,nan,nan
P12-028,1,codex_rules,stable,0,,1,161,-0.2983414036842289,0.04763238666415774,0.9628762964836832,0.11929206047214684,nan,nan,nan
P12-028,2,codex_rules,stable,1,100,0,,-0.2391672192305289,0.006342300053203159,1.0445205479452055,0.12947307483111092,nan,nan,nan
P12-028,0,codex_rules,routine_change,0,,1,161,-0.3406373078896387,-0.01133651446978711,1.1088651458273173,0.1421829886588678,nan,nan,nan
P12-028,1,codex_rules,routine_change,0,,1,161,-0.3250077261187276,0.04763238666415774,0.9860232734631925,0.1260187344115146,nan,nan,nan
P12-028,2,codex_rules,routine_change,0,,1,161,-0.3400757050853196,0.006342300053203159,1.1070373354821381,0.13840287353450048,nan,nan,nan
P12-028,0,codex_rules,model_mismatch,0,,1,161,-0.268430778836207,0.04845919723564685,1.0325064157399486,0.13224254077404554,nan,nan,nan
P12-028,1,codex_rules,model_mismatch,1,0,0,,0.17686017779145252,0.17686017779145252,0.9847842354701921,0.215434250932473,nan,nan,nan
P12-028,2,codex_rules,model_mismatch,0,,1,161,-0.29611843719632036,0.03290002225753676,1.0420573265470132,0.1287727543143836,nan,nan,nan
P12-028,0,habit_only,stable,0,,1,161,-0.22460102137159846,-0.027448417147458,1.0733468091250362,0.5022492690293947,nan,nan,nan
P12-028,1,habit_only,stable,0,,1,161,-0.204481574402998,0.005128586937508621,0.9716670882873766,0.4912728517887996,nan,nan,nan
P12-028,2,habit_only,stable,0,,1,161,-0.21676171863454752,-0.00450117252403021,1.0469379532634973,0.5001687977768632,nan,nan,nan
P12-028,0,habit_only,routine_change,0,,1,161,-0.3046876124474549,-0.027448417147458,1.1092261045336413,0.46379918032485595,nan,nan,nan
P12-028,1,habit_only,routine_change,0,,1,161,-0.2847744438637939,0.005128586937508621,1.0108778143182393,0.45178298006513434,nan,nan,nan
P12-028,2,habit_only,routine_change,0,,1,161,-0.29875732514172737,-0.00450117252403021,1.0760139672307278,0.46337065137975203,nan,nan,nan
P12-028,0,habit_only,model_mismatch,0,,1,161,-0.18619138671785015,-0.005775086034126333,1.0412033076703735,0.5021600133968338,nan,nan,nan
P12-028,1,habit_only,model_mismatch,0,,1,161,-0.1641031630101358,0.019215164333456276,0.9615240708406086,0.4879299980825972,nan,nan,nan
P12-028,2,habit_only,model_mismatch,0,,1,161,-0.20094188601027155,0.006530111628445083,1.0453388695419235,0.5032159716172047,nan,nan,nan
P12-028,0,nn_frozen,stable,0,,1,161,-0.22730462240550034,-0.03251415834681462,1.0571036673404564,0.49966517679444944,0.3695377251329831,0.38039737637585763,0.4140194313420379
P12-028,1,nn_frozen,stable,1,174,0,161,-0.16989585090736523,0.00014940370059240586,0.9735643814824184,0.481076971028872,0.4021279427372922,0.36283156808716555,0.3492498435253433
P12-028,2,nn_frozen,stable,0,,1,161,-0.21730280499347104,-0.00875935817857896,1.0469379532634973,0.49979770434762866,0.3397275506765706,0.3871652547863092,0.3913394601280626
P12-028,0,nn_frozen,routine_change,0,,1,161,-0.3054840117612787,-0.03251415834681462,1.1090817210511117,0.4501298211571091,0.3695377251329831,1.0155930879684647,0.8471809379241266
P12-028,1,nn_frozen,routine_change,0,,1,161,-0.2863089566253204,0.00014940370059240586,0.9925373134328359,0.425829180426442,0.4021279427372922,1.083560236816125,0.9710730101106322
P12-028,2,nn_frozen,routine_change,0,,1,161,-0.29978253311477454,-0.00875935817857896,1.0736637120601666,0.4458464783476105,0.3397275506765706,1.0112918159655646,0.9008879840080365
P12-028,0,nn_frozen,model_mismatch,0,,1,161,-0.18783090384605575,-0.009653090894820776,1.0654405474764757,0.5016758490671316,0.3780988509362743,0.41155004315971316,0.4349294702942133
P12-028,1,nn_frozen,model_mismatch,0,,1,161,-0.16623822066447586,0.01718262813932604,0.9611499126964331,0.4812604491175945,0.3640373160695714,0.3572109981052664,0.38628365336032916
P12-028,2,nn_frozen,model_mismatch,0,,1,161,-0.20226451196866496,0.002496054985473843,1.0456067506027324,0.5053000214004207,0.3563711935327733,0.3782843628315647,0.3978112272285815
P12-028,0,nn_adaptive,stable,0,,1,161,-0.22721349463928994,-0.03862950761671786,1.0753681778804505,0.4984401486646213,0.4151174064355469,0.3816290950324835,0.40069908249991587
P12-028,1,nn_adaptive,stable,0,,1,161,-0.2049974158647764,0.005849575048966584,0.9707184416898558,0.4971744103088416,0.4449269318855757,0.33716311434555585,0.32861265205818874
P12-028,2,nn_adaptive,stable,0,,1,161,-0.21590583715836997,-0.006518105147174241,1.0448562986838572,0.4998976722459742,0.41583596085489144,0.42205097546549675,0.37982360771834883
P12-028,0,nn_adaptive,routine_change,0,,1,161,-0.3027136456607212,-0.03862950761671786,1.1089373375685823,0.4751644480721495,0.4151174064355469,0.6137344131504948,0.6297576658600212
P12-028,1,nn_adaptive,routine_change,0,,1,161,-0.28258802888030526,0.005849575048966584,1.000316215532507,0.4665278487987558,0.4449269318855757,0.674106673441667,0.7978478558159453
P12-028,2,nn_adaptive,routine_change,0,,1,161,-0.2939474849393028,-0.006518105147174241,1.073327961321515,0.4699952034391748,0.41583596085489144,0.6496367108331217,0.6858393548857814
P12-028,0,nn_adaptive,model_mismatch,0,,1,161,-0.18841834472709815,-0.008525244649696062,1.0635158254918735,0.49829363951450767,0.44667620308622036,0.41913941474387245,0.39954470843747514
P12-028,1,nn_adaptive,model_mismatch,0,,1,161,-0.16425316923588282,0.019664017264403734,0.9632077824893989,0.4996782292479059,0.38836889521301365,0.38009865506117013,0.3946316813781467
P12-028,2,nn_adaptive,model_mismatch,0,,1,161,-0.20251903211443542,-0.005520681535055999,1.0451379587463165,0.50649161808711,0.427653602689949,0.39126837848343854,0.36827349911010127
P12-029,0,flat,stable,0,,1,161,0.012737446666335694,0.1099633803087853,0.954858454475899,0.5169312440689305,nan,nan,nan
P12-029,1,flat,stable,0,,1,161,0.018507158497098955,0.09349478344038073,1.0416534054742204,0.570529571595745,nan,nan,nan
P12-029,2,flat,stable,0,,1,161,-0.024857936821549846,0.06781010721384205,1.04145056726094,0.5630547849524273,nan,nan,nan
P12-029,0,flat,routine_change,0,,1,161,0.017047702257060714,0.1099633803087853,0.9367253251721499,0.50973953667649,nan,nan,nan
P12-029,1,flat,routine_change,0,,1,161,0.01886630257347369,0.09503820994644732,1.001153723742839,0.5556441453128066,nan,nan,nan
P12-029,2,flat,routine_change,0,,1,161,-0.024279119545702336,0.06781010721384205,1.0077795786061587,0.5514600998139694,nan,nan,nan
P12-029,0,flat,model_mismatch,1,44,0,,0.09051737906121918,0.1261885849653842,0.9133302606647207,0.6650012826070186,nan,nan,nan
P12-029,1,flat,model_mismatch,0,,1,161,0.027179984561993026,0.12404046187339964,1.0389558870199938,0.5711354139510736,nan,nan,nan
P12-029,2,flat,model_mismatch,0,,1,161,0.007456146774974558,0.09781621456251395,1.0486552567237162,0.5674818374309443,nan,nan,nan
P12-029,0,codex_rules,stable,0,,1,161,-0.019866674311041374,0.42650908097896295,0.9469395562356542,0.11504095759104943,nan,nan,nan
P12-029,1,codex_rules,stable,1,2,0,,0.4379495824319856,0.4379495824319856,0.9245703373647359,0.2159769907181541,nan,nan,nan
P12-029,2,codex_rules,stable,1,19,0,,0.23586476088190786,0.345860462070593,1.0634440842787682,0.20857803539340083,nan,nan,nan
P12-029,0,codex_rules,routine_change,0,,1,161,-0.019588424976345206,0.42650908097896295,0.9161820964039784,0.11208725964899194,nan,nan,nan
P12-029,1,codex_rules,routine_change,1,2,0,,0.4379495824319856,0.4379495824319856,0.9245703373647359,0.2159769907181541,nan,nan,nan
P12-029,2,codex_rules,routine_change,1,19,0,,0.23586476088190786,0.345860462070593,1.0634440842787682,0.20857803539340083,nan,nan,nan
P12-029,0,codex_rules,model_mismatch,0,,1,161,-0.00890429459656958,0.43222340555588395,0.9571362728529729,0.11642412538164564,nan,nan,nan
P12-029,1,codex_rules,model_mismatch,1,2,0,,0.43956280004163,0.43956280004163,0.8974928594097112,0.21147848599858837,nan,nan,nan
P12-029,2,codex_rules,model_mismatch,0,,1,161,-0.03217587064427887,0.38471379651013643,1.0346373268133657,0.12591131492590085,nan,nan,nan
P12-029,0,habit_only,stable,0,,1,161,0.002069348229278062,0.077828438058919,0.9547054322876816,0.4977720261013362,nan,nan,nan
P12-029,1,habit_only,stable,0,,1,161,0.0070731161835187835,0.07707619124357208,1.0128103119032463,0.5113925450940796,nan,nan,nan
P12-029,2,habit_only,stable,0,,1,161,-0.04274566568353529,0.030820573202047903,1.040194489465154,0.5128445298146228,nan,nan,nan
P12-029,0,habit_only,routine_change,0,,1,161,0.00530852984758597,0.0914061614766181,0.905087987758225,0.4798456931789949,nan,nan,nan
P12-029,1,habit_only,routine_change,0,,1,161,0.004137973931558612,0.07707619124357208,0.9951861871419477,0.4946669975804116,nan,nan,nan
P12-029,2,habit_only,routine_change,0,,1,161,-0.04280058443837379,0.030820573202047903,0.9901134521880066,0.49730328450959294,nan,nan,nan
P12-029,0,habit_only,model_mismatch,0,,1,161,0.018096668817895123,0.11611358119177063,0.9560224304808725,0.4990283879160889,nan,nan,nan
P12-029,1,habit_only,model_mismatch,0,,1,161,0.014779811055571225,0.07855864540755154,1.0401856553475088,0.5151741534778085,nan,nan,nan
P12-029,2,habit_only,model_mismatch,0,,1,161,-0.010001230040108213,0.05306903037672241,1.0373675631621841,0.5102545555204895,nan,nan,nan
P12-029,0,nn_frozen,stable,0,,1,161,0.007721261503385304,0.08771883835021263,0.9486228003060444,0.5097710046400005,0.3208592411866828,0.28985485476029715,0.301775523199798
P12-029,1,nn_frozen,stable,0,,1,161,0.00992124937277906,0.07955360040770353,1.0436823679185232,0.525168557005479,0.33924290336957885,0.36262794662273584,0.2891904126684467
P12-029,2,nn_frozen,stable,0,,1,161,-0.038733831521714925,0.03778307318794596,1.0409643435980551,0.5166346485580133,0.28887908990992545,0.32050907829076064,0.3085262608928436
P12-029,0,nn_frozen,routine_change,0,,1,161,0.009317159768215922,0.09608715128513648,0.9048967100229532,0.48895044395300824,0.3208592411866828,0.457547331778183,0.4258942087590917
P12-029,1,nn_frozen,routine_change,0,,1,161,0.00774291586340585,0.07955360040770353,0.9954248886059833,0.5069843118317043,0.33924290336957885,0.4081317993146279,0.4006973277254279
P12-029,2,nn_frozen,routine_change,0,,1,161,-0.04136394442937294,0.038170605070452765,1.005996758508914,0.5014655689481913,0.28887908990992545,0.3817386418301768,0.404546017400559
P12-029,0,nn_frozen,model_mismatch,0,,1,161,0.021407101569597,0.1073135284203038,0.9589414656629283,0.5119437264822864,0.33173559902124017,0.31665944731895707,0.332845972786261
P12-029,1,nn_frozen,model_mismatch,0,,1,161,0.018491212507140687,0.08238790025561885,1.0412170739447795,0.524964923819361,0.3927972688764,0.34554556519631846,0.31595634105154663
P12-029,2,nn_frozen,model_mismatch,0,,1,161,-0.0028076969626950384,0.06284351376896909,1.0193154034229828,0.520748683828337,0.28115290066313425,0.2871314148438931,0.33647874274643785
P12-029,0,nn_adaptive,stable,0,,1,161,0.007217309451396976,0.0926504263645933,0.9539403213465951,0.5093338516960759,0.3468753711414254,0.28762179063613147,0.3023070847212793
P12-029,1,nn_adaptive,stable,1,141,0,,0.03956740262604285,0.08568360193690265,1.0444382558879695,0.5154740306639632,0.3603241273974431,0.3125556277217169,0.29671735896405016
P12-029,2,nn_adaptive,stable,0,,1,161,-0.03756543964224273,0.04791759311503382,1.0404781199351703,0.5162579367210991,0.33832910232115304,0.3117243212239238,0.3465065843257295
P12-029,0,nn_adaptive,routine_change,0,,1,161,0.01068534652863585,0.0926504263645933,0.9054705432287681,0.4992525838501323,0.3468753711414254,0.3736733448672932,0.29034532601352786
P12-029,1,nn_adaptive,routine_change,0,,1,161,0.012361150215902866,0.08568360193690265,0.997971037555697,0.5069774891618442,0.3603241273974431,0.3633445252810565,0.2882344303519227
P12-029,2,nn_adaptive,routine_change,0,,1,161,-0.03641886329044164,0.05181886408633852,0.979132901134522,0.5058876423336435,0.33832910232115304,0.40807121534713087,0.2895042800889103
P12-029,0,nn_adaptive,model_mismatch,0,,1,161,0.022359134089195067,0.10841321191791904,0.9591335074512213,0.5119090665072421,0.34060022156143444,0.2962509184841938,0.30536536313904444
P12-029,1,nn_adaptive,model_mismatch,0,,1,161,0.021643209838204933,0.09142651488077339,1.0480006347191368,0.5136003756686996,0.36957284424217923,0.32541289560504844,0.30647513416967703
P12-029,2,nn_adaptive,model_mismatch,0,,1,161,-0.0016919313203030391,0.07142819109540825,1.012876935615322,0.5165752587305596,0.3495034105484436,0.30803382951740754,0.32572546680727843
P12-030,0,flat,stable,0,,1,161,-0.20172388042162198,0.01004330511981888,1.0586474110602324,0.5795618785451606,nan,nan,nan
P12-030,1,flat,stable,0,,1,161,-0.2016051181153853,-0.012998466210323106,0.9964710884353741,0.540309717967901,nan,nan,nan
P12-030,2,flat,stable,0,,1,161,-0.19330854248718304,0.0012776040847214637,0.9959466098919095,0.5485934597461063,nan,nan,nan
P12-030,0,flat,routine_change,0,,1,161,-0.27722221506898187,0.01004330511981888,1.134334272631208,0.6052199305141095,nan,nan,nan
P12-030,1,flat,routine_change,0,,1,161,-0.276646803210068,-0.012998466210323106,1.0668367346938776,0.5650336608091975,nan,nan,nan
P12-030,2,flat,routine_change,0,,1,161,-0.2699026801905238,0.0012776040847214637,1.0709547985587948,0.5735672709576665,nan,nan,nan
P12-030,0,flat,model_mismatch,0,,1,161,-0.18200990990912153,0.008927448294434053,1.0652422907488985,0.5827313165313746,nan,nan,nan
P12-030,1,flat,model_mismatch,0,,1,161,-0.18160740070235817,-0.002031732754407985,1.0008014172431248,0.5391785309742264,nan,nan,nan
P12-030,2,flat,model_mismatch,0,,1,161,-0.16835513318297496,-0.00045733854133922107,0.996398755933868,0.5500190497833954,nan,nan,nan
P12-030,0,codex_rules,stable,0,,1,161,-0.31630588175807245,0.04168311034601113,1.056049665375132,0.11073594304332263,nan,nan,nan
P12-030,1,codex_rules,stable,0,,1,161,-0.31427057553818716,0.04120129408138679,1.0142431972789117,0.10775486338689375,nan,nan,nan
P12-030,2,codex_rules,stable,0,,1,161,-0.3025802150014948,0.057646748722631584,0.993162463150999,0.10386377509222972,nan,nan,nan
P12-030,0,codex_rules,routine_change,0,,1,161,-0.3392811240518157,0.04168311034601113,1.108224727016555,0.11832107689402263,nan,nan,nan
P12-030,1,codex_rules,routine_change,0,,1,161,-0.3372579942621568,0.04120129408138679,1.0656037414965986,0.11484698494017138,nan,nan,nan
P12-030,2,codex_rules,routine_change,0,,1,161,-0.32665848528621844,0.057646748722631584,1.0142482803799542,0.10945127925253308,nan,nan,nan
P12-030,0,codex_rules,model_mismatch,0,,1,161,-0.2894323996669412,0.062508250283996,1.0566519823788545,0.11107167185064926,nan,nan,nan
P12-030,1,codex_rules,model_mismatch,1,141,0,,-0.25190151866132776,0.07448488918298433,1.0035852876666105,0.10631536580770619,nan,nan,nan
P12-030,2,codex_rules,model_mismatch,0,,1,161,-0.2660260271183671,0.0972511046218589,0.9926338189556392,0.1038697173610033,nan,nan,nan
P12-030,0,habit_only,stable,0,,1,161,-0.2132364300290648,0.0014237391520694476,1.0581630855935187,0.5133600514401401,nan,nan,nan
P12-030,1,habit_only,stable,0,,1,161,-0.20761990158836793,-0.01399287789299863,1.0071003401360545,0.5111135446978277,nan,nan,nan
P12-030,2,habit_only,stable,0,,1,161,-0.19580206208957604,0.002988501329918728,0.9964379299050115,0.5185929397074583,nan,nan,nan
P12-030,0,habit_only,routine_change,1,158,0,,-0.2674541461220125,0.0014237391520694476,1.1173388517083478,0.47697473710569893,nan,nan,nan
P12-030,1,habit_only,routine_change,0,,1,161,-0.294358574894173,-0.01399287789299863,1.0657312925170068,0.469287622674212,nan,nan,nan
P12-030,2,habit_only,routine_change,0,,1,161,-0.2859854282631456,0.002988501329918728,1.0445872911889944,0.4764119316704613,nan,nan,nan
P12-030,0,habit_only,model_mismatch,0,,1,161,-0.1919391570249711,0.007730985129931538,1.059251101321586,0.5124660065178166,nan,nan,nan
P12-030,1,habit_only,model_mismatch,0,,1,161,-0.18642276254913015,0.0032655769871153184,1.0021933524548674,0.5114946901602855,nan,nan,nan
P12-030,2,habit_only,model_mismatch,0,,1,161,-0.17202126251944425,0.003943487662762103,0.9957030610574562,0.5151061313091945,nan,nan,nan
P12-030,0,nn_frozen,stable,0,,1,161,-0.21225489698764935,0.0035881112773345097,1.0589556181754136,0.51833168040158,0.3171916705288231,0.31672677936318067,0.33185891637991854
P12-030,1,nn_frozen,stable,0,,1,161,-0.20997136671370356,-0.019835571179079168,0.9950255102040816,0.5014937940680863,0.42029189007776147,0.3174611673271511,0.3303582672583632
P12-030,2,nn_frozen,stable,0,,1,161,-0.19660955405349795,-0.001770650321032499,0.9964788732394366,0.5169730084078662,0.30556333040648587,0.35283273522610414,0.28187555581656326
P12-030,0,nn_frozen,routine_change,0,,1,161,-0.29733995197806107,0.0035881112773345097,1.1125396266290946,0.46272519739444373,0.3171916705288231,0.9773031540954384,0.9206165925662396
P12-030,1,nn_frozen,routine_change,0,,1,161,-0.296584049632461,-0.019835571179079168,1.0656462585034014,0.44536063879939264,0.42029189007776147,1.0028820012072843,0.9717835007069281
P12-030,2,nn_frozen,routine_change,0,,1,161,-0.2886276964776597,-0.001770650321032499,1.0445463478545693,0.4561249076696532,0.30556333040648587,1.0483524211729396,0.9515435816928285
P12-030,0,nn_frozen,model_mismatch,0,,1,161,-0.1918100228545224,0.011011140840004355,1.059251101321586,0.5185055687042587,0.3230403337978026,0.3227956981487178,0.31940472024701805
P12-030,1,nn_frozen,model_mismatch,0,,1,161,-0.1878878408432438,-0.0029570842703689126,0.9846887126708285,0.5022993795483376,0.4181616526725824,0.28636522607974635,0.32992370111278113
P12-030,2,nn_frozen,model_mismatch,0,,1,161,-0.17180500483627145,0.0023459816648091214,0.995866753969553,0.5233393015329385,0.24111822053963827,0.2960656184412479,0.2687445731505384
P12-030,0,nn_adaptive,stable,0,,1,161,-0.21287349432254876,0.0026161089140570026,1.0576787601268052,0.510335545606447,0.3755471201171655,0.3286246841786274,0.296168023430949
P12-030,1,nn_adaptive,stable,1,186,0,161,-0.1864599242495152,-0.01608046347664253,1.0040816326530613,0.5125289146493619,0.30964245755185116,0.31304348948306854,0.3283198302098045
P12-030,2,nn_adaptive,stable,0,,1,161,-0.19659731204974248,-0.003227756869126099,0.9961513265640355,0.513455730883095,0.30872832513707776,0.32840319135204504,0.28448497369330056
P12-030,0,nn_adaptive,routine_change,0,,1,161,-0.29414964646724595,0.0026161089140570026,1.1124515674533284,0.4790018198838216,0.3755471201171655,0.6748191471319417,0.7875295549033028
P12-030,1,nn_adaptive,routine_change,0,,1,161,-0.2921111423062172,-0.01608046347664253,1.0662840136054421,0.4824786988167392,0.30964245755185116,0.6383752745508844,0.7962379044283897
P12-030,2,nn_adaptive,routine_change,0,,1,161,-0.2846897814291802,-0.003227756869126099,1.0382001310186701,0.4771338822365283,0.30872832513707776,0.7375642278604585,0.821953955708798
P12-030,0,nn_adaptive,model_mismatch,0,,1,161,-0.19164734328904082,0.009653082501380703,1.0597797356828194,0.5099649782232638,0.39134360885897834,0.3085962270697214,0.3301373179185682
P12-030,1,nn_adaptive,model_mismatch,0,,1,161,-0.18732272064061217,0.002556706198915269,1.00097013666273,0.5113605326714177,0.29480292695719096,0.33185136453592895,0.3070958910523355
P12-030,2,nn_adaptive,model_mismatch,0,,1,161,-0.17275233727858497,0.0023210047255704446,0.9957849075135047,0.5179217407295799,0.286270192525655,0.31450556938281987,0.30300263349558537
P12-031,0,flat,stable,0,,1,161,-0.0185439346817349,0.041696297408358195,1.0734193011647255,0.581648558415751,nan,nan,nan
P12-031,1,flat,stable,0,,1,161,-0.053716691960389355,0.007875639910936132,1.0502079002079001,0.5674405418548805,nan,nan,nan
P12-031,2,flat,stable,0,,1,161,-0.03561847216657556,0.0128187488988184,1.1830197132616487,0.6389094476747312,nan,nan,nan
P12-031,0,flat,routine_change,1,51,0,,0.0705975895255228,0.2660756439520636,1.0591722129783694,0.7249140627024429,nan,nan,nan
P12-031,1,flat,routine_change,1,48,0,,0.016736693676297626,0.21429564728457962,1.0387288387288387,0.7289768524519896,nan,nan,nan
P12-031,2,flat,routine_change,1,68,0,,0.07737795919736692,0.22007875073419264,1.1944834034595604,0.7157018371894879,nan,nan,nan
P12-031,0,flat,model_mismatch,1,67,0,,0.032433719072461294,0.05731497497118159,1.1109140233722872,0.6813662520402854,nan,nan,nan
P12-031,1,flat,model_mismatch,0,,1,161,-0.02570826228489359,0.030844002429278122,1.008828250401284,0.5510340548428941,nan,nan,nan
P12-031,2,flat,model_mismatch,0,,1,161,0.010040638084529555,0.0627015354216675,1.1561101163831693,0.6263781853462216,nan,nan,nan
P12-031,0,codex_rules,stable,0,,1,161,-0.04906241138296458,0.1399700731894267,1.107737104825291,0.18161865451330017,nan,nan,nan
P12-031,1,codex_rules,stable,0,,1,161,-0.08134118673399286,0.07451882976516615,1.090956340956341,0.17984256080831626,nan,nan,nan
P12-031,2,codex_rules,stable,1,2,0,,0.10213134132667823,0.10213134132667823,1.4551971326164872,0.40209900126042813,nan,nan,nan
P12-031,0,codex_rules,routine_change,1,54,0,,0.0523106573807918,0.1399700731894267,1.114959915292694,0.2225656064704379,nan,nan,nan
P12-031,1,codex_rules,routine_change,1,143,0,,-0.013035144352596013,0.07451882976516615,1.0802494802494802,0.17353540659200942,nan,nan,nan
P12-031,2,codex_rules,routine_change,1,2,0,,0.10213134132667823,0.10213134132667823,1.4551971326164872,0.40209900126042813,nan,nan,nan
P12-031,0,codex_rules,model_mismatch,0,,1,161,-0.027190860963384012,0.14129274218069215,1.0883764607679465,0.1800036315327182,nan,nan,nan
P12-031,1,codex_rules,model_mismatch,0,,1,161,-0.04522283918010804,0.12112702672100108,1.0080256821829856,0.16760873090151626,nan,nan,nan
P12-031,2,codex_rules,model_mismatch,1,9,0,,0.14263583901532645,0.14849386488176464,1.3714861235452105,0.3724685425164324,nan,nan,nan
P12-031,0,habit_only,stable,0,,1,161,-0.025055616968669963,0.048413602939313724,1.033485856905158,0.5093068284520911,nan,nan,nan
P12-031,1,habit_only,stable,0,,1,161,-0.06096097254660933,0.0077531218793320394,1.0645530145530147,0.5113751675767044,nan,nan,nan
P12-031,2,habit_only,stable,0,,1,161,-0.04816616447619297,0.015471136210964829,1.135304659498208,0.5265525628591818,nan,nan,nan
P12-031,0,habit_only,routine_change,1,76,0,,0.11334682335284423,0.24696229336901512,1.0571018000302526,0.5414372421574576,nan,nan,nan
P12-031,1,habit_only,routine_change,0,,1,161,0.025706826124464954,0.2036881796966126,1.0454261954261954,0.5145057817887647,nan,nan,nan
P12-031,2,habit_only,routine_change,1,49,0,,0.014673391985373384,0.2179907882172048,1.1429569892473117,0.6750131154122506,nan,nan,nan
P12-031,0,habit_only,model_mismatch,0,,1,161,-0.009125125122929702,0.0316903162790137,1.0722036727879798,0.518523125364423,nan,nan,nan
P12-031,1,habit_only,model_mismatch,0,,1,161,-0.02976256313205861,0.004306585484040028,1.0101324237560192,0.5034073379400587,nan,nan,nan
P12-031,2,habit_only,model_mismatch,0,,1,161,-0.0034524665225065076,0.041246379855446935,1.1063115487914055,0.5148458172775354,nan,nan,nan
P12-031,0,nn_frozen,stable,0,,1,161,-0.023985459161147884,0.03626946397213071,1.0800748752079865,0.5169210787174482,0.340406567970946,0.338270288508219,0.38457313889435174
P12-031,1,nn_frozen,stable,0,,1,161,-0.058586525236859206,0.003764803933441311,1.0482328482328482,0.5088718320009107,0.334562008416937,0.34353706212055063,0.3236937508956591
P12-031,2,nn_frozen,stable,0,,1,161,-0.045424205887550057,0.010175414765809809,1.1098790322580645,0.5179726404850071,0.3453934369833762,0.33301518573960454,0.3502510931371899
P12-031,0,nn_frozen,routine_change,1,47,0,,0.052060158320681275,0.03626946397213071,1.1004835690515806,0.6693225555424266,0.340406567970946,nan,nan
P12-031,1,nn_frozen,routine_change,1,54,0,,0.03612077998888591,0.22497155844630826,1.0346399546399547,0.6285574988332275,0.334562008416937,nan,nan
P12-031,2,nn_frozen,routine_change,0,,1,161,0.032293069415444596,0.20450846453190938,1.0999103942652328,0.5229937947899074,0.3453934369833762,1.185311554642199,0.9385973468316339
P12-031,0,nn_frozen,model_mismatch,0,,1,161,-0.008825003528115345,0.03287943909551143,1.0734557595993321,0.5136634828519413,0.3556563423567242,0.3679222774064016,0.3833534374862907
P12-031,1,nn_frozen,model_mismatch,0,,1,161,-0.029087923646753094,0.027649376039385765,1.005317014446228,0.5020825791948461,0.3588413454683013,0.3414110635352032,0.3224666585840638
P12-031,2,nn_frozen,model_mismatch,0,,1,161,-0.00410538243278062,0.028862729503179873,1.1065353625783347,0.5101121068758471,0.3258402988211489,0.34870100125706777,0.3313917701968241
P12-031,0,nn_adaptive,stable,0,,1,161,-0.02493513482748851,0.037212840289923575,1.0340058236272878,0.5099109285250936,0.3126513056377892,0.3713520875879002,0.376037856015072
P12-031,1,nn_adaptive,stable,0,,1,161,-0.05961142913520654,-0.0005077957210435213,1.0653846153846154,0.5051334895134958,0.34679908048278885,0.3645260825437835,0.3101410306276221
P12-031,2,nn_adaptive,stable,0,,1,161,-0.03996452411280314,0.015425104756935608,1.110103046594982,0.5131177711530255,0.3019016310349897,0.3462297115517239,0.35806207827458264
P12-031,0,nn_adaptive,routine_change,1,73,0,,0.10370324694818511,0.22888520836248447,1.0435310518505192,0.5452209411872239,0.3126513056377892,0.7397725163599028,nan
P12-031,1,nn_adaptive,routine_change,0,,1,161,0.020515813719273544,0.2002187149145687,1.0411642411642412,0.5060438534266245,0.34679908048278885,0.7435281833947995,0.5867429207772723
P12-031,2,nn_adaptive,routine_change,1,93,0,,0.09232632883260523,0.2080093927613373,1.0891577060931898,0.5138270047270314,0.3019016310349897,0.7197911943389734,0.6227949320004942
P12-031,0,nn_adaptive,model_mismatch,1,82,0,,0.021930521940534558,0.035579674170336244,1.0750900094535067,0.5143372716369974,0.3641493894008983,0.32495670505277285,nan
P12-031,1,nn_adaptive,model_mismatch,0,,1,161,-0.02952416512366969,0.016303828443796988,1.0096308186195826,0.5014975306940668,0.4375420597860386,0.3416629482420504,0.3297647366314558
P12-031,2,nn_adaptive,model_mismatch,0,,1,161,0.002886652161895394,0.050027714916952244,1.1387645478961503,0.5172133723224449,0.2896233609682693,0.32619359696605216,0.3580635022324926
P12-032,0,flat,stable,0,,1,161,-0.019832919534347425,0.06333154502907272,1.0503478933127175,0.5682936910915682,nan,nan,nan
P12-032,1,flat,stable,0,,1,161,-0.01850470860530791,0.0791902764090092,1.0618159708147548,0.5862725427776246,nan,nan,nan
P12-032,2,flat,stable,0,,1,161,-0.0021144836257415683,0.09193996962277788,0.8983050847457626,0.4878831111111399,nan,nan,nan
P12-032,0,flat,routine_change,0,,1,161,-0.021061988889139453,0.05713041744652283,0.9871472748357171,0.5489768582374493,nan,nan,nan
P12-032,1,flat,routine_change,0,,1,161,-0.022277756695901818,0.0791902764090092,1.0375962707742197,0.5784229910836146,nan,nan,nan
P12-032,2,flat,routine_change,0,,1,161,-0.0019418079179157515,0.09193996962277788,0.8875488917861798,0.4838085275478988,nan,nan,nan
P12-032,0,flat,model_mismatch,1,196,0,161,-0.008903958441266884,0.07227520194434024,1.0579622944243885,0.5834344506531347,nan,nan,nan
P12-032,1,flat,model_mismatch,0,,1,161,-0.010311302552296696,0.06183133688649256,1.0957552809884414,0.6028508006039676,nan,nan,nan
P12-032,2,flat,model_mismatch,0,,1,161,0.02089380468429324,0.10741431393227462,0.9008704061895552,0.49246560520516414,nan,nan,nan
P12-032,0,codex_rules,stable,0,,1,161,-0.05156246217413483,0.16532409715967764,1.0488983378430616,0.17578166955939445,nan,nan,nan
P12-032,1,codex_rules,stable,0,,1,161,-0.05273841222512005,0.18950189972692164,1.083096878800162,0.1826999495056786,nan,nan,nan
P12-032,2,codex_rules,stable,1,0,0,,0.3265043109100539,0.3265043109100539,1.29367666232073,0.35442494532499286,nan,nan,nan
P12-032,0,codex_rules,routine_change,0,,1,161,-0.05307334117073866,0.16532409715967764,0.9827019713954387,0.17097683624823873,nan,nan,nan
P12-032,1,codex_rules,routine_change,0,,1,161,-0.05390586460649906,0.18950189972692164,1.0483380624239966,0.1804068672110431,nan,nan,nan
P12-032,2,codex_rules,routine_change,1,0,0,,0.3265043109100539,0.3265043109100539,1.29367666232073,0.35442494532499286,nan,nan,nan
P12-032,0,codex_rules,model_mismatch,0,,1,161,-0.03750760900276655,0.19338922030591638,1.0852386682711594,0.18173133880192968,nan,nan,nan
P12-032,1,codex_rules,model_mismatch,1,7,0,,0.2150164257350325,0.22057640834548445,1.2847748106815464,0.3593276944665605,nan,nan,nan
P12-032,2,codex_rules,model_mismatch,0,,1,161,-0.0013229536015922842,0.3139308507592812,0.878949065119278,0.14358416373585978,nan,nan,nan
P12-032,0,habit_only,stable,0,,1,161,-0.033106492882261,0.056700719705464316,1.0092771550057982,0.5133900051869759,nan,nan,nan
P12-032,1,habit_only,stable,0,,1,161,-0.039692375111625836,0.009738834360412082,1.1036684231860558,0.5130587051076831,nan,nan,nan
P12-032,2,habit_only,stable,0,,1,161,-0.008910775882197623,0.06309045610327184,0.9144393741851369,0.4850793466867529,nan,nan,nan
P12-032,0,habit_only,routine_change,0,,1,161,-0.030792836042370934,0.056700719705464316,0.9856010823347507,0.5120767015926917,nan,nan,nan
P12-032,1,habit_only,routine_change,0,,1,161,-0.038528380673697335,0.011925160257953482,1.0827928658289419,0.5086388317106474,nan,nan,nan
P12-032,2,habit_only,routine_change,0,,1,161,-0.006019517856415206,0.06309045610327184,0.8992014341590613,0.48689373787308465,nan,nan,nan
P12-032,0,habit_only,model_mismatch,0,,1,161,-0.02698087141132025,0.028211919800552408,1.0574608904933815,0.5112684424531931,nan,nan,nan
P12-032,1,habit_only,model_mismatch,0,,1,161,-0.023487070122458455,0.03532437104937512,1.0787166201673972,0.5150358376984789,nan,nan,nan
P12-032,2,habit_only,model_mismatch,0,,1,161,0.014925131652353095,0.07842159098508995,0.8974049000644744,0.4858704593212142,nan,nan,nan
P12-032,0,nn_frozen,stable,0,,1,161,-0.03215946547987036,0.05064809068668551,1.0559528411287207,0.5100457761344017,0.4381464009955073,0.3575814848562607,0.41923462119255056
P12-032,1,nn_frozen,stable,0,,1,161,-0.03881405795691781,0.022380349273529228,1.1034657478719092,0.5120338833643031,0.3988205832842081,0.3604401770239183,0.3686038647856326
P12-032,2,nn_frozen,stable,0,,1,161,-0.006438586546153576,0.06358686064930909,0.9198174706649282,0.4874118281059249,0.41851782045264685,0.33414616299370176,0.43855036522471097
P12-032,0,nn_frozen,routine_change,0,,1,161,-0.02964740161988647,0.05064809068668551,0.9863741785852338,0.504967309258444,0.4381464009955073,0.4196157043378473,0.3464445089614444
P12-032,1,nn_frozen,routine_change,0,,1,161,-0.037474551079639484,0.03884550983578503,1.0829955411430887,0.5082425044234729,0.3988205832842081,0.41594354027759234,0.4179620517360263
P12-032,2,nn_frozen,routine_change,0,,1,161,-0.004337003103325511,0.06501571069071402,0.8878748370273795,0.4817276558456385,0.41851782045264685,0.40480170481454775,0.4097496389721595
P12-032,0,nn_frozen,model_mismatch,0,,1,161,-0.02508673037897477,0.02486487583286807,1.0513437625350983,0.5091154404816672,0.42817249404981006,0.38756697688502373,0.37264031632860195
P12-032,1,nn_frozen,model_mismatch,0,,1,161,-0.024226826856213527,0.03503627024374099,1.0788162614587484,0.5080059405573626,0.43281481481878137,0.3703807907316591,0.39579016395948735
P12-032,2,nn_frozen,model_mismatch,1,42,0,,0.05465113295304262,0.09046030523178136,0.9077864243623769,0.6395221977030772,0.45928455317570577,nan,nan
P12-032,0,nn_adaptive,stable,0,,1,161,-0.03120476780429965,0.042377902013571514,1.0566293003478933,0.5029945245564007,0.4280796279132618,0.35222128083462645,0.35597323920917245
P12-032,1,nn_adaptive,stable,0,,1,161,-0.03263254137860847,0.03211056568488175,1.1038710985002025,0.5032581375365065,0.37543792457564135,0.3594520772136781,0.35651214735944553
P12-032,2,nn_adaptive,stable,0,,1,161,-0.01033686212145599,0.06574095997013005,0.9003422425032593,0.4902623409984358,0.3447414509929593,0.3900179804226732,0.40295405956859515
P12-032,0,nn_adaptive,routine_change,0,,1,161,-0.03132582050084388,0.042377902013571514,1.026961731735601,0.5001273648251667,0.4280796279132618,0.37603960207569254,0.3291233640919115
P12-032,1,nn_adaptive,routine_change,0,,1,161,-0.03122603808896601,0.05154824444540018,1.082488852857722,0.49961723964244636,0.37543792457564135,0.4331579393761187,0.43090611701954834
P12-032,2,nn_adaptive,routine_change,0,,1,161,-0.009881875076315178,0.06574095997013005,0.8595990873533246,0.4858499973058591,0.3447414509929593,0.4076882158091341,0.4092660790345124
P12-032,0,nn_adaptive,model_mismatch,0,,1,161,-0.02140223988520743,0.043361472311797246,1.0946650621740877,0.509987981068788,0.41127748202002773,0.33418453399760795,0.4199425012655743
P12-032,1,nn_adaptive,model_mismatch,0,,1,161,-0.02113566479569034,0.049153377809407664,1.0810083698684734,0.5013952606200153,0.40643238430140327,0.3417623021722781,0.3972147117772657
P12-032,2,nn_adaptive,model_mismatch,0,,1,161,0.01007573048669981,0.08516412692439461,0.8984526112185687,0.48956050344518215,0.4730235467418916,0.3300762248125724,0.3688643072533249
P12-033,0,flat,stable,0,,1,161,-0.07586930046660188,0.08912807128686,1.1107365145228216,0.6093161573875542,nan,nan,nan
P12-033,1,flat,stable,0,,1,161,-0.08723830718096778,0.02015970004120044,0.9128309265944645,0.5030601268480306,nan,nan,nan
P12-033,2,flat,stable,0,,1,161,-0.026149477729063893,0.09934612336081658,0.9859287054409006,0.5469213198748629,nan,nan,nan
P12-033,0,flat,routine_change,0,,1,161,-0.08152631692279182,0.08912807128686,1.2296853388658369,0.6509220601548612,nan,nan,nan
P12-033,1,flat,routine_change,0,,1,161,-0.09174931573496659,0.007238408083858013,1.0642298435619737,0.5539006144296034,nan,nan,nan
P12-033,2,flat,routine_change,1,51,0,,0.050520665430832626,0.09934612336081658,1.0394176648867082,0.7166430799247546,nan,nan,nan
P12-033,0,flat,model_mismatch,0,,1,161,-0.021458501353447994,0.12333183286127739,1.0667115902964959,0.5872514765347561,nan,nan,nan
P12-033,1,flat,model_mismatch,0,,1,161,-0.05945213427245292,0.03289992402062653,0.931674684305472,0.5084834637254484,nan,nan,nan
P12-033,2,flat,model_mismatch,1,10,0,,0.08740306019587792,0.0340427939070616,0.9927511512877367,0.9551424185570523,nan,nan,nan
P12-033,0,codex_rules,stable,0,,1,161,-0.12764342529709238,0.1688578759728921,1.0946576763485476,0.16807476679377248,nan,nan,nan
P12-033,1,codex_rules,stable,0,,1,161,-0.13248354426641243,0.20695950545134684,0.956829121540313,0.14694920547423845,nan,nan,nan
P12-033,2,codex_rules,stable,0,,1,161,-0.0745261560342483,0.24716999701090353,0.9874140087554723,0.1514295590605165,nan,nan,nan
P12-033,0,codex_rules,routine_change,0,,1,161,-0.13144918612646037,0.1688578759728921,1.2267461964038728,0.17716328945150525,nan,nan,nan
P12-033,1,codex_rules,routine_change,0,,1,161,-0.13516114862401926,0.20695950545134684,1.0603188929001204,0.15284440853495793,nan,nan,nan
P12-033,2,codex_rules,routine_change,0,,1,161,-0.07785742860022662,0.24716999701090353,1.1358661663539713,0.16230384156141706,nan,nan,nan
P12-033,0,codex_rules,model_mismatch,1,5,0,,0.2977084505504671,0.2977084505504671,1.1344339622641508,0.30288551516163675,nan,nan,nan
P12-033,1,codex_rules,model_mismatch,0,,1,161,-0.09931159897179874,0.24155374952617842,0.9558027660853878,0.145989652005631,nan,nan,nan
P12-033,2,codex_rules,model_mismatch,0,,1,161,-0.05445482664119536,0.28402667192952025,1.0231394621638523,0.15391866661681092,nan,nan,nan
P12-033,0,habit_only,stable,0,,1,161,-0.09881847485321493,-0.000263666215393653,1.092323651452282,0.5203227982164579,nan,nan,nan
P12-033,1,habit_only,stable,0,,1,161,-0.09277708747498097,-0.0002331028544503923,0.9123796630565584,0.4845478340323988,nan,nan,nan
P12-033,2,habit_only,stable,0,,1,161,-0.04067596586307834,0.05817805760103938,0.9879612257661039,0.49685205421706286,nan,nan,nan
P12-033,0,habit_only,routine_change,0,,1,161,-0.11678749244004888,-0.0032024486977480504,1.2252766251728906,0.5211773654582378,nan,nan,nan
P12-033,1,habit_only,routine_change,0,,1,161,-0.10875653095441999,-0.0002331028544503923,1.0371540312876053,0.48905881713834465,nan,nan,nan
P12-033,2,habit_only,routine_change,0,,1,161,-0.05969308355731591,0.05817805760103938,1.1364915572232648,0.500804802116472,nan,nan,nan
P12-033,0,habit_only,model_mismatch,0,,1,161,-0.04487392945650555,0.05669123154431286,1.060394204851752,0.5067106035099694,nan,nan,nan
P12-033,1,habit_only,model_mismatch,0,,1,161,-0.06082984264926561,0.031687791650856854,0.9124323511725797,0.4835732993994459,nan,nan,nan
P12-033,2,habit_only,model_mismatch,0,,1,161,-0.024822376309297345,0.09553728055994919,0.9871794871794873,0.4971391316018695,nan,nan,nan
P12-033,0,nn_frozen,stable,0,,1,161,-0.09955412584459103,-0.0038608919844180007,1.0952627939142463,0.5183079326647309,0.3505032521668202,0.37636400815529975,0.40984919889726873
P12-033,1,nn_frozen,stable,0,,1,161,-0.09467782397288965,-0.0018617795546195348,0.9120788206979543,0.4717430540360486,0.47264800003662144,0.47379941097211226,0.4034618498066608
P12-033,2,nn_frozen,stable,0,,1,161,-0.04065489590833207,0.05874039405867098,0.9874921826141339,0.4920886167181781,0.41232714201018467,0.42260751741887675,0.35299919452640033
P12-033,0,nn_frozen,routine_change,0,,1,161,-0.11615617204368002,-0.0038608919844180007,1.2262275242047025,0.518330532445734,0.3505032521668202,0.3870929840629937,0.3455738562125629
P12-033,1,nn_frozen,routine_change,0,,1,161,-0.10939993295696643,-0.0018617795546195348,1.0385078219013237,0.47838891511700027,0.47264800003662144,0.4087780995002793,0.44208900899981546
P12-033,2,nn_frozen,routine_change,0,,1,161,-0.05955088784311689,0.05874039405867098,1.135944340212633,0.4946182294677658,0.41232714201018467,0.4284139602897545,0.5333980450672013
P12-033,0,nn_frozen,model_mismatch,0,,1,161,-0.046601243654486244,0.05752693966004147,1.070586253369272,0.5032361597819711,0.37961818798772856,0.45708946081603735,0.435111047487941
P12-033,1,nn_frozen,model_mismatch,0,,1,161,-0.06269468710006061,0.02586145886156177,0.9098015634395671,0.47183521381999544,0.4108828284008053,0.5247936209988279,0.35189936102040315
P12-033,2,nn_frozen,model_mismatch,0,,1,161,-0.02525634191384438,0.09531984753510435,0.9884302689180738,0.49284549047311377,0.3821449544711884,0.4218756835930845,0.43053596230586944
P12-033,0,nn_adaptive,stable,0,,1,161,-0.09246462094755034,0.003188477544962106,1.0911998616874135,0.5090915912122658,0.3616436327603553,0.3548206444383294,0.3827644288294357
P12-033,1,nn_adaptive,stable,0,,1,161,-0.09665598657172104,-0.01369335381976851,0.9120036101083033,0.49332418959453567,0.4309926809046288,0.4169429258408372,0.386277521880396
P12-033,2,nn_adaptive,stable,0,,1,161,-0.044401343879493446,0.06984966868599161,0.9869449656035022,0.4946013156178292,0.4403538917276855,0.42743153104609943,0.3875524460688235
P12-033,0,nn_adaptive,routine_change,0,,1,161,-0.1112704624921377,0.003188477544962106,1.2246715076071921,0.5111277591417546,0.3616436327603553,0.37258005536730515,0.33408611472258987
P12-033,1,nn_adaptive,routine_change,0,,1,161,-0.11504183476784614,-0.01369335381976851,1.0387334536702768,0.49762473144033614,0.4309926809046288,0.3790154627496341,0.3694409408394675
P12-033,2,nn_adaptive,routine_change,0,,1,161,-0.06138496646544175,0.06984966868599161,1.1375859912445279,0.4985093518927766,0.4403538917276855,0.35870447905732494,0.39872013875715034
P12-033,0,nn_adaptive,model_mismatch,1,99,0,,0.019794260313960338,0.06590477454413098,1.067638140161725,0.5066956814148549,0.3851269408771785,0.361457059994584,0.3708785364470301
P12-033,1,nn_adaptive,model_mismatch,0,,1,161,-0.06843528098519898,0.021399099446078824,0.9103277209861695,0.49343158260182785,0.46432609136688746,0.40266320775845577,0.4136588691428157
P12-033,2,nn_adaptive,model_mismatch,0,,1,161,-0.025809444716454865,0.09361053146397014,0.9875703564727956,0.4968569242563845,0.41281316340830265,0.39953398448708927,0.4477015399606928
P12-034,0,flat,stable,0,,1,161,-0.08126817545951706,0.06342807440184343,0.9495835812016656,0.5167155135724542,nan,nan,nan
P12-034,1,flat,stable,0,,1,161,-0.07804002083652506,0.04640205951688653,1.020048602673147,0.5500709306525127,nan,nan,nan
P12-034,2,flat,stable,0,,1,161,-0.040457411942418565,0.14382673726799394,0.9202743902439023,0.5084043155470074,nan,nan,nan
P12-034,0,flat,routine_change,0,,1,161,-0.05955599607021773,0.06342807440184343,1.0599345627602619,0.5526258119284386,nan,nan,nan
P12-034,1,flat,routine_change,1,60,0,,0.016675340101389425,0.04640205951688653,1.10222496663546,0.6842709184810745,nan,nan,nan
P12-034,2,flat,routine_change,0,,1,161,-0.016114874176404885,0.14382673726799394,1.0646341463414632,0.561261175800825,nan,nan,nan
P12-034,0,flat,model_mismatch,0,,1,161,-0.06774247082135879,0.0872196929051063,0.9511904761904763,0.5162981897376794,nan,nan,nan
P12-034,1,flat,model_mismatch,0,,1,161,-0.05285012708376308,0.05424618499228295,0.9881530984204131,0.5425123392626896,nan,nan,nan
P12-034,2,flat,model_mismatch,1,20,0,,0.059109807522990616,0.11838502901727055,0.9902319902319903,0.8908180708180709,nan,nan,nan
P12-034,0,codex_rules,stable,0,,1,161,-0.11870755172123705,0.130457933784263,0.9497323022010706,0.17501215171570386,nan,nan,nan
P12-034,1,codex_rules,stable,0,,1,161,-0.12220922132795632,0.15125203611119767,0.9949878493317132,0.1816941042158923,nan,nan,nan
P12-034,2,codex_rules,stable,0,,1,161,-0.07506965313450498,0.17095513412615074,0.9262195121951218,0.17287367448449142,nan,nan,nan
P12-034,0,codex_rules,routine_change,0,,1,161,-0.11251404216413374,0.130457933784263,1.0587447947650208,0.18207354756338942,nan,nan,nan
P12-034,1,codex_rules,routine_change,0,,1,161,-0.11934719679052964,0.15125203611119767,1.1530984204131227,0.19407483989093405,nan,nan,nan
P12-034,2,codex_rules,routine_change,0,,1,161,-0.0685151725278509,0.17095513412615074,1.0934451219512193,0.18683006041352387,nan,nan,nan
P12-034,0,codex_rules,model_mismatch,0,,1,161,-0.09911182690597085,0.1526511488032218,0.9510416666666666,0.17469316405367247,nan,nan,nan
P12-034,1,codex_rules,model_mismatch,1,184,0,161,-0.08168067228337225,0.19996544212414183,1.0092648845686514,0.18359079489580898,nan,nan,nan
P12-034,2,codex_rules,model_mismatch,1,3,0,,0.16557386646854105,0.16557386646854105,1.4006410256410255,0.43676386269531353,nan,nan,nan
P12-034,0,habit_only,stable,0,,1,161,-0.08663825518572216,0.027869582230219847,0.9495835812016656,0.4893650703289406,nan,nan,nan
P12-034,1,habit_only,stable,0,,1,161,-0.08519747411732327,0.037657766593246836,1.0072904009720534,0.4894110896463951,nan,nan,nan
P12-034,2,habit_only,stable,0,,1,161,-0.04882222345660967,0.05847056203007049,0.9265243902439024,0.4659208785671709,nan,nan,nan
P12-034,0,habit_only,routine_change,0,,1,161,-0.09100966681894537,0.027869582230219847,1.0939916716240332,0.49743185016022057,nan,nan,nan
P12-034,1,habit_only,routine_change,0,,1,161,-0.09357365492907263,0.037657766593246836,1.1687424058323208,0.4976232313876282,nan,nan,nan
P12-034,2,habit_only,routine_change,0,,1,161,-0.051212771844825276,0.05847056203007049,1.0935975609756097,0.4838812526944121,nan,nan,nan
P12-034,0,habit_only,model_mismatch,0,,1,161,-0.074629534377517,0.05221376644982495,0.9498511904761905,0.4896266629231275,nan,nan,nan
P12-034,1,habit_only,model_mismatch,1,184,0,161,-0.053938398687253454,0.060730752833905104,0.9962029161603888,0.4795472333979501,nan,nan,nan
P12-034,2,habit_only,model_mismatch,0,,1,161,-0.04632531061459063,0.0798857495908444,0.9227716727716728,0.47830393557197265,nan,nan,nan
P12-034,0,nn_frozen,stable,0,,1,161,-0.08653225597811968,0.02720138579705362,0.9495835812016656,0.4824959535802939,0.48660956988101034,0.3903190108889553,0.5291194875228452
P12-034,1,nn_frozen,stable,0,,1,161,-0.08564160081811323,0.03628764236900565,1.0072904009720534,0.4867131190077374,0.3539422574413201,0.43395493409510894,0.4882012462430437
P12-034,2,nn_frozen,stable,0,,1,161,-0.048377193688589996,0.0898092200373576,0.9318597560975608,0.46800500833561354,0.5581540258631542,0.4327621003901885,0.42993151188268447
P12-034,0,nn_frozen,routine_change,0,,1,161,-0.08963176117811317,0.02720138579705362,1.0944378346222488,0.4901347062466262,0.48660956988101034,0.6438058383282305,0.6906786585539734
P12-034,1,nn_frozen,routine_change,0,,1,161,-0.09444642758434094,0.03628764236900565,1.1685905224787365,0.49153619183042935,0.3539422574413201,0.6763691198008503,0.701313065307396
P12-034,2,nn_frozen,routine_change,0,,1,161,-0.051454216598666606,0.0898092200373576,1.0724085365853657,0.4778296334538809,0.5581540258631542,0.6642197689372432,0.6949635128304694
P12-034,0,nn_frozen,model_mismatch,0,,1,161,-0.07239754766027257,0.053428996148708705,0.9492559523809524,0.48441624144814205,0.39088791005909557,0.4313263979311125,0.5436115876466252
P12-034,1,nn_frozen,model_mismatch,1,184,0,161,-0.05417262964541771,0.06101606669507618,0.9962029161603888,0.4766798320199619,0.42300278544685194,0.41860639813970874,0.4426037846912453
P12-034,2,nn_frozen,model_mismatch,0,,1,161,-0.04519908421783289,0.07481471472252284,0.9227716727716728,0.47428280716613186,0.39680768816999334,0.4586385962803424,0.43140069284719595
P12-034,0,nn_adaptive,stable,0,,1,161,-0.08746074648503831,0.022488529270481623,0.9495835812016656,0.4834610214913512,0.5029226682850384,0.3846362298971378,0.4733122018565437
P12-034,1,nn_adaptive,stable,0,,1,161,-0.08576020976399676,0.028301853690849983,1.0072904009720534,0.4880480871579114,0.3826964735503265,0.4349892635722287,0.44192016332079775
P12-034,2,nn_adaptive,stable,0,,1,161,-0.04986617610968938,0.09731925177767375,0.9318597560975608,0.4712658999200737,0.5826508718365323,0.4109214851715404,0.38016617177034806
P12-034,0,nn_adaptive,routine_change,0,,1,161,-0.08927918046411529,0.022488529270481623,1.0901249256395003,0.48431860943265864,0.5029226682850384,0.5311380153628795,0.6086591173710538
P12-034,1,nn_adaptive,routine_change,0,,1,161,-0.09305063521306152,0.028301853690849983,1.1713244228432564,0.4880321355333838,0.3826964735503265,0.5787635566073895,0.551455175615995
P12-034,2,nn_adaptive,routine_change,0,,1,161,-0.0506882860564595,0.09731925177767375,1.072560975609756,0.47145143888679614,0.5826508718365323,0.5781818943847201,0.4920494684512592
P12-034,0,nn_adaptive,model_mismatch,1,50,0,,-0.01154932782292735,0.05362614301772852,0.9575980392156863,0.6123145120705845,0.41821350185953027,nan,nan
P12-034,1,nn_adaptive,model_mismatch,1,111,0,,-0.019971136996588063,0.03779390683774194,1.0180741190765492,0.48334636977088286,0.3809448545353073,0.40714738849208487,0.4977534580987519
P12-034,2,nn_adaptive,model_mismatch,0,,1,161,-0.04785694074417284,0.07667517974530182,0.9331501831501833,0.47967046055394075,0.4320910697922757,0.4142319698624883,0.40391347082041423
P12-035,0,flat,stable,1,70,0,,0.03356511717017127,0.06706383336745624,1.0448458134900531,0.6298838423734157,nan,nan,nan
P12-035,1,flat,stable,0,,1,161,-0.04126072230020816,0.024703032250461852,1.0284999037165417,0.5672418490413735,nan,nan,nan
P12-035,2,flat,stable,0,,1,161,-0.05371651985069984,0.02895158897453042,1.019114196323817,0.5494058755615218,nan,nan,nan
P12-035,0,flat,routine_change,0,,1,161,-0.019578999022491134,0.06706383336745624,1.1258493205435651,0.6027663766980036,nan,nan,nan
P12-035,1,flat,routine_change,0,,1,161,-0.043498403905575626,0.024703032250461852,1.0832851916040827,0.5828689077357216,nan,nan,nan
P12-035,2,flat,routine_change,0,,1,161,-0.05763392818265659,0.02895158897453042,1.0745502542041456,0.5683673328022647,nan,nan,nan
P12-035,0,flat,model_mismatch,0,,1,161,0.002343770357739266,0.08194432774984088,1.04874749498998,0.5753443867097086,nan,nan,nan
P12-035,1,flat,model_mismatch,0,,1,161,0.008159169751307146,0.06907881785085244,1.016520244461421,0.5497083708858561,nan,nan,nan
P12-035,2,flat,model_mismatch,0,,1,161,-0.033815163483212486,0.040826943172756654,1.0216350849775346,0.5543131666563776,nan,nan,nan
P12-035,0,codex_rules,stable,0,,1,161,-0.05456021490047513,0.23814049618149435,1.0464128697042367,0.13463228236811448,nan,nan,nan
P12-035,1,codex_rules,stable,0,,1,161,-0.07361152793008817,0.24495293682185104,1.0605622953976508,0.13314326014049868,nan,nan,nan
P12-035,2,codex_rules,stable,0,,1,161,-0.0926992333691462,0.21812091134372774,1.0499608916699257,0.1318666790635078,nan,nan,nan
P12-035,0,codex_rules,routine_change,0,,1,161,-0.05710426575006864,0.23814049618149435,1.094924060751399,0.13909584809716433,nan,nan,nan
P12-035,1,codex_rules,routine_change,0,,1,161,-0.07565547908912658,0.24495293682185104,1.107789331792798,0.13735260153133033,nan,nan,nan
P12-035,2,codex_rules,routine_change,0,,1,161,-0.09555691297403698,0.21812091134372774,1.0784610872115763,0.13568189637682013,nan,nan,nan
P12-035,0,codex_rules,model_mismatch,1,14,0,,0.21827675850859143,0.2687352927876837,1.3020841683366733,0.25859966518602784,nan,nan,nan
P12-035,1,codex_rules,model_mismatch,1,16,0,,0.23706424339857352,0.3015671023385567,1.2565272098144071,0.24062269657232,nan,nan,nan
P12-035,2,codex_rules,model_mismatch,0,,1,161,-0.06392017153470982,0.2500864552883952,1.0574330924008595,0.1319019281902056,nan,nan,nan
P12-035,0,habit_only,stable,0,,1,161,-0.02796766290670313,0.05783943936858667,1.0441147082334132,0.5252012654733751,nan,nan,nan
P12-035,1,habit_only,stable,0,,1,161,-0.047588413001413504,0.00940104201910911,1.0279703446947814,0.5260316435505018,nan,nan,nan
P12-035,2,habit_only,stable,0,,1,161,-0.06221547579347833,0.01674688300159541,0.9853343762221354,0.5195944813367254,nan,nan,nan
P12-035,0,habit_only,routine_change,0,,1,161,-0.040514152000859734,0.05783943936858667,1.097921662669864,0.5276388969397614,nan,nan,nan
P12-035,1,habit_only,routine_change,0,,1,161,-0.0559118476875736,0.00940104201910911,1.0788561525129983,0.5291895345433383,nan,nan,nan
P12-035,2,habit_only,routine_change,0,,1,161,-0.0753465476094667,-0.004729829523285879,1.0437035588580368,0.5233199245877451,nan,nan,nan
P12-035,0,habit_only,model_mismatch,0,,1,161,-0.01055040889944889,0.03683190751619158,1.0426352705410822,0.5278462938844309,nan,nan,nan
P12-035,1,habit_only,model_mismatch,0,,1,161,0.0025385764229009043,0.05955918787670702,1.0164724980901452,0.525603580345156,nan,nan,nan
P12-035,2,habit_only,model_mismatch,0,,1,161,-0.03974034356662948,0.025502629389539896,1.0216839226411407,0.5235410368306183,nan,nan,nan
P12-035,0,nn_frozen,stable,0,,1,161,-0.02614737077955403,0.045175135807971126,1.0380695443645085,0.5232478390378527,0.3476220748806713,0.27025126709171526,0.25161502748732906
P12-035,1,nn_frozen,stable,0,,1,161,-0.04344202456748235,0.03747267053595582,1.029414596572309,0.5286868329078865,0.23656091128971488,0.21874435887265964,0.28789518579417805
P12-035,2,nn_frozen,stable,0,,1,161,-0.06211615180029317,0.016055020748033756,1.0181364880719594,0.5154920562278617,0.2828799300080071,0.30144941396383235,0.2541805940310061
P12-035,0,nn_frozen,routine_change,0,,1,161,-0.037809664899096464,0.032480880701313566,1.0905775379696243,0.5249405407558457,0.3476220748806713,0.5090204676204849,0.4892233656855531
P12-035,1,nn_frozen,routine_change,0,,1,161,-0.0527346745125225,0.03747267053595582,1.0800115540150201,0.5302056240875208,0.23656091128971488,0.4102685466980606,0.585420340810323
P12-035,2,nn_frozen,routine_change,0,,1,161,-0.07316713136473361,2.2221123583437974e-05,1.073034806413766,0.5181886518758007,0.2828799300080071,0.5483856732875521,0.5154783847346629
P12-035,0,nn_frozen,model_mismatch,0,,1,161,-0.00680274399966799,0.047559970671514185,1.0441382765531062,0.5237544204001132,0.3206014980748207,0.26366575269370396,0.23664575270445987
P12-035,1,nn_frozen,model_mismatch,0,,1,161,0.005382235513433211,0.057917960184523866,1.0167589763177998,0.5231447089406831,0.26757972314598666,0.22511328154337926,0.29702705648094435
P12-035,2,nn_frozen,model_mismatch,0,,1,161,-0.03674364736546473,0.019058599534862768,1.0221722992772027,0.5186336532719817,0.2896738917946176,0.28721095790651113,0.28965979069168973
P12-035,0,nn_adaptive,stable,0,,1,161,-0.02845826032334468,0.03240815915659193,1.038868904876099,0.51856287768241,0.37669304669346954,0.2620423232332639,0.21245805487177424
P12-035,1,nn_adaptive,stable,0,,1,161,-0.04614030681737013,0.015135776545069864,1.0279222029655306,0.5205320543154854,0.3172900835517661,0.22039414869688387,0.27711573912686444
P12-035,2,nn_adaptive,stable,0,,1,161,-0.06663886306679993,-0.0011078289521038226,1.0226828314430974,0.5173229806551555,0.3035550978936662,0.2813921126806815,0.2222648473911137
P12-035,0,nn_adaptive,routine_change,0,,1,161,-0.03709577148081823,0.03240815915659193,1.0815847322142287,0.5199994136857327,0.37669304669346954,0.41084012630699823,0.4890264011922005
P12-035,1,nn_adaptive,routine_change,0,,1,161,-0.05244745452278003,0.015135776545069864,1.0756787983824379,0.5217278922331324,0.3172900835517661,0.3396196071863509,0.4799819225827168
P12-035,2,nn_adaptive,routine_change,0,,1,161,-0.07607371387517543,-0.001459743838882715,1.0576359014470083,0.5181191919912378,0.3035550978936662,0.3782499370043125,0.4551828557411644
P12-035,0,nn_adaptive,model_mismatch,0,,1,161,-0.010750995058000964,0.03772470817715551,1.0471442885771542,0.5172255150373722,0.3904366241593424,0.26361108233839214,0.22773224996650085
P12-035,1,nn_adaptive,model_mismatch,0,,1,161,0.0027798022609624817,0.05596279307311979,1.0170454545454546,0.5233101136826749,0.26363107794048174,0.2282157539114836,0.26888835567891683
P12-035,2,nn_adaptive,model_mismatch,0,,1,161,-0.042186880916854415,0.02108217251651791,1.0178257472162533,0.5195094947890998,0.32765179655114307,0.2723890772355716,0.24749137143096558
P12-036,0,flat,stable,1,181,0,161,-0.05804265918906025,0.08224149173158249,0.8309057806099226,0.46595873731901305,nan,nan,nan
P12-036,1,flat,stable,0,,1,161,-0.05662545899849156,0.09993219034344332,1.0891737891737892,0.5849007897441543,nan,nan,nan
P12-036,2,flat,stable,0,,1,161,-0.05224158521671967,0.08021941338942466,1.1445588235294117,0.6016513508468038,nan,nan,nan
P12-036,0,flat,routine_change,0,,1,161,-0.07955188258057405,0.08224149173158249,0.7881201638598088,0.45196208350256023,nan,nan,nan
P12-036,1,flat,routine_change,1,139,0,,-0.022712920119037593,0.09993219034344332,1.0215099715099716,0.5612854427496515,nan,nan,nan
P12-036,2,flat,routine_change,0,,1,161,-0.06038847852794872,0.08021941338942466,1.0723529411764707,0.5784383288199252,nan,nan,nan
P12-036,0,flat,model_mismatch,0,,1,161,-0.10018784012117854,0.056441529545617417,0.9454773869346734,0.533046445052973,nan,nan,nan
P12-036,1,flat,model_mismatch,0,,1,161,-0.035236026530863,0.09472800762266566,1.087634713556438,0.5854106326547343,nan,nan,nan
P12-036,2,flat,model_mismatch,0,,1,161,-0.027744007017117586,0.09931683801860784,1.107981220657277,0.579758640442786,nan,nan,nan
P12-036,0,codex_rules,stable,0,,1,161,-0.12942116105422094,0.13719796424663472,0.8277196176604461,0.14729987373918726,nan,nan,nan
P12-036,1,codex_rules,stable,0,,1,161,-0.116917400440117,0.11456513690035733,1.0878917378917379,0.18563549837855098,nan,nan,nan
P12-036,2,codex_rules,stable,0,,1,161,-0.10440925095155573,0.19929689849124002,1.079705882352941,0.18366156737864617,nan,nan,nan
P12-036,0,codex_rules,routine_change,0,,1,161,-0.129713340816362,0.13719796424663472,0.7873236231224396,0.14386959188697587,nan,nan,nan
P12-036,1,codex_rules,routine_change,0,,1,161,-0.12048398525176816,0.11456513690035733,1.02008547008547,0.18117967573296373,nan,nan,nan
P12-036,2,codex_rules,routine_change,0,,1,161,-0.10609536846624981,0.19929689849124002,1.0508823529411764,0.18136691491924994,nan,nan,nan
P12-036,0,codex_rules,model_mismatch,1,22,0,,-0.002610794457045412,0.11782681552995632,1.068123224819751,0.28295876944944937,nan,nan,nan
P12-036,1,codex_rules,model_mismatch,0,,1,161,-0.09071116516541704,0.16435313276972902,1.081678956324447,0.18319664532921343,nan,nan,nan
P12-036,2,codex_rules,model_mismatch,0,,1,161,-0.07705854610791538,0.21271150731984925,1.11106220657277,0.18744891611623135,nan,nan,nan
P12-036,0,habit_only,stable,0,,1,161,-0.07958667831934187,0.07466187167260865,0.8303368229403733,0.4693407007059042,nan,nan,nan
P12-036,1,habit_only,stable,0,,1,161,-0.08535085073703524,0.08263232801841605,1.0951566951566951,0.5039649390631631,nan,nan,nan
P12-036,2,habit_only,stable,0,,1,161,-0.07065742184794328,0.08969923815956489,1.1080882352941177,0.5067211295989693,nan,nan,nan
P12-036,0,habit_only,routine_change,0,,1,161,-0.07755809189870154,0.07466187167260865,0.7894856622667275,0.4623178098552377,nan,nan,nan
P12-036,1,habit_only,routine_change,0,,1,161,-0.07844234845014088,0.08263232801841605,1.0202279202279203,0.5011759533552873,nan,nan,nan
P12-036,2,habit_only,routine_change,0,,1,161,-0.07188922663177065,0.08969923815956489,1.0894117647058823,0.5069814923936172,nan,nan,nan
P12-036,0,habit_only,model_mismatch,0,,1,161,-0.11060792307833792,0.003953047025773167,0.9434673366834171,0.4875005359789623,nan,nan,nan
P12-036,1,habit_only,model_mismatch,0,,1,161,-0.06076858824833062,0.05326237728582698,1.087634713556438,0.5060391115658915,nan,nan,nan
P12-036,2,habit_only,model_mismatch,0,,1,161,-0.041719678273345315,0.1118940419953629,1.0839201877934272,0.4903208869576188,nan,nan,nan
P12-036,0,nn_frozen,stable,1,181,0,161,-0.06015947763476836,0.047040954452294205,0.8319299044151116,0.46963214746513315,0.2996363170172281,0.49999687421913247,0.46441336068574113
P12-036,1,nn_frozen,stable,0,,1,161,-0.0790972329119953,0.08646966824084021,1.0887464387464387,0.49530693821235344,0.44584200892928816,0.44558633901309885,0.3909720744235171
P12-036,2,nn_frozen,stable,0,,1,161,-0.0659627308541547,0.09041662962339549,1.1369117647058824,0.507728050520678,0.3760689219348662,0.38958743176798205,0.4120517984529778
P12-036,0,nn_frozen,routine_change,0,,1,161,-0.07664711966883397,0.047040954452294205,0.790737369139736,0.4666995226263884,0.2996363170172281,0.5023997940414289,0.47849400703106637
P12-036,1,nn_frozen,routine_change,0,,1,161,-0.07613048976475477,0.08646966824084021,1.0206552706552707,0.49929694944587266,0.44584200892928816,0.3795458582861544,0.4190238881262651
P12-036,2,nn_frozen,routine_change,0,,1,161,-0.06947380988278735,0.09041662962339549,1.1007352941176471,0.5024334349376222,0.3760689219348662,0.4552792343474496,0.4508232359649994
P12-036,0,nn_frozen,model_mismatch,0,,1,161,-0.11157167599775707,-0.0011739119353276761,0.9432160804020101,0.48911982374061264,0.4799460747183494,0.41695347206779043,0.39277149483340235
P12-036,1,nn_frozen,model_mismatch,0,,1,161,-0.06661653168453724,0.028076855380596653,1.1125921724333523,0.5099899381541501,0.39607897653603025,0.39827216601314497,0.3995181700341999
P12-036,2,nn_frozen,model_mismatch,0,,1,161,-0.04202145423711849,0.10385412726358441,1.1093016431924883,0.49173253955860297,0.3817229435413619,0.44196417165302787,0.41863811296325304
P12-036,0,nn_adaptive,stable,1,181,0,161,-0.06026718055693526,0.046209404707737045,0.8311333636777424,0.4829267080070008,0.34351833435270346,0.4408529893458654,0.4124113986637781
P12-036,1,nn_adaptive,stable,0,,1,161,-0.07915965803873913,0.08443545214027444,1.0893162393162394,0.47718463439215153,0.5594950285518199,0.40550574402006195,0.4345536175902828
P12-036,2,nn_adaptive,stable,0,,1,161,-0.062369238409568095,0.091225888004657,1.137058823529412,0.5017936981481104,0.4501302854513387,0.38863674540661675,0.3742126035521644
P12-036,0,nn_adaptive,routine_change,0,,1,161,-0.07868762455887321,0.046209404707737045,0.790737369139736,0.4805991651897356,0.34351833435270346,0.44988754169857825,0.4247310205805032
P12-036,1,nn_adaptive,routine_change,0,,1,161,-0.07867525257383533,0.08443545214027444,1.0002849002849004,0.4780355745261217,0.5594950285518199,0.37237777038612496,0.3761905267541278
P12-036,2,nn_adaptive,routine_change,0,,1,161,-0.06475494443917464,0.091225888004657,1.1013235294117647,0.4974795994270765,0.4501302854513387,0.4420832096213885,0.41775200262541257
P12-036,0,nn_adaptive,model_mismatch,0,,1,161,-0.10532506439185726,0.01263023574721825,0.9432160804020101,0.48968338102834474,0.5154978807897926,0.4467173121888311,0.4357645895768602
P12-036,1,nn_adaptive,model_mismatch,0,,1,161,-0.05801493200863603,0.059063492345908956,1.0877765173000566,0.4901979482693701,0.47421524435715867,0.4078060177362417,0.43967148250182
P12-036,2,nn_adaptive,model_mismatch,0,,1,161,-0.03727822267559576,0.0869364787045346,1.1094483568075117,0.49664489456665556,0.39351776758938356,0.4320478966334971,0.41721522764443286
P12-037,0,flat,stable,1,37,0,,0.01574138701546962,0.030246726344791402,1.050692316642749,0.8047658879454911,nan,nan,nan
P12-037,1,flat,stable,0,,1,161,0.007102615168895523,0.05313885005645671,1.066915030806706,0.5833247468122696,nan,nan,nan
P12-037,2,flat,stable,0,,1,161,-0.00396254100620232,0.04990728959826707,1.0534409701928695,0.5693306447329683,nan,nan,nan
P12-037,0,flat,routine_change,1,37,0,,0.01574138701546962,0.030246726344791402,1.050692316642749,0.8047658879454911,nan,nan,nan
P12-037,1,flat,routine_change,0,,1,161,0.017694127581929724,0.08011171960487289,1.0559893967617138,0.5795826329543441,nan,nan,nan
P12-037,2,flat,routine_change,0,,1,161,0.009336739148642172,0.08660010488682245,1.061988603156049,0.5717757535680694,nan,nan,nan
P12-037,0,flat,model_mismatch,1,23,0,,0.030181498161781256,0.03743165130500335,1.0426693404634582,0.8950686631016064,nan,nan,nan
P12-037,1,flat,model_mismatch,0,,1,161,0.011847104701165812,0.05662489058520664,1.1035379431585117,0.6042517635538625,nan,nan,nan
P12-037,2,flat,model_mismatch,0,,1,161,0.0030508651547756457,0.04665919516761303,1.0610737273259216,0.5718236752257188,nan,nan,nan
P12-037,0,codex_rules,stable,0,,1,161,-0.03725788135878136,0.2608164915785579,1.101768607221813,0.12395614957172575,nan,nan,nan
P12-037,1,codex_rules,stable,1,14,0,,0.2414169064394529,0.2812776361473606,1.5293881644934806,0.24746795095776114,nan,nan,nan
P12-037,2,codex_rules,stable,1,2,0,,0.3127065530441912,0.3127065530441912,1.515780245470485,0.2640993225137881,nan,nan,nan
P12-037,0,codex_rules,routine_change,0,,1,161,-0.03311182184246027,0.2608164915785579,1.0630803242446574,0.12238862245051829,nan,nan,nan
P12-037,1,codex_rules,routine_change,1,14,0,,0.2414169064394529,0.2812776361473606,1.5293881644934806,0.24746795095776114,nan,nan,nan
P12-037,2,codex_rules,routine_change,1,2,0,,0.3127065530441912,0.3127065530441912,1.515780245470485,0.2640993225137881,nan,nan,nan
P12-037,0,codex_rules,model_mismatch,0,,1,161,-0.009952812525956149,0.2592098182785724,1.118389780154486,0.12626454531412865,nan,nan,nan
P12-037,1,codex_rules,model_mismatch,0,,1,161,-0.004703681519643844,0.2597845922588716,1.1815118663932025,0.13041698679798586,nan,nan,nan
P12-037,2,codex_rules,model_mismatch,0,,1,161,-0.015193484245651772,0.2595025718655305,1.1296079578700995,0.12639934488338986,nan,nan,nan
P12-037,0,habit_only,stable,0,,1,161,-0.018149572879661895,0.03729164857069835,1.0373986735445837,0.5254669480331812,nan,nan,nan
P12-037,1,habit_only,stable,0,,1,161,0.0018937887647243953,0.050460846674967495,1.0558819315088124,0.5286796350025441,nan,nan,nan
P12-037,2,habit_only,stable,0,,1,161,-0.010674837814691775,0.029984267913470277,1.0395967270601987,0.5212608107486804,nan,nan,nan
P12-037,0,habit_only,routine_change,0,,1,161,-0.010152272455018034,0.04602359621702663,1.0313927781871777,0.5255128040543932,nan,nan,nan
P12-037,1,habit_only,routine_change,0,,1,161,0.007701474265213716,0.05925312928470521,1.0210631895687061,0.5303762887918642,nan,nan,nan
P12-037,2,habit_only,routine_change,0,,1,161,-0.004127571190913273,0.04538043347671835,1.0054427235534775,0.5229951912360125,nan,nan,nan
P12-037,0,habit_only,model_mismatch,1,49,0,,0.03201285359292763,0.03472642081516669,1.0277896613190731,0.6619853224280347,nan,nan,nan
P12-037,1,habit_only,model_mismatch,0,,1,161,0.004701432812726338,0.04597934626208648,1.0818561382947554,0.5336094124318627,nan,nan,nan
P12-037,2,habit_only,model_mismatch,0,,1,161,-0.0025636229484993665,0.037656475910700156,1.057453188999415,0.5232434344066351,nan,nan,nan
P12-037,0,nn_frozen,stable,0,,1,161,-0.015122880558969886,0.03508686293043285,1.046573323507738,0.5238463721205446,0.2671789085185038,0.2384424831248028,0.20368680690930144
P12-037,1,nn_frozen,stable,0,,1,161,0.005988725079202751,0.049853820826506724,1.07475999426852,0.5288627478167058,0.21087194934689107,0.2350998304002657,0.2469452920969147
P12-037,2,nn_frozen,stable,0,,1,161,-0.007651324697941491,0.04159943707481366,1.0538793103448276,0.5219196585883199,0.24227401710430665,0.22483062931124617,0.22600886380582857
P12-037,0,nn_frozen,routine_change,0,,1,161,-0.00826203880088857,0.04570130214102497,1.0313927781871777,0.5231495386294619,0.2671789085185038,0.691103909233607,0.6735310482105491
P12-037,1,nn_frozen,routine_change,0,,1,161,0.011434274097156569,0.0554408969101422,1.0423054878922484,0.5292687319975575,0.21087194934689107,0.6310884534026933,0.6719627301912101
P12-037,2,nn_frozen,routine_change,0,,1,161,-0.00016040484287546385,0.04415840083712859,1.0221727060198715,0.5213129586907457,0.24227401710430665,0.662343248313647,0.6861191748633914
P12-037,0,nn_frozen,model_mismatch,0,,1,161,0.00807828766281208,0.04904256800144759,1.0795454545454546,0.5242482446808885,0.30264978191028197,0.2011040067895838,0.21136043410654834
P12-037,1,nn_frozen,model_mismatch,0,,1,161,0.008064092040158675,0.046755509362840404,1.0970187518312335,0.5306321232678397,0.23135119985452895,0.24796838844066776,0.22547235288406467
P12-037,2,nn_frozen,model_mismatch,0,,1,161,-0.0001717622340270281,0.03855496006999205,1.0757753071971914,0.5220071858805725,0.2843092572995568,0.23688179263834194,0.2441081831884882
P12-037,0,nn_adaptive,stable,0,,1,161,-0.021241963267432735,0.01697948336285006,1.0570007369196759,0.5259582055505686,0.25211745623733023,0.2091943994929538,0.18630476229998136
P12-037,1,nn_adaptive,stable,1,46,0,,0.03643344153959837,0.04567592791879753,1.0352333596534284,0.681609123235131,0.253967609145231,nan,nan
P12-037,2,nn_adaptive,stable,0,,1,161,-0.010768044623753095,0.03292528160024834,1.0398158971361777,0.5258662829298548,0.25966866119521154,0.214444978512796,0.23719933059353385
P12-037,0,nn_adaptive,routine_change,0,,1,161,-0.008688519230336542,0.054601572431529806,1.0323139277818718,0.5254329339735673,0.25211745623733023,0.5422582881991541,0.5553366328875582
P12-037,1,nn_adaptive,routine_change,0,,1,161,0.01194984987062077,0.05754846441680398,1.0218512680899843,0.5255889010910391,0.253967609145231,0.5198504872758777,0.5061271281486138
P12-037,2,nn_adaptive,routine_change,0,,1,161,-0.0026147129928508167,0.04660214464027659,1.0272866744593803,0.5211421541393275,0.25966866119521154,0.5815191078082406,0.5391322220477891
P12-037,0,nn_adaptive,model_mismatch,0,,1,161,0.0021711443108464053,0.04335049927940967,1.0379530600118836,0.5241927238202913,0.23386004734278418,0.2295377757431687,0.2400959049633856
P12-037,1,nn_adaptive,model_mismatch,1,112,0,,0.022045423665955976,0.03967736025323452,1.085665104014064,0.5304171661044974,0.25275572762567583,0.23020918141202,0.23694182004497671
P12-037,2,nn_adaptive,model_mismatch,0,,1,161,-0.001988131758556534,0.03842122104898714,1.0699605032182562,0.5250352409827095,0.24521462445516812,0.22861101960537092,0.21190889503031896
P12-038,0,flat,stable,0,,1,161,-0.1754915749141788,0.029530881356859117,1.0373015873015874,0.5724164795734006,nan,nan,nan
P12-038,1,flat,stable,0,,1,161,-0.18001562953064118,0.010007130567691563,1.1304994054696789,0.6143107783527425,nan,nan,nan
P12-038,2,flat,stable,0,,1,161,-0.1886792285207536,0.005785493914418354,1.0267567567567566,0.5571459166212429,nan,nan,nan
P12-038,0,flat,routine_change,0,,1,161,-0.25052511947055234,0.029530881356859117,1.0794973544973545,0.5873004728229527,nan,nan,nan
P12-038,1,flat,routine_change,0,,1,161,-0.2563476776578812,0.010007130567691563,1.137782401902497,0.61249247645838,nan,nan,nan
P12-038,2,flat,routine_change,0,,1,161,-0.26157172691591324,0.005785493914418354,1.0520270270270269,0.5661030181165362,nan,nan,nan
P12-038,0,flat,model_mismatch,0,,1,161,-0.15356675309489023,0.023304973494364785,1.040710090763481,0.5713423744495547,nan,nan,nan
P12-038,1,flat,model_mismatch,0,,1,161,-0.16452052725986271,0.003006690871231308,1.160529519172246,0.6341603065456206,nan,nan,nan
P12-038,2,flat,model_mismatch,0,,1,161,-0.1721697589815728,0.009055532587943307,1.0564784053156147,0.574280941510543,nan,nan,nan
P12-038,0,codex_rules,stable,0,,1,161,-0.2652562836345146,0.02625140509779145,0.9949735449735451,0.1615586501544108,nan,nan,nan
P12-038,1,codex_rules,stable,0,,1,161,-0.27442151539002874,-0.0007306026239312091,1.0946789536266348,0.1807544756978085,nan,nan,nan
P12-038,2,codex_rules,stable,0,,1,161,-0.28029837839392896,0.010776604336143168,0.977162162162162,0.16194675074006237,nan,nan,nan
P12-038,0,codex_rules,routine_change,0,,1,161,-0.2985418652603518,0.02625140509779145,0.9726190476190477,0.16535887370514218,nan,nan,nan
P12-038,1,codex_rules,routine_change,0,,1,161,-0.30726799166943614,-0.0007306026239312091,1.1181629013079666,0.18872500703911,nan,nan,nan
P12-038,2,codex_rules,routine_change,0,,1,161,-0.3113527053634322,0.010776604336143168,0.9787837837837837,0.16838065424567536,nan,nan,nan
P12-038,0,codex_rules,model_mismatch,1,23,0,,-0.019383978305279517,0.0411091799893542,1.0758809396689801,0.2690744770183954,nan,nan,nan
P12-038,1,codex_rules,model_mismatch,0,,1,161,-0.2554294082241021,0.01931584352428222,1.0783627510651248,0.17843996632619252,nan,nan,nan
P12-038,2,codex_rules,model_mismatch,0,,1,161,-0.25894461484768716,0.013124552001079315,1.0074750830564783,0.16650259173866278,nan,nan,nan
P12-038,0,habit_only,stable,0,,1,161,-0.18136837901037678,0.01784131501875989,0.9867724867724867,0.4851962312562532,nan,nan,nan
P12-038,1,habit_only,stable,0,,1,161,-0.19731238403998164,-0.015003056190014316,1.1077586206896552,0.4989199870952073,nan,nan,nan
P12-038,2,habit_only,stable,1,15,0,,-0.00989663519688422,-0.0036588059835622505,0.934358108108108,0.7424806920066084,nan,nan,nan
P12-038,0,habit_only,routine_change,0,,1,161,-0.2624975529756829,0.01784131501875989,1.0601851851851853,0.4494318783773624,nan,nan,nan
P12-038,1,habit_only,routine_change,0,,1,161,-0.27205445202419803,-0.015003056190014316,1.1368906064209274,0.4606508985500785,nan,nan,nan
P12-038,2,habit_only,routine_change,1,15,0,,-0.00989663519688422,-0.0036588059835622505,0.934358108108108,0.7424806920066084,nan,nan,nan
P12-038,0,habit_only,model_mismatch,0,,1,161,-0.1594564101471219,0.018535153842489993,1.032701548318206,0.49313310534381233,nan,nan,nan
P12-038,1,habit_only,model_mismatch,0,,1,161,-0.18504325191241724,-0.018894287978156114,1.1381618989653073,0.5063727021427933,nan,nan,nan
P12-038,2,habit_only,model_mismatch,0,,1,161,-0.18164245850845742,-0.0007732024352812958,1.0574473975636767,0.4915850654163478,nan,nan,nan
P12-038,0,nn_frozen,stable,0,,1,161,-0.1852630912037378,0.01881134146147382,0.9560846560846561,0.4808729350332827,0.4715556822292024,0.43971776595681566,0.49026939312642653
P12-038,1,nn_frozen,stable,0,,1,161,-0.20153490549000125,-0.019795602875921272,1.1032996432818072,0.4957992945375353,0.3851933040218314,0.4715898803695901,0.4247001845863228
P12-038,2,nn_frozen,stable,0,,1,161,-0.1979364255191196,-0.00477568071027371,0.9835135135135133,0.46833777877248933,0.48592119210695744,0.48127603392901364,0.4705574077008236
P12-038,0,nn_frozen,routine_change,0,,1,161,-0.26555730639921415,0.01881134146147382,1.0052910052910053,0.4357380253525362,0.4715556822292024,0.9321178303431609,1.037984853708705
P12-038,1,nn_frozen,routine_change,1,171,0,161,-0.24930105198351415,-0.019795602875921272,1.1383769322235433,0.4553291090607607,0.3851933040218314,0.7915865758700361,0.9072557964905487
P12-038,2,nn_frozen,routine_change,0,,1,161,-0.27585105273379174,-0.00477568071027371,1.0454054054054054,0.4330231607759527,0.48592119210695744,0.8901718619553368,0.9551216038988743
P12-038,0,nn_frozen,model_mismatch,0,,1,161,-0.1598262904342356,0.01912977237338969,1.0301655098772022,0.4902755717131999,0.46282273448809164,0.48018127364105645,0.41153189817722874
P12-038,1,nn_frozen,model_mismatch,0,,1,161,-0.1870346712935183,-0.019302971232889543,1.1005782105903834,0.4997574217908044,0.4383569352575608,0.49921345381475685,0.44668906939629416
P12-038,2,nn_frozen,model_mismatch,0,,1,161,-0.18312276891708482,-0.008892171984095334,1.0358527131782944,0.48414985924905973,0.4501912558418903,0.4452328857688514,0.4661292528652023
P12-038,0,nn_adaptive,stable,0,,1,161,-0.18390450604420022,0.018518004195327443,1.0193121693121694,0.48769317807371765,0.5025844860238597,0.4648270525002835,0.5146491202278682
P12-038,1,nn_adaptive,stable,0,,1,161,-0.20048149836274984,-0.019563274877516183,1.1056777645659928,0.4955976048740346,0.36614504847717677,0.46184994101848337,0.4206318063776349
P12-038,2,nn_adaptive,stable,1,15,0,,-0.010936709702780285,-0.005382535180194936,0.9350675675675675,0.7656305220158985,0.5133117065855127,nan,nan
P12-038,0,nn_adaptive,routine_change,0,,1,161,-0.2597749920800329,0.018518004195327443,1.0535714285714286,0.468561457695092,0.5025844860238597,0.6131959149826561,0.6474303747239747
P12-038,1,nn_adaptive,routine_change,0,,1,161,-0.2704942006197746,-0.019563274877516183,1.1379310344827585,0.48066089712512433,0.36614504847717677,0.5168487873010098,0.6089039962181443
P12-038,2,nn_adaptive,routine_change,1,15,0,,-0.010936709702780285,-0.005382535180194936,0.9350675675675675,0.7656305220158985,0.5133117065855127,nan,nan
P12-038,0,nn_adaptive,model_mismatch,0,,1,161,-0.16018527860132478,0.018692652761764243,1.0313667912439937,0.4921041394423878,0.49279888115869913,0.4358489033324842,0.5107731444392152
P12-038,1,nn_adaptive,model_mismatch,0,,1,161,-0.18549807641000626,-0.017434464665489695,1.158247108947048,0.49612798023988897,0.4614253383947178,0.4656774011523684,0.47956505674953354
P12-038,2,nn_adaptive,model_mismatch,0,,1,161,-0.18269759029278046,-0.0005697511687058858,1.0577242524916943,0.48989427095264476,0.46933110087249946,0.4048926912011768,0.4886385289318261
P12-039,0,flat,stable,0,,1,161,-0.004731384613754406,0.1065252134326536,0.9654842508095378,0.5198835728470204,nan,nan,nan
P12-039,1,flat,stable,1,58,0,,0.004369295003621234,0.030702902736290807,1.0475486292799454,0.6813538836165987,nan,nan,nan
P12-039,2,flat,stable,0,,1,161,-0.10316751741460159,-0.02301375594415871,0.974781692261367,0.5277483739090709,nan,nan,nan
P12-039,0,flat,routine_change,0,,1,161,-0.006664118055668666,0.1065252134326536,0.9225051516043569,0.5049343192247245,nan,nan,nan
P12-039,1,flat,routine_change,0,,1,161,-0.042635102319443584,0.03670892827763629,1.0389900926813678,0.5665654640726019,nan,nan,nan
P12-039,2,flat,routine_change,0,,1,161,-0.10058077055688676,-0.023810360008669477,0.9488858777476663,0.518579919324339,nan,nan,nan
P12-039,0,flat,model_mismatch,1,18,0,,0.05805401388381597,0.04998233134296975,0.9335212663796042,0.8358079365571078,nan,nan,nan
P12-039,1,flat,model_mismatch,0,,1,161,-0.03291603010261047,0.03324293503481784,1.0791025221094006,0.5872139483551814,nan,nan,nan
P12-039,2,flat,model_mismatch,0,,1,161,-0.08956023675202109,-0.02788994314094098,0.9721555088561994,0.5260817195966683,nan,nan,nan
P12-039,0,codex_rules,stable,0,,1,161,-0.03549398482458026,0.2673672256823569,0.9540771268766559,0.14902488524413424,nan,nan,nan
P12-039,1,codex_rules,stable,0,,1,161,-0.07174166916908623,0.1771149503120156,1.0459411952700544,0.16120353818898123,nan,nan,nan
P12-039,2,codex_rules,stable,1,2,0,,0.26215286413827366,0.26215286413827366,0.910569105691057,0.2720844602694822,nan,nan,nan
P12-039,0,codex_rules,routine_change,0,,1,161,-0.035317155875750864,0.2673672256823569,0.9244186046511628,0.1459732717685729,nan,nan,nan
P12-039,1,codex_rules,routine_change,0,,1,161,-0.06981854833928601,0.1771149503120156,0.9996005113454779,0.1570281096409629,nan,nan,nan
P12-039,2,codex_rules,routine_change,1,2,0,,0.26215286413827366,0.26215286413827366,0.910569105691057,0.2720844602694822,nan,nan,nan
P12-039,0,codex_rules,model_mismatch,0,,1,161,-0.024314421724317938,0.2844999018445282,0.9537227781047677,0.14830394958124662,nan,nan,nan
P12-039,1,codex_rules,model_mismatch,0,,1,161,-0.060471629725793195,0.21581424571499755,1.0773010153946938,0.1662981459134407,nan,nan,nan
P12-039,2,codex_rules,model_mismatch,0,,1,161,-0.11483945473835963,0.18471983740059092,0.965250675472831,0.14849035380131995,nan,nan,nan
P12-039,0,habit_only,stable,0,,1,161,-0.01791808041823962,0.045287947872419285,0.9781424786576391,0.501429884097552,nan,nan,nan
P12-039,1,habit_only,stable,0,,1,161,-0.05431643623934536,0.030862696990964993,1.0448226270373921,0.5105947262533228,nan,nan,nan
P12-039,2,habit_only,stable,0,,1,161,-0.11113912706979327,-0.05335189342459644,0.974781692261367,0.49993433729447034,nan,nan,nan
P12-039,0,habit_only,routine_change,0,,1,161,-0.017745652220054565,0.045287947872419285,0.9480423903444216,0.47893032745237263,nan,nan,nan
P12-039,1,habit_only,routine_change,0,,1,161,-0.05220469364506655,0.030862696990964993,1.0176573985298818,0.4891024764980118,nan,nan,nan
P12-039,2,habit_only,routine_change,0,,1,161,-0.11063697799031354,-0.021175255930916074,0.941282746160795,0.477162154360756,nan,nan,nan
P12-039,0,habit_only,model_mismatch,0,,1,161,-0.010185811847383756,0.052738020757513215,0.9643172454384933,0.4969710993914218,nan,nan,nan
P12-039,1,habit_only,model_mismatch,0,,1,161,-0.04500976591015404,0.03475134313440409,1.0804127088110056,0.5130557483107403,nan,nan,nan
P12-039,2,habit_only,model_mismatch,0,,1,161,-0.09442856105903988,-0.043827522618400505,0.971404983488442,0.49670067556793895,nan,nan,nan
P12-039,0,nn_frozen,stable,0,,1,161,-0.014452753448901765,0.10421397888064407,0.9648954960259053,0.49156353964501437,0.3238920013134221,0.3365230494126971,0.3936526067293464
P12-039,1,nn_frozen,stable,0,,1,161,-0.05337603623471284,0.034083700976910825,1.0476190476190477,0.5052196857128683,0.3066419416464531,0.3359714230426465,0.4078025129419552
P12-039,2,nn_frozen,stable,0,,1,161,-0.11001346467714249,-0.050028244415155805,0.9758355916892504,0.49814342040786574,0.3281217522427535,0.3360637865918054,0.38044805526844483
P12-039,0,nn_frozen,routine_change,0,,1,161,-0.01725718893072595,0.10421397888064407,0.9476744186046511,0.46881490877981014,0.3238920013134221,0.6319177751427896,0.6654044459397452
P12-039,1,nn_frozen,routine_change,0,,1,161,-0.053300017391370365,0.034083700976910825,1.0215723873441995,0.48218235900243406,0.3066419416464531,0.622779583640155,0.6095350682597908
P12-039,2,nn_frozen,routine_change,0,,1,161,-0.1091026837215437,-0.007360867275829579,0.9239686841312857,0.4708287865711743,0.3281217522427535,0.6400952748421409,0.5604031228790598
P12-039,0,nn_frozen,model_mismatch,1,35,0,,0.052316865360914566,0.10590250525719,0.9156856974690994,0.6785854320943281,0.34289161259105505,nan,nan
P12-039,1,nn_frozen,model_mismatch,0,,1,161,-0.047443714448253724,0.014053846612151963,1.0768096953815918,0.5063083077253998,0.2839865714591328,0.3440545985689621,0.4071001546526754
P12-039,2,nn_frozen,model_mismatch,0,,1,161,-0.09340584728162056,-0.038465194314317164,0.9710297208045632,0.4938934336385127,0.3255148453658658,0.33590889679836533,0.39258273249417863
P12-039,0,nn_adaptive,stable,0,,1,161,-0.015111266886638209,0.051469802733319754,0.9644539299381808,0.5017660262468325,0.35810351524902534,0.33082694857111944,0.3618881334090532
P12-039,1,nn_adaptive,stable,0,,1,161,-0.05109248153275675,0.019030586471982,1.0476190476190477,0.5087928231898526,0.3657556037139769,0.3555636046215777,0.4089778160933458
P12-039,2,nn_adaptive,stable,0,,1,161,-0.11127705364754485,-0.046761693061994423,0.9752333634447456,0.49927876832671475,0.3395933487711841,0.3594848227674401,0.4017755564183968
P12-039,0,nn_adaptive,routine_change,0,,1,161,-0.01793825896775599,0.051469802733319754,0.9252281424786576,0.49120594000683004,0.35810351524902534,0.4787736418026854,0.3893799242946003
P12-039,1,nn_adaptive,routine_change,0,,1,161,-0.04917807696755125,0.027052727208116627,1.0229306487695748,0.5032893381657583,0.3657556037139769,0.39629811868828935,0.3303772907776828
P12-039,2,nn_adaptive,routine_change,0,,1,161,-0.1105038489304512,-0.048793200900155646,0.924269798253538,0.49220010880681464,0.3395933487711841,0.41785271656585515,0.3677529053946186
P12-039,0,nn_adaptive,model_mismatch,0,,1,161,-0.00659320279380765,0.0588406440677841,0.9659358446144791,0.5016605459873398,0.37047348514731915,0.34944325220890826,0.3748887090053393
P12-039,1,nn_adaptive,model_mismatch,0,,1,161,-0.044753280090571966,0.009201952328241305,1.0796757287913528,0.5137000856372772,0.3346314410079492,0.3461148494992983,0.41704587883501165
P12-039,2,nn_adaptive,model_mismatch,0,,1,161,-0.09462761789044377,-0.019472232491590885,0.9711047733413388,0.49549632589209514,0.3609295490435347,0.35071903929874326,0.3478458251721577
P12-040,0,flat,stable,0,,1,161,0.009180592527363111,0.08696904496796078,1.0571406928593072,0.576949473255417,nan,nan,nan
P12-040,1,flat,stable,0,,1,161,-0.00228120514179604,0.07874647130369025,0.9744587747581759,0.5347042143343733,nan,nan,nan
P12-040,2,flat,stable,0,,1,161,0.009985477518924335,0.07182238056304782,0.9833986196605111,0.5331466931547473,nan,nan,nan
P12-040,0,flat,routine_change,0,,1,161,0.01576403457714349,0.1622036654691008,0.9409908090091911,0.5367221487193304,nan,nan,nan
P12-040,1,flat,routine_change,0,,1,161,0.010155477979562571,0.15286369591129315,0.8642791340396131,0.49765109739276786,nan,nan,nan
P12-040,2,flat,routine_change,0,,1,161,0.015950574434878437,0.16955323079332432,0.8543182242119008,0.48860315040503416,nan,nan,nan
P12-040,0,flat,model_mismatch,1,23,0,,0.06001160581694157,0.07967123000920696,1.0139168006430868,0.8774800538585231,nan,nan,nan
P12-040,1,flat,model_mismatch,0,,1,161,-0.0379087937094041,0.026563023028865825,1.0025498045944143,0.5507664063000608,nan,nan,nan
P12-040,2,flat,model_mismatch,0,,1,161,0.020921921766479095,0.08300480060251861,0.9988586602068388,0.5430648587237661,nan,nan,nan
P12-040,0,codex_rules,stable,0,,1,161,-0.03426037254776851,0.3984028442935474,1.0524694475305525,0.1051313038726059,nan,nan,nan
P12-040,1,codex_rules,stable,0,,1,161,-0.03950590228289432,0.4054972385234246,0.9617687701520037,0.09693647504926958,nan,nan,nan
P12-040,2,codex_rules,stable,1,6,0,,0.4283374131299634,0.4283374131299634,1.1866256295467266,0.20002775133064646,nan,nan,nan
P12-040,0,codex_rules,routine_change,0,,1,161,-0.030562435408684314,0.3984028442935474,0.9373295626704373,0.0998006774722524,nan,nan,nan
P12-040,1,codex_rules,routine_change,0,,1,161,-0.03475554515055741,0.4054972385234246,0.8602257024412713,0.0919688953045123,nan,nan,nan
P12-040,2,codex_rules,routine_change,1,6,0,,0.4283374131299634,0.4283374131299634,1.1866256295467266,0.20002775133064646,nan,nan,nan
P12-040,0,codex_rules,model_mismatch,1,11,0,,0.36065230636631357,0.40945129327805374,1.1528336012861737,0.19457477085047484,nan,nan,nan
P12-040,1,codex_rules,model_mismatch,0,,1,161,-0.07696907835832051,0.3737602713924163,0.9964255075779239,0.09974011461757953,nan,nan,nan
P12-040,2,codex_rules,model_mismatch,1,4,0,,0.47139837181399147,0.47139837181399147,0.9700736047703346,0.18243642732527973,nan,nan,nan
P12-040,0,habit_only,stable,0,,1,161,-0.012435868156612063,0.04358827153348777,1.042015957984042,0.5172638682773155,nan,nan,nan
P12-040,1,habit_only,stable,0,,1,161,-0.013372506990838669,0.034152942014620366,0.9655918931368033,0.5109935003968067,nan,nan,nan
P12-040,2,habit_only,stable,0,,1,161,-0.0036021016385954716,0.05222163813839652,0.9836084685692968,0.5154329158899196,nan,nan,nan
P12-040,0,habit_only,routine_change,0,,1,161,0.005875775116101372,0.09234645174879898,0.9238460761539238,0.5019775220199355,nan,nan,nan
P12-040,1,habit_only,routine_change,0,,1,161,0.009051397586669308,0.12031040679070111,0.8614002763703362,0.49973496610032264,nan,nan,nan
P12-040,2,habit_only,routine_change,0,,1,161,0.01613878267989934,0.1300684403225626,0.8536886774855437,0.5014359499151091,nan,nan,nan
P12-040,0,habit_only,model_mismatch,0,,1,161,-0.005398094685752738,0.051916704567547226,1.049487540192926,0.5154534583200611,nan,nan,nan
P12-040,1,habit_only,model_mismatch,0,,1,161,-0.04957884020123292,0.0012775436063790838,0.9987608426270137,0.5107120252535173,nan,nan,nan
P12-040,2,habit_only,model_mismatch,0,,1,161,0.005587791825234627,0.06480389858144395,0.9825072207211405,0.5156211279816023,nan,nan,nan
P12-040,0,nn_frozen,stable,0,,1,161,-0.009155006788872046,0.04947210213298438,1.0571911928088071,0.5307795468190709,0.2938601921997823,0.3279305584775724,0.31821735090282804
P12-040,1,nn_frozen,stable,0,,1,161,-0.00905252364018705,0.05493670630808383,0.9651082450483647,0.5254331778482955,0.2756098437858158,0.3030157650132085,0.35354717882654685
P12-040,2,nn_frozen,stable,0,,1,161,-0.0006600039864925766,0.056230779498749925,0.9988808058198098,0.5323923026857346,0.374014403340549,0.3137766910324543,0.30512238221519106
P12-040,0,nn_frozen,routine_change,0,,1,161,0.007754648384270857,0.09523096131254824,0.9408645591354408,0.518197773577711,0.2938601921997823,0.4503193680653848,0.5264029307370303
P12-040,1,nn_frozen,routine_change,0,,1,161,0.010951671156627417,0.10736273830355135,0.8575541225241824,0.5083169097490163,0.2756098437858158,0.4967295192839195,0.5040380239383213
P12-040,2,nn_frozen,routine_change,0,,1,161,0.018122687210820294,0.13712706105128117,0.8737175900018653,0.5161565290900706,0.374014403340549,0.5124350491627226,0.4930002559736027
P12-040,0,nn_frozen,model_mismatch,1,150,0,,0.019588582730399807,0.05835209881907489,1.0465986736334405,0.5297441633254331,0.30055641348011897,0.3376450754869524,0.295760297775852
P12-040,1,nn_frozen,model_mismatch,0,,1,161,-0.04640253889540791,0.008694279874471939,0.9997378705557145,0.5285314622054958,0.3188137818723905,0.2986192917247275,0.346239767366872
P12-040,2,nn_frozen,model_mismatch,0,,1,161,0.009025829575387024,0.06277667452814936,0.9822277089350602,0.5262931821116492,0.31376824918287277,0.3059399208080754,0.31635688270173157
P12-040,0,nn_adaptive,stable,0,,1,161,-0.005670382645369369,0.05855909606103514,1.058049691950308,0.5248089949942144,0.25572329243374253,0.27132719196781174,0.3275573132590088
P12-040,1,nn_adaptive,stable,0,,1,161,-0.012153958502299023,0.04850979080159189,0.9585905112851221,0.5217180485913875,0.28254913563223,0.3021045002516277,0.33795144915221004
P12-040,2,nn_adaptive,stable,0,,1,161,0.0035333572818740584,0.07060179710931772,0.9979481440029846,0.5248451538240895,0.31714181705083083,0.26641919058669006,0.3246522098755319
P12-040,0,nn_adaptive,routine_change,0,,1,161,0.010366175781058567,0.11246854672419837,0.9199070800929199,0.5055443427882603,0.25572329243374253,0.4796546814760613,0.49005837788974554
P12-040,1,nn_adaptive,routine_change,0,,1,161,0.009902942173459637,0.12801872582919635,0.8525333947489636,0.5059993716786271,0.28254913563223,0.4977648824060055,0.4011574599659805
P12-040,2,nn_adaptive,routine_change,0,,1,161,0.01838105535455654,0.13597273557671072,0.8736942734564447,0.5051262384591919,0.31714181705083083,0.5223075179632105,0.47822718394919495
P12-040,0,nn_adaptive,model_mismatch,0,,1,161,0.0018695929566806514,0.06797154661679201,1.0499397106109325,0.5245670926536699,0.23657899920312145,0.3045973882074196,0.32962104441248924
P12-040,1,nn_adaptive,model_mismatch,0,,1,161,-0.04600354363385638,0.013186452268969006,0.9998331903536365,0.5237170424149283,0.2807706805417306,0.2871117275496528,0.26659964292917027
P12-040,2,nn_adaptive,model_mismatch,0,,1,161,0.010118733854875018,0.06234478485907508,0.9822510015839001,0.5211403163734016,0.3132936780099894,0.2640562187964141,0.3139980107193424
P12-041,0,flat,stable,0,,1,161,0.005181937875822946,0.08937031034293393,1.012891102954029,0.54892044532469,nan,nan,nan
P12-041,1,flat,stable,0,,1,161,-0.03871510680618677,0.03742437887925876,1.0274866861364025,0.5556356725130169,nan,nan,nan
P12-041,2,flat,stable,1,31,0,,0.01593191300164045,0.0374479966411649,1.0135224274406331,0.8185974654986822,nan,nan,nan
P12-041,0,flat,routine_change,1,73,0,,0.05908032874164173,0.10608096208169475,1.0029904051928173,0.5851523291731053,nan,nan,nan
P12-041,1,flat,routine_change,0,,1,161,-0.0310378919702639,0.09134869696274302,0.9983250300635629,0.5441495535953933,nan,nan,nan
P12-041,2,flat,routine_change,1,31,0,,0.01593191300164045,0.0374479966411649,1.0135224274406331,0.8185974654986822,nan,nan,nan
P12-041,0,flat,model_mismatch,1,13,0,,0.04461566123498708,0.05207403759669206,1.0076896190143305,0.9454666200629137,nan,nan,nan
P12-041,1,flat,model_mismatch,0,,1,161,-0.012947078481873391,0.0667570294512025,1.0268240343347639,0.5559627060984483,nan,nan,nan
P12-041,2,flat,model_mismatch,0,,1,161,-0.0037667019879334073,0.09882800723451626,1.0421481092436975,0.5656839337677124,nan,nan,nan
P12-041,0,codex_rules,stable,1,4,0,,0.4095182033676143,0.4095182033676143,0.9455689564761406,0.22836322312889537,nan,nan,nan
P12-041,1,codex_rules,stable,0,,1,161,-0.07913826881034766,0.33009745442936805,1.0237072667926472,0.12796066416011115,nan,nan,nan
P12-041,2,codex_rules,stable,0,,1,161,-0.06421310580338711,0.3087240827069759,1.0346525945470535,0.13027635485457606,nan,nan,nan
P12-041,0,codex_rules,routine_change,1,4,0,,0.4095182033676143,0.4095182033676143,0.9455689564761406,0.22836322312889537,nan,nan,nan
P12-041,1,codex_rules,routine_change,0,,1,161,-0.0750832437145411,0.33009745442936805,0.9980673423810342,0.12518486416846752,nan,nan,nan
P12-041,2,codex_rules,routine_change,0,,1,161,-0.061689950033360356,0.3087240827069759,1.0172383465259456,0.1283385166678118,nan,nan,nan
P12-041,0,codex_rules,model_mismatch,1,18,0,,0.2819677216940804,0.39365260373626043,1.0525303997498114,0.21618345739070105,nan,nan,nan
P12-041,1,codex_rules,model_mismatch,0,,1,161,-0.05519551796887998,0.3590360540868164,1.0283690987124463,0.12915448225138226,nan,nan,nan
P12-041,2,codex_rules,model_mismatch,1,11,0,,0.3047427039971809,0.3367942850150016,1.0658700980392157,0.2302532188803646,nan,nan,nan
P12-041,0,habit_only,stable,0,,1,161,-0.011301953208169482,0.04936700200738031,0.9944502709316553,0.514964445439805,nan,nan,nan
P12-041,1,habit_only,stable,0,,1,161,-0.05247854599335214,0.02754233458872867,0.9986686136402679,0.5057485439590972,nan,nan,nan
P12-041,2,habit_only,stable,0,,1,161,-0.0415052839389494,0.03250322903729677,1.0391820580474933,0.508777798641144,nan,nan,nan
P12-041,0,habit_only,routine_change,0,,1,161,-0.0055473549802426145,0.08522566479496788,0.982389442405174,0.49622020438447084,nan,nan,nan
P12-041,1,habit_only,routine_change,0,,1,161,-0.04930257321561799,0.048048240394363326,0.998711561587356,0.4860641945794832,nan,nan,nan
P12-041,2,habit_only,routine_change,0,,1,161,-0.0383518069868503,0.06132694893655133,1.0197889182058046,0.4877335720443745,nan,nan,nan
P12-041,0,habit_only,model_mismatch,0,,1,161,-6.199405104202418e-05,0.06402728223003334,0.9927472911569382,0.5137522807642875,nan,nan,nan
P12-041,1,habit_only,model_mismatch,0,,1,161,-0.03029972990068569,0.05118154773001195,1.0265236051502145,0.515153841746459,nan,nan,nan
P12-041,2,habit_only,model_mismatch,0,,1,161,-0.020773728182463966,0.05269403755139163,1.041579131652661,0.5081895607797464,nan,nan,nan
P12-041,0,nn_frozen,stable,0,,1,161,-0.007900757786868889,0.061939288928011135,1.0138961719979025,0.5253924393611454,0.3075010781399924,0.34694217883863226,0.34850991892742583
P12-041,1,nn_frozen,stable,0,,1,161,-0.04760912962277772,0.03001365211204265,1.0027916165607285,0.5187378244629016,0.32857692955354184,0.34515626229665214,0.3476627992868427
P12-041,2,nn_frozen,stable,0,,1,161,-0.03644821961959537,0.032062606240361634,1.038830255057168,0.5215412260073119,0.3274129565848359,0.38447053547248655,0.34001806669274703
P12-041,0,nn_frozen,routine_change,0,,1,161,-0.0012848100156522453,0.07959246876569728,1.0103128823632233,0.5050772099988924,0.3075010781399924,0.4465029725204483,0.4757032239464274
P12-041,1,nn_frozen,routine_change,0,,1,161,-0.04536135995400813,0.053112814572314516,0.9984538739048273,0.4965014797580281,0.32857692955354184,0.44257361157633773,0.4342899311319591
P12-041,2,nn_frozen,routine_change,0,,1,161,-0.03384419389876541,0.05843257390900665,1.0197009674582234,0.49865304518814707,0.3274129565848359,0.5055526410674183,0.5245156042893351
P12-041,0,nn_frozen,model_mismatch,0,,1,161,0.0033312115502695185,0.07486521293641142,0.9935774204823489,0.5219943375131402,0.2457028046548635,0.3320114855464185,0.3678532726214961
P12-041,1,nn_frozen,model_mismatch,0,,1,161,-0.027513879240724952,0.05249264707482192,1.0234763948497854,0.5219260421170119,0.3491355492828134,0.33500636547219315,0.3465273544529824
P12-041,2,nn_frozen,model_mismatch,0,,1,161,-0.016363888988318424,0.06890932902577893,1.0337885154061626,0.5198252956661403,0.32781887330988196,0.3918518503901363,0.41254230394587127
P12-041,0,nn_adaptive,stable,0,,1,161,-0.0036339282635954877,0.05944130305971168,0.9927460234224785,0.5181058959136347,0.3311460449563178,0.33809006582856277,0.3988244513728782
P12-041,1,nn_adaptive,stable,0,,1,161,-0.050195866584573125,0.021616084772544515,1.024609173681498,0.5123356798300472,0.38350229152172133,0.3393491971616459,0.3181532050982243
P12-041,2,nn_adaptive,stable,0,,1,161,-0.032672413129982786,0.05802288447166647,1.0341248900615656,0.5199400488877147,0.3342775003853532,0.35829023023073,0.34049274618973374
P12-041,0,nn_adaptive,routine_change,0,,1,161,-0.00041266651475153096,0.07769062860339444,0.9971595874847055,0.510335301054962,0.3311460449563178,0.35983738151854333,0.30889949561883767
P12-041,1,nn_adaptive,routine_change,0,,1,161,-0.04549667926971668,0.03600542313367706,1.0048531180209586,0.5019623185109736,0.38350229152172133,0.4018997723258699,0.3561104580738122
P12-041,2,nn_adaptive,routine_change,0,,1,161,-0.030789058300559776,0.0783447669929782,1.0184696569920844,0.5072095633979997,0.3342775003853532,0.43151181618406725,0.3950911454595301
P12-041,0,nn_adaptive,model_mismatch,0,,1,161,0.005544767227799888,0.07477031940335002,1.004674938832576,0.5188298345894001,0.2808656989986288,0.34357338474455673,0.3944162586700854
P12-041,1,nn_adaptive,model_mismatch,0,,1,161,-0.023203791236480645,0.04501504382082829,1.0243776824034334,0.5156844518340074,0.37139678649620345,0.35159853815446374,0.37501548638284465
P12-041,2,nn_adaptive,model_mismatch,0,,1,161,-0.010712304704994216,0.07744933957988762,1.0474002100840336,0.5179353431421831,0.3373687104680306,0.37039399607040885,0.39729614749122744
P12-042,0,flat,stable,0,,1,161,-0.04657645206923011,0.12091837589526498,0.8986748545572074,0.47753489715070596,nan,nan,nan
P12-042,1,flat,stable,1,1,0,,0.20032085083714307,0.20032085083714307,0.5804758572428271,0.5804758572428271,nan,nan,nan
P12-042,2,flat,stable,1,25,0,,-0.011833247213902246,0.017723220507485253,1.0574582897417544,0.9062201032982763,nan,nan,nan
P12-042,0,flat,routine_change,0,,1,161,-0.051768339136001124,0.12091837589526498,0.8089851325145442,0.4493311186193096,nan,nan,nan
P12-042,1,flat,routine_change,1,1,0,,0.20032085083714307,0.20032085083714307,0.5804758572428271,0.5804758572428271,nan,nan,nan
P12-042,2,flat,routine_change,1,25,0,,-0.011833247213902246,0.017723220507485253,1.0574582897417544,0.9062201032982763,nan,nan,nan
P12-042,0,flat,model_mismatch,0,,1,161,-0.04143848701569737,0.08436909049891339,0.8868167202572348,0.47196068093043536,nan,nan,nan
P12-042,1,flat,model_mismatch,0,,1,161,-0.06364068178659948,0.07269315694134279,0.9725931131412509,0.527036533099548,nan,nan,nan
P12-042,2,flat,model_mismatch,0,,1,161,-0.07516300012113648,0.12000406761374993,1.012472885032538,0.5589386248437922,nan,nan,nan
P12-042,0,codex_rules,stable,0,,1,161,-0.09966513784384588,0.24051096560649393,0.8894634776987717,0.16557665522412732,nan,nan,nan
P12-042,1,codex_rules,stable,1,1,0,,0.30299862278314516,0.30299862278314516,0.5804758572428271,0.20452655632563518,nan,nan,nan
P12-042,2,codex_rules,stable,0,,1,161,-0.1460501549986157,0.12062178261921316,1.0127057981388692,0.196242144329748,nan,nan,nan
P12-042,0,codex_rules,routine_change,0,,1,161,-0.10353431550860086,0.24051096560649393,0.8115707821590173,0.15847359153449736,nan,nan,nan
P12-042,1,codex_rules,routine_change,1,1,0,,0.30299862278314516,0.30299862278314516,0.5804758572428271,0.20452655632563518,nan,nan,nan
P12-042,2,codex_rules,routine_change,1,83,0,,-0.0734893429859433,0.12062178261921316,0.9624194702934861,0.18972083688544933,nan,nan,nan
P12-042,0,codex_rules,model_mismatch,1,2,0,,0.37220726725511805,0.37220726725511805,0.6707395498392282,0.2571945801079307,nan,nan,nan
P12-042,1,codex_rules,model_mismatch,1,4,0,,0.233871747535885,0.233871747535885,0.7526352775825721,0.2823513176344591,nan,nan,nan
P12-042,2,codex_rules,model_mismatch,0,,1,161,-0.12233969471437227,0.15280694087330368,1.0256688358640635,0.19831253191523454,nan,nan,nan
P12-042,0,habit_only,stable,0,,1,161,-0.050927252140202744,0.07194482342541934,0.8978668390433096,0.44892657896889787,nan,nan,nan
P12-042,1,habit_only,stable,1,1,0,,0.21404515148905678,0.21404515148905678,0.5804758572428271,0.4925585623855183,nan,nan,nan
P12-042,2,habit_only,stable,0,,1,161,-0.11156957476335574,0.03691062265697533,1.011632068718683,0.48658611384484246,nan,nan,nan
P12-042,0,habit_only,routine_change,0,,1,161,-0.057589499370583726,0.07194482342541934,0.808338720103426,0.4269158947631444,nan,nan,nan
P12-042,1,habit_only,routine_change,1,1,0,,0.21404515148905678,0.21404515148905678,0.5804758572428271,0.4925585623855183,nan,nan,nan
P12-042,2,habit_only,routine_change,0,,1,161,-0.11247482655596522,0.03691062265697533,0.9625984251968506,0.4682732508796211,nan,nan,nan
P12-042,0,habit_only,model_mismatch,0,,1,161,-0.04120466254448134,0.08104786522017848,0.8927652733118971,0.45322783455256094,nan,nan,nan
P12-042,1,habit_only,model_mismatch,0,,1,161,-0.07869129616804617,0.07868230621421439,0.9516865776528461,0.4544599153425276,nan,nan,nan
P12-042,2,habit_only,model_mismatch,0,,1,161,-0.09298819916267816,0.060474990655937484,1.012472885032538,0.4741767422086567,nan,nan,nan
P12-042,0,nn_frozen,stable,0,,1,161,-0.053222604774463216,0.08542116866040535,0.8928571428571427,0.44132962016898747,0.5446843062736584,0.5332297983455043,0.47947273514009076
P12-042,1,nn_frozen,stable,1,1,0,,0.21738108040165793,0.21738108040165793,0.5804758572428271,0.5039479676632003,nan,nan,nan
P12-042,2,nn_frozen,stable,0,,1,161,-0.11009171034055044,0.03786829614817932,1.011632068718683,0.4762319268039952,0.5647932684336859,0.49610516227156326,0.4940770751936049
P12-042,0,nn_frozen,routine_change,0,,1,161,-0.06054788715044708,0.08542116866040535,0.8089851325145442,0.4211605544567433,0.5446843062736584,0.6038546406233739,0.7510655476812873
P12-042,1,nn_frozen,routine_change,1,1,0,,0.21738108040165793,0.21738108040165793,0.5804758572428271,0.5039479676632003,nan,nan,nan
P12-042,2,nn_frozen,routine_change,0,,1,161,-0.11006305830655329,0.03786829614817932,0.9625984251968506,0.46311329109627236,0.5647932684336859,0.5988381909832851,0.5953615841413052
P12-042,0,nn_frozen,model_mismatch,0,,1,161,-0.04429319856025561,0.07825641575779328,0.8901929260450161,0.4463442052707464,0.5346031892811637,0.5199344037808391,0.45360595977661716
P12-042,1,nn_frozen,model_mismatch,0,,1,161,-0.07767795476536678,0.071571721256935,0.9509838369641602,0.4505321115634192,0.4258687048150153,0.4675787938911577,0.5867636335724243
P12-042,2,nn_frozen,model_mismatch,0,,1,161,-0.09277984904979736,0.06287627852869852,1.0108459869848154,0.4623675496071579,0.5157040587026335,0.5478934869053073,0.4805086712548111
P12-042,0,nn_adaptive,stable,0,,1,161,-0.0491935797688701,0.07852056012761136,0.8907563025210083,0.46425908138195454,0.5307221381319607,0.5482441458034432,0.5142712234255514
P12-042,1,nn_adaptive,stable,1,1,0,,0.21738108040165793,0.21738108040165793,0.5804758572428271,0.5039479676632003,nan,nan,nan
P12-042,2,nn_adaptive,stable,0,,1,161,-0.11406596889625577,0.024788159433820376,1.0123478883321404,0.48151033612879585,0.5760047164143458,0.45087973873081194,0.47194257623998964
P12-042,0,nn_adaptive,routine_change,0,,1,161,-0.05831849634247769,0.07852056012761136,0.8085003232062055,0.4561535595309625,0.5307221381319607,0.4598151109573235,0.49494436146991955
P12-042,1,nn_adaptive,routine_change,1,1,0,,0.21738108040165793,0.21738108040165793,0.5804758572428271,0.5039479676632003,nan,nan,nan
P12-042,2,nn_adaptive,routine_change,0,,1,161,-0.11835849147271389,0.024788159433820376,0.9896206156048676,0.46886211650656573,0.5760047164143458,0.5899398404711285,0.43260136096773316
P12-042,0,nn_adaptive,model_mismatch,0,,1,161,-0.043666427742235975,0.06603615788716961,0.8921221864951768,0.4693143448049197,0.5475485279401215,0.48525243800031775,0.45797791771090607
P12-042,1,nn_adaptive,model_mismatch,0,,1,161,-0.07766394263714839,0.06460022283240852,0.9682009838369643,0.47010383119740484,0.44193242796108445,0.44357579926890933,0.5765843829473974
P12-042,2,nn_adaptive,model_mismatch,0,,1,161,-0.09465333251062592,0.052883382320172735,1.011930585683297,0.4625069072102635,0.6012927688590793,0.5496258424257952,0.4922114793256254
P12-043,0,flat,stable,0,,1,161,-0.14720715902849918,0.05269029925569373,1.027266530334015,0.5458216259693105,nan,nan,nan
P12-043,1,flat,stable,0,,1,161,-0.0900567205670636,0.11905659792599178,0.9048064918851434,0.4773237279950629,nan,nan,nan
P12-043,2,flat,stable,1,19,0,,0.07655837369832277,0.11500461953267162,0.9737788331071913,0.872937801899593,nan,nan,nan
P12-043,0,flat,routine_change,0,,1,161,-0.1452649856604474,0.05269029925569373,1.0276073619631902,0.5459393291766218,nan,nan,nan
P12-043,1,flat,routine_change,0,,1,161,-0.09508202669144664,0.11905659792599178,0.9101123595505618,0.47890907958565937,nan,nan,nan
P12-043,2,flat,routine_change,1,19,0,,0.07655837369832277,0.11500461953267162,0.9737788331071913,0.872937801899593,nan,nan,nan
P12-043,0,flat,model_mismatch,0,,1,161,-0.155791919948167,-0.037392355298824675,1.058176100628931,0.5644981090834632,nan,nan,nan
P12-043,1,flat,model_mismatch,0,,1,161,-0.10860388780267935,0.009207872344196883,0.9481707317073171,0.5048398634071328,nan,nan,nan
P12-043,2,flat,model_mismatch,0,,1,161,-0.07947461743230447,0.04953312009094075,1.066275764036958,0.5888352048001693,nan,nan,nan
P12-043,0,codex_rules,stable,0,,1,161,-0.19858618068698647,0.04508257352533063,0.9775051124744376,0.1787996205970845,nan,nan,nan
P12-043,1,codex_rules,stable,1,5,0,,0.15917212498616504,0.15917212498616504,0.9678526841448188,0.317713605936822,nan,nan,nan
P12-043,2,codex_rules,stable,0,,1,161,-0.08821051846057741,0.21851943497554233,0.9579375848032565,0.18004195837620066,nan,nan,nan
P12-043,0,codex_rules,routine_change,0,,1,161,-0.19864613088006516,0.04508257352533063,0.9752897068847989,0.1786582337875275,nan,nan,nan
P12-043,1,codex_rules,routine_change,1,5,0,,0.15917212498616504,0.15917212498616504,0.9678526841448188,0.317713605936822,nan,nan,nan
P12-043,2,codex_rules,routine_change,1,55,0,,0.008361734017401602,0.21851943497554233,1.016112618724559,0.22792780478338212,nan,nan,nan
P12-043,0,codex_rules,model_mismatch,0,,1,161,-0.2029024275015695,0.011536004228691384,1.005066387141859,0.18430336503185377,nan,nan,nan
P12-043,1,codex_rules,model_mismatch,0,,1,161,-0.15220116504191727,0.18363690321607903,0.9423940949935816,0.1665625121340558,nan,nan,nan
P12-043,2,codex_rules,model_mismatch,0,,1,161,-0.1269960887547344,0.13192568448507017,1.0552594171997156,0.19483261322392834,nan,nan,nan
P12-043,0,habit_only,stable,0,,1,161,-0.15626027252605773,-0.027536019544388,1.0288002726653034,0.46929811861776105,nan,nan,nan
P12-043,1,habit_only,stable,0,,1,161,-0.09881302715026459,0.08912604366475017,0.9073033707865167,0.4456795183744977,nan,nan,nan
P12-043,2,habit_only,stable,1,108,0,,0.010917172366932223,0.12380482770636861,0.9867706919945726,0.4911428742144524,nan,nan,nan
P12-043,0,habit_only,routine_change,0,,1,161,-0.15759677559642035,-0.027536019544388,1.0291411042944785,0.46966004589656546,nan,nan,nan
P12-043,1,habit_only,routine_change,0,,1,161,-0.10690088454208792,0.08912604366475017,0.908863920099875,0.44544755661616836,nan,nan,nan
P12-043,2,habit_only,routine_change,0,,1,161,-0.04794048662847359,0.12380482770636861,0.9972862957937585,0.49268162740990623,nan,nan,nan
P12-043,0,habit_only,model_mismatch,0,,1,161,-0.16986177002910793,-0.04724287345420619,1.060971348707198,0.47479208843423015,nan,nan,nan
P12-043,1,habit_only,model_mismatch,0,,1,161,-0.11489035130026018,0.036478042716777404,0.9361360718870346,0.454706452687929,nan,nan,nan
P12-043,2,habit_only,model_mismatch,1,35,0,,-0.008326298224926717,0.016867896539987468,1.0949419568822554,0.7044661449805746,nan,nan,nan
P12-043,0,nn_frozen,stable,0,,1,161,-0.15651006215713506,-0.028264534162042547,1.0288002726653034,0.4662261107418625,0.4934144245750132,0.5266056378061126,0.5385551613005469
P12-043,1,nn_frozen,stable,0,,1,161,-0.09780498540534541,0.08994411569696759,0.9073033707865167,0.44514657116541984,0.5612804066762392,0.4481204692928059,0.5885501125149022
P12-043,2,nn_frozen,stable,1,19,0,,0.06701333887222637,0.12455989846536393,0.9737788331071913,0.7610053580743056,0.4512126841474193,nan,nan
P12-043,0,nn_frozen,routine_change,0,,1,161,-0.157854981184454,-0.028264534162042547,1.0291411042944785,0.4667014678072001,0.4934144245750132,0.5266056378061126,0.44315606614692216
P12-043,1,nn_frozen,routine_change,0,,1,161,-0.10601970745611591,0.08994411569696759,0.908863920099875,0.4451710834485501,0.5612804066762392,0.45072128961031754,0.47758038493640154
P12-043,2,nn_frozen,routine_change,1,19,0,,0.06701333887222637,0.12455989846536393,0.9737788331071913,0.7610053580743056,0.4512126841474193,nan,nan
P12-043,0,nn_frozen,model_mismatch,0,,1,161,-0.16994625833794208,-0.04906196171409973,1.060971348707198,0.47292274165076975,0.4396580759805914,0.5225069062336389,0.4066535233408601
P12-043,1,nn_frozen,model_mismatch,0,,1,161,-0.11476926503474283,0.02767624697279566,0.9361360718870346,0.45552628948163204,0.5858447058294173,0.4534165426011861,0.4667260917498796
P12-043,2,nn_frozen,model_mismatch,1,35,0,,-0.006933813552864196,0.012897527525051777,1.095356550580431,0.7018426128500425,0.5003117591144848,nan,nan
P12-043,0,nn_adaptive,stable,0,,1,161,-0.15689471863601026,-0.02900043754484175,1.0288002726653034,0.4713673488761279,0.5375950453752381,0.5452090489199365,0.5142050319163702
P12-043,1,nn_adaptive,stable,0,,1,161,-0.106183379728034,0.09242585782121282,0.9041822721598003,0.4583708862462602,0.6409961338988145,0.4118588615032853,0.5344105109776084
P12-043,2,nn_adaptive,stable,1,19,0,,0.07030080917977136,0.1259559696549919,0.9737788331071913,0.7520157614026429,0.445372839310231,nan,nan
P12-043,0,nn_adaptive,routine_change,0,,1,161,-0.15785648085496656,-0.02900043754484175,1.0291411042944785,0.4718139702333,0.5375950453752381,0.5452090489199365,0.4229832878840381
P12-043,1,nn_adaptive,routine_change,0,,1,161,-0.11393489436770528,0.09242585782121282,0.9099563046192259,0.459542776145513,0.6409961338988145,0.4042415770667899,0.3776458543957168
P12-043,2,nn_adaptive,routine_change,1,19,0,,0.07030080917977136,0.1259559696549919,0.9737788331071913,0.7520157614026429,0.445372839310231,nan,nan
P12-043,0,nn_adaptive,model_mismatch,0,,1,161,-0.16871601175284293,-0.047904451720730656,1.060971348707198,0.4758678393194652,0.4695840703406074,0.54413783123376,0.3999678410093164
P12-043,1,nn_adaptive,model_mismatch,0,,1,161,-0.12139247131777967,0.021326070975045193,0.9361360718870346,0.46349050869658553,0.654122682904197,0.40880374324172647,0.40369656908730234
P12-043,2,nn_adaptive,model_mismatch,1,35,0,,0.0025923567922140366,0.030850706314875066,1.095356550580431,0.6835226815485105,0.5657010327506652,nan,nan
P12-044,0,flat,stable,0,,1,161,-0.042629364935506266,0.04788356158256164,0.9833852867830423,0.5409823977093605,nan,nan,nan
P12-044,1,flat,stable,0,,1,161,-0.04815662302792058,0.05887474073994479,0.9911282984531392,0.5383652786427242,nan,nan,nan
P12-044,2,flat,stable,0,,1,161,-0.07053257590950912,0.02407666246731315,1.051823416506718,0.5810689454377405,nan,nan,nan
P12-044,0,flat,routine_change,1,44,0,,0.03549215714205201,0.04788356158256164,0.9955361596009974,0.7241863994767911,nan,nan,nan
P12-044,1,flat,routine_change,1,72,0,,0.09106584026230144,0.19229789928049962,1.0220125394193975,0.5919797811694754,nan,nan,nan
P12-044,2,flat,routine_change,0,,1,161,-0.005906318220865832,0.17272275193276374,1.085686865917192,0.5928207953768437,nan,nan,nan
P12-044,0,flat,model_mismatch,0,,1,161,-0.04689956530919275,0.04231033929631619,1.0282169236750032,0.5599618326704785,nan,nan,nan
P12-044,1,flat,model_mismatch,0,,1,161,-0.027480427234899667,0.05873492638497358,1.0150453955901426,0.5484159169288165,nan,nan,nan
P12-044,2,flat,model_mismatch,0,,1,161,-0.05880196496661005,0.02848643372707357,1.067505798881157,0.5831610504449061,nan,nan,nan
P12-044,0,codex_rules,stable,0,,1,161,-0.08301834026577368,0.31074438871295923,0.9918640897755611,0.10827282003507789,nan,nan,nan
P12-044,1,codex_rules,stable,0,,1,161,-0.09099423677108034,0.3019843423130903,1.0156960873521383,0.1109637577906354,nan,nan,nan
P12-044,2,codex_rules,stable,1,0,0,,0.3396594219044833,0.3396594219044833,1.298464491362764,0.24181386537501243,nan,nan,nan
P12-044,0,codex_rules,routine_change,0,,1,161,-0.06452524067368953,0.31074438871295923,1.0119700748129676,0.10443475096904212,nan,nan,nan
P12-044,1,codex_rules,routine_change,0,,1,161,-0.07244883107071665,0.3019843423130903,1.0579422851943325,0.10801276916090374,nan,nan,nan
P12-044,2,codex_rules,routine_change,1,0,0,,0.3396594219044833,0.3396594219044833,1.298464491362764,0.24181386537501243,nan,nan,nan
P12-044,0,codex_rules,model_mismatch,0,,1,161,-0.08489733193853342,0.3102208980686134,1.0064792017623427,0.11152153215525129,nan,nan,nan
P12-044,1,codex_rules,model_mismatch,0,,1,161,-0.06620718546468096,0.3287572084648059,1.0116083009079118,0.11108453347358747,nan,nan,nan
P12-044,2,codex_rules,model_mismatch,1,123,0,,-0.06795661443299719,0.26179193223992614,1.039739391458589,0.11559048090392382,nan,nan,nan
P12-044,0,habit_only,stable,0,,1,161,-0.05137812390345277,0.027641581827115458,0.9876870324189526,0.5110086057712829,nan,nan,nan
P12-044,1,habit_only,stable,0,,1,161,-0.05864446536165563,0.03919385370284068,1.0030547250747432,0.5000880942094866,nan,nan,nan
P12-044,2,habit_only,stable,0,,1,161,-0.08157705280701,0.005129508538109261,1.0429805319440637,0.5151286167797371,nan,nan,nan
P12-044,0,habit_only,routine_change,0,,1,161,0.015285322939245413,0.19078024389139808,0.993422693266833,0.5185596984408213,nan,nan,nan
P12-044,1,habit_only,routine_change,1,44,0,,0.022701417209593167,0.03919385370284068,0.9929026387625115,0.65921908370028,nan,nan,nan
P12-044,2,habit_only,routine_change,1,44,0,,0.01102780628355606,0.005129508538109261,1.0532949456174026,0.6868135621593481,nan,nan,nan
P12-044,0,habit_only,model_mismatch,0,,1,161,-0.057315652699170425,0.013719656434394335,1.004308669171958,0.5129327797473299,nan,nan,nan
P12-044,1,habit_only,model_mismatch,0,,1,161,-0.03917869979691533,0.03677913594542919,0.9887483787289234,0.4994719183151781,nan,nan,nan
P12-044,2,habit_only,model_mismatch,0,,1,161,-0.072485185044316,-0.004019882264994721,1.0487788238504572,0.5152726906354069,nan,nan,nan
P12-044,0,nn_frozen,stable,0,,1,161,-0.048668037346770276,0.04558422554717432,0.9743765586034911,0.5019411045576492,0.33966305556552717,0.3732557310170593,0.3502998481884898
P12-044,1,nn_frozen,stable,0,,1,161,-0.057791051130791415,0.04063925962748383,0.9912257896789288,0.4929719256252832,0.443318564638762,0.36734452529949363,0.35644893176785664
P12-044,2,nn_frozen,stable,0,,1,161,-0.08319495936621972,-0.002139896616390982,1.0543254729915,0.512979480689496,0.3067171377001135,0.3132442381294983,0.36352297102220593
P12-044,0,nn_frozen,routine_change,1,88,0,,0.08695545169222316,0.18273084530040853,0.9902431421446384,0.5122150138676955,0.33966305556552717,1.106646213982723,1.0515275438274552
P12-044,1,nn_frozen,routine_change,1,53,0,,0.049090741966929224,0.17345966968776497,1.0006066120715802,0.6137776955949278,0.443318564638762,nan,nan
P12-044,2,nn_frozen,routine_change,0,,1,161,-0.019530565993808875,0.15189313360791185,1.10107622703592,0.5227592307456851,0.3067171377001135,1.2151329991356083,1.0639640641799761
P12-044,0,nn_frozen,model_mismatch,0,,1,161,-0.05537735765139489,0.015900581548528993,1.0178502008552546,0.5126550279589117,0.33505245473129486,0.35465158535410624,0.3387488911462145
P12-044,1,nn_frozen,model_mismatch,0,,1,161,-0.037628650521359885,0.04370085821669302,1.0151750972762645,0.5021151596972782,0.34013712747430136,0.3390231263940554,0.36818138401240985
P12-044,2,nn_frozen,model_mismatch,0,,1,161,-0.07288235286064716,-0.0005614036758552746,1.0492563787692728,0.5135413743791792,0.3178402539758025,0.3243192687733753,0.31456619135640024
P12-044,0,nn_adaptive,stable,0,,1,161,-0.05049968260909241,0.02966286819327396,0.9878428927680797,0.516715761882934,0.3709983871442443,0.344901918687848,0.3417801094333435
P12-044,1,nn_adaptive,stable,0,,1,161,-0.058555570241044394,0.043761695812691355,0.9909008189262967,0.5045530246692129,0.4629128405003279,0.34743660784011493,0.35766126970608225
P12-044,2,nn_adaptive,stable,0,,1,161,-0.08108455799867983,0.0010591502539284603,1.0561763092953111,0.5157917054165143,0.34303398177741473,0.31746066864309286,0.3512874239002818
P12-044,0,nn_adaptive,routine_change,0,,1,161,0.014265501466901795,0.18379495490151374,0.9951371571072318,0.5218529247050343,0.3709983871442443,0.8241519260761972,0.8817580875474437
P12-044,1,nn_adaptive,routine_change,1,195,0,161,0.015687360301996665,0.1767713044117487,1.0241778239958406,0.5123779424609048,0.4629128405003279,0.949328966448414,0.7796463098808871
P12-044,2,nn_adaptive,routine_change,0,,1,161,-0.01960060136461395,0.1529855220397636,1.0889429668220456,0.5220458945200939,0.34303398177741473,0.8997975643448468,0.9083256213453662
P12-044,0,nn_adaptive,model_mismatch,0,,1,161,-0.054703479804238835,0.024247945298516416,1.0001943760528702,0.514188362685492,0.39140086833131793,0.35988961821036874,0.322502126013885
P12-044,1,nn_adaptive,model_mismatch,0,,1,161,-0.0396122213943516,0.03777106871568929,0.9988975356679636,0.5048335592012326,0.39915213294784124,0.32938724676860553,0.3423169233513306
P12-044,2,nn_adaptive,model_mismatch,0,,1,161,-0.07187835494171307,0.004931727289453244,1.0489152681129759,0.5152070362028697,0.3620754445884238,0.33998614345811917,0.3626877813711785
P12-045,0,flat,stable,0,,1,161,-0.04419548910762788,0.01097100452928561,1.0107042583060366,0.5499225034828806,nan,nan,nan
P12-045,1,flat,stable,0,,1,161,-0.033884811206000946,0.017629398888732103,0.9926580674881953,0.5419910917937971,nan,nan,nan
P12-045,2,flat,stable,0,,1,161,-0.05963452599334076,0.017963938317799213,0.9516563728242561,0.5138643956130006,nan,nan,nan
P12-045,0,flat,routine_change,1,93,0,,0.1015035114467437,0.2184248297952436,1.0686125409452505,0.5694892644746397,nan,nan,nan
P12-045,1,flat,routine_change,1,148,0,,0.08529012553552948,0.19891613907644587,1.046124611309455,0.559756825064776,nan,nan,nan
P12-045,2,flat,routine_change,1,69,0,,0.07933437030588598,0.21631216991698773,0.9989444132509827,0.5860849387851773,nan,nan,nan
P12-045,0,flat,model_mismatch,0,,1,161,-0.03166227163409321,0.030266215451338205,0.9990965259967358,0.5440871949360545,nan,nan,nan
P12-045,1,flat,model_mismatch,1,28,0,,0.0364345065236386,0.05001243090991468,0.9501267219392854,0.7901537324700807,nan,nan,nan
P12-045,2,flat,model_mismatch,0,,1,161,-0.014282287272681342,0.047547776455675546,0.9917904386168483,0.536957004521597,nan,nan,nan
P12-045,0,codex_rules,stable,0,,1,161,-0.06553003462479273,0.2862250750265138,1.0098268600842302,0.10740913755914276,nan,nan,nan
P12-045,1,codex_rules,stable,0,,1,161,-0.050721781138588704,0.3161534462185796,0.9738281699873316,0.10394888530212303,nan,nan,nan
P12-045,2,codex_rules,stable,0,,1,161,-0.09155598943536986,0.25628334771369476,0.9521336327905672,0.10130946868115705,nan,nan,nan
P12-045,0,codex_rules,routine_change,0,,1,161,-0.04367639255569157,0.2862250750265138,1.0609791764155359,0.10375655135575422,nan,nan,nan
P12-045,1,codex_rules,routine_change,0,,1,161,-0.03135307668872143,0.3161534462185796,1.0338880571231142,0.10110003174237135,nan,nan,nan
P12-045,2,codex_rules,routine_change,0,,1,161,-0.07171163996644148,0.25628334771369476,1.0101066816395283,0.09837425967622243,nan,nan,nan
P12-045,0,codex_rules,model_mismatch,1,6,0,,0.31557117437244725,0.31557117437244725,1.0953602238283981,0.20558692005973764,nan,nan,nan
P12-045,1,codex_rules,model_mismatch,0,,1,161,-0.026097542302490714,0.3479815260759927,0.981886158126594,0.10499623268155592,nan,nan,nan
P12-045,2,codex_rules,model_mismatch,0,,1,161,-0.038301175521496235,0.3155730412364709,0.991065212346252,0.10559685891679853,nan,nan,nan
P12-045,0,habit_only,stable,0,,1,161,-0.048505437256068026,0.017278968923801395,1.0106165184838558,0.5264840793799304,nan,nan,nan
P12-045,1,habit_only,stable,0,,1,161,-0.03537491911490558,0.009965484699135487,0.9853737187607969,0.5278906454060648,nan,nan,nan
P12-045,2,habit_only,stable,0,,1,161,-0.0628905529410988,0.006025363682835445,0.9530881527231893,0.523520825005757,nan,nan,nan
P12-045,0,habit_only,routine_change,1,45,0,,0.013742341299071998,0.017278968923801395,0.996411568431975,0.6908590032417026,nan,nan,nan
P12-045,1,habit_only,routine_change,0,,1,161,0.03622387552691468,0.19905872594946133,1.0350973165956467,0.5313062067667577,nan,nan,nan
P12-045,2,habit_only,routine_change,0,,1,161,0.014974289089431044,0.20116504223335824,1.0135317237507018,0.5277054373282775,nan,nan,nan
P12-045,0,habit_only,model_mismatch,0,,1,161,-0.03651751678837376,0.023529235403075947,1.0035847516903706,0.5251470682699653,nan,nan,nan
P12-045,1,habit_only,model_mismatch,0,,1,161,-0.014334734732479702,0.03680766079883887,0.9895084627869233,0.5284544027975288,nan,nan,nan
P12-045,2,habit_only,model_mismatch,0,,1,161,-0.018914163155232405,0.03449358723239532,0.9932699002088651,0.5320420212340091,nan,nan,nan
P12-045,0,nn_frozen,stable,0,,1,161,-0.04566162268546098,0.019535159809085097,1.0105287786616752,0.5204795494821653,0.23159375548582378,0.2006929821585272,0.19039922081674088
P12-045,1,nn_frozen,stable,0,,1,161,-0.03195426322965802,0.02445905486568348,0.9848554647011402,0.5226597858648948,0.19664538706374943,0.20459278983949947,0.21691755416377134
P12-045,2,nn_frozen,stable,0,,1,161,-0.0609765601180694,0.009153084589457572,0.9532004491858507,0.5178865880583716,0.2402849615840781,0.1979685857641727,0.2012706237443215
P12-045,0,nn_frozen,routine_change,1,69,0,,0.07649807709123882,0.21090741206481448,1.047613476836687,0.5772403012259755,0.23159375548582378,nan,nan
P12-045,1,nn_frozen,routine_change,1,55,0,,0.05560591661409512,0.1969461427680878,1.0160802717954625,0.6401794595883316,0.19664538706374943,nan,nan
P12-045,2,nn_frozen,routine_change,1,93,0,,0.08691924148732855,0.20162094971997993,1.0122683885457608,0.5221388346057905,0.2402849615840781,2.1483264792998362,2.0396429780212544
P12-045,0,nn_frozen,model_mismatch,0,,1,161,-0.033565607050291546,0.024129232656935895,1.0035847516903706,0.5203101965452346,0.24201955453291046,0.1952997280930022,0.1946025657523937
P12-045,1,nn_frozen,model_mismatch,0,,1,161,-0.011253245435702684,0.04170063133006848,1.0001738928819845,0.5232796768110414,0.1889971766522827,0.20460924645942005,0.21227271348779925
P12-045,2,nn_frozen,model_mismatch,0,,1,161,-0.016815812399314952,0.04536181796034067,0.9917904386168483,0.5260566458176875,0.19997032228689188,0.18513360189444086,0.2024757224205111
P12-045,0,nn_adaptive,stable,0,,1,161,-0.04899773552624246,0.0018649564335734851,1.01073350491343,0.5290427552575336,0.2178453475590684,0.19303945591896518,0.19841549572339787
P12-045,1,nn_adaptive,stable,0,,1,161,-0.035549218703270755,0.015200327836597046,0.9826384890014971,0.5270302731363575,0.19167707412489923,0.1907454164196038,0.22874814606235258
P12-045,2,nn_adaptive,stable,0,,1,161,-0.06235297110677644,0.0021454532216228068,0.9528074115665357,0.5255103008056913,0.2257628496801612,0.1862921683743862,0.21676765104265036
P12-045,0,nn_adaptive,routine_change,1,45,0,,0.01316783494209835,0.0018649564335734851,0.9973194848528005,0.6962281134231446,0.2178453475590684,nan,nan
P12-045,1,nn_adaptive,routine_change,1,53,0,,0.05100121341362301,0.20689155123663247,1.0138073118609798,0.6533026165827202,0.19167707412489923,nan,nan
P12-045,2,nn_adaptive,routine_change,1,46,0,,0.02151306107444212,0.0021454532216228068,0.9309472326089814,0.6823587737067974,0.2257628496801612,nan,nan
P12-045,0,nn_adaptive,model_mismatch,0,,1,161,-0.037372905496789004,0.02763876885649411,0.998018186057356,0.5265613550354328,0.2507197629450135,0.20251840713550973,0.21034024030597306
P12-045,1,nn_adaptive,model_mismatch,0,,1,161,-0.013488074820091416,0.034369764981853165,0.9816832830976119,0.5277216549890321,0.19621218062216703,0.24334959325654154,0.18729560818195928
P12-045,2,nn_adaptive,model_mismatch,0,,1,161,-0.018087051347494262,0.042848286072412645,0.9964608957994894,0.5303748807444976,0.18763149141826227,0.20382651758768833,0.2087067333863925
P12-046,0,flat,stable,1,31,0,,0.07269426680985058,0.09802771330524672,1.0499999999999998,0.8570225224186045,nan,nan,nan
P12-046,1,flat,stable,1,38,0,,0.04934457895071496,0.06911074955228645,1.014498044328553,0.7677215345400988,nan,nan,nan
P12-046,2,flat,stable,0,,1,161,-0.09782633970839058,0.050028539895698686,1.0589770354906054,0.5720397146374355,nan,nan,nan
P12-046,0,flat,routine_change,1,31,0,,0.07269426680985058,0.09802771330524672,1.0499999999999998,0.8570225224186045,nan,nan,nan
P12-046,1,flat,routine_change,1,38,0,,0.04934457895071496,0.06911074955228645,1.014498044328553,0.7677215345400988,nan,nan,nan
P12-046,2,flat,routine_change,1,85,0,,-0.034902283973035186,0.050028539895698686,1.1798886569241476,0.6111986924665835,nan,nan,nan
P12-046,0,flat,model_mismatch,0,,1,161,-0.02769192678996731,0.09043488310268748,1.110550139275766,0.6103042049944805,nan,nan,nan
P12-046,1,flat,model_mismatch,0,,1,161,-0.020547365925230963,0.1061501368752847,1.0093157181571815,0.5483018279346877,nan,nan,nan
P12-046,2,flat,model_mismatch,0,,1,161,-0.08879638102378148,0.07926618364226466,1.0288796102992344,0.553646495785878,nan,nan,nan
P12-046,0,codex_rules,stable,0,,1,161,-0.06256466873433528,0.1786000857778129,0.9968438538205979,0.18980713294721122,nan,nan,nan
P12-046,1,codex_rules,stable,0,,1,161,-0.07442644465170986,0.19850263574807833,1.053728813559322,0.1947309099690592,nan,nan,nan
P12-046,2,codex_rules,stable,0,,1,161,-0.13753803317053104,0.0667387385490912,1.029401530967293,0.19117289910818722,nan,nan,nan
P12-046,0,codex_rules,routine_change,0,,1,161,-0.06057902580718834,0.1786000857778129,1.0730897009966776,0.19578087768777042,nan,nan,nan
P12-046,1,codex_rules,routine_change,0,,1,161,-0.07088189126068854,0.19850263574807833,1.165593220338983,0.20395819401906257,nan,nan,nan
P12-046,2,codex_rules,routine_change,0,,1,161,-0.13484897285898106,0.0667387385490912,1.1442240779401531,0.20081387837230685,nan,nan,nan
P12-046,0,codex_rules,model_mismatch,0,,1,161,-0.05956040742355922,0.17265112008235675,1.044742339832869,0.20100845513899973,nan,nan,nan
P12-046,1,codex_rules,model_mismatch,0,,1,161,-0.05579001510945865,0.22583093394006998,1.0833333333333333,0.20092440231120828,nan,nan,nan
P12-046,2,codex_rules,model_mismatch,0,,1,161,-0.12004968929554517,0.06198059647376535,1.056019485038274,0.19425127541679987,nan,nan,nan
P12-046,0,habit_only,stable,0,,1,161,-0.033042370092598285,0.07645816425716408,0.9995016611295681,0.48272444220022087,nan,nan,nan
P12-046,1,habit_only,stable,1,34,0,,0.055789212036219775,0.12541777678546875,0.9896949152542374,0.6830828616338196,nan,nan,nan
P12-046,2,habit_only,stable,0,,1,161,-0.11202215612853186,0.010694320038381111,1.0539318023660404,0.4938419809000118,nan,nan,nan
P12-046,0,habit_only,routine_change,0,,1,161,-0.032090704447331406,0.07645816425716408,1.071594684385382,0.4885274240622792,nan,nan,nan
P12-046,1,habit_only,routine_change,1,34,0,,0.055789212036219775,0.12541777678546875,0.9896949152542374,0.6830828616338196,nan,nan,nan
P12-046,2,habit_only,routine_change,0,,1,161,-0.11290494674176406,0.010694320038381111,1.125608907446068,0.4967779883995986,nan,nan,nan
P12-046,0,habit_only,model_mismatch,0,,1,161,-0.04005319878772271,0.054651621974531515,1.0461350974930363,0.49799087225787925,nan,nan,nan
P12-046,1,habit_only,model_mismatch,0,,1,161,-0.03594160612623885,0.05734555279275088,1.008130081300813,0.48267285558922984,nan,nan,nan
P12-046,2,habit_only,model_mismatch,0,,1,161,-0.10063177113067537,-0.0013246597893125656,1.029749478079332,0.5036901457286165,nan,nan,nan
P12-046,0,nn_frozen,stable,0,,1,161,-0.03655346064512735,0.0671457691180548,1.0659468438538204,0.48845883826854125,0.5344649597525605,0.4786092625311857,0.513319009420124
P12-046,1,nn_frozen,stable,1,34,0,,0.05647051934580505,0.1283169248733154,0.9896949152542374,0.6809128429299306,0.4413539819727782,nan,nan
P12-046,2,nn_frozen,stable,0,,1,161,-0.1104625908226253,0.011386737709121797,1.0549756437021571,0.48795583999670844,0.4101377034218352,0.43709723722463567,0.4637235727640466
P12-046,0,nn_frozen,routine_change,1,59,0,,0.03458207703431255,0.06300029431979011,1.102093023255814,0.5834593993039061,0.5344649597525605,nan,nan
P12-046,1,nn_frozen,routine_change,1,34,0,,0.05647051934580505,0.1283169248733154,0.9896949152542374,0.6809128429299306,0.4413539819727782,nan,nan
P12-046,2,nn_frozen,routine_change,0,,1,161,-0.11420542320587415,0.011386737709121797,1.1699721642310368,0.49615588267777244,0.4101377034218352,0.43435725335848646,0.45620002490396294
P12-046,0,nn_frozen,model_mismatch,0,,1,161,-0.0395431481606692,0.0540086215185878,1.0558844011142061,0.49386500784459675,0.41666979832250917,0.45624326325803866,0.48581635722201083
P12-046,1,nn_frozen,model_mismatch,0,,1,161,-0.03776848923699687,0.056393904746073656,1.0464092140921408,0.48096087263968185,0.3343280256727587,0.4511680535123398,0.4875935411740681
P12-046,2,nn_frozen,model_mismatch,0,,1,161,-0.10102260992347745,-0.001493678005188467,1.0281837160751566,0.49694489873280434,0.4199475897094308,0.41768823753133627,0.46476843434005505
P12-046,0,nn_adaptive,stable,0,,1,161,-0.03549520174694616,0.0724309173383678,1.0664451827242525,0.48574842489674785,0.5712761761170747,0.48870766857116593,0.4904749303709748
P12-046,1,nn_adaptive,stable,0,,1,161,-0.05130433194445605,0.059819056840476816,1.0544067796610168,0.4814776820689434,0.523881131781416,0.4224006378851879,0.4829543029944129
P12-046,2,nn_adaptive,stable,0,,1,161,-0.11109584342035143,0.016114854336538607,1.0549756437021571,0.48062195694351784,0.39643040823706616,0.4355310831664328,0.4710559996157949
P12-046,0,nn_adaptive,routine_change,0,,1,161,-0.03649277996766693,0.0724309173383678,1.1330564784053154,0.48937076317307693,0.5712761761170747,0.5075543769936495,0.46595781636645267
P12-046,1,nn_adaptive,routine_change,0,,1,161,-0.05019958279259759,0.059819056840476816,1.1664406779661016,0.48541678070193633,0.523881131781416,0.40928481257140603,0.40301255960517446
P12-046,2,nn_adaptive,routine_change,0,,1,161,-0.11374943429231481,0.016114854336538607,1.1699721642310368,0.48603782759702235,0.39643040823706616,0.426864076483766,0.4326004557579613
P12-046,0,nn_adaptive,model_mismatch,0,,1,161,-0.037412095440318996,0.05698288856135434,1.0583217270194987,0.49069949996724976,0.40889086242924855,0.46712836107437944,0.48854668984137756
P12-046,1,nn_adaptive,model_mismatch,0,,1,161,-0.03736658995076828,0.05905458245352143,1.0465785907859078,0.4875032546721881,0.3356097258516188,0.4500040422895328,0.46458988004376967
P12-046,2,nn_adaptive,model_mismatch,1,43,0,,-0.029814651497778507,0.016772726950666318,0.9681628392484342,0.6334444796048995,0.39606013981190547,nan,nan
P12-047,0,flat,stable,0,,1,161,-0.12533444269862945,0.006238204630543274,0.893009768009768,0.48795437780977596,nan,nan,nan
P12-047,1,flat,stable,0,,1,161,-0.1141102484029381,0.026481552434516935,0.9209136109384711,0.49515153632118025,nan,nan,nan
P12-047,2,flat,stable,0,,1,161,-0.14272663307657044,-0.029168347956013745,1.0396946564885496,0.5699324066475139,nan,nan,nan
P12-047,0,flat,routine_change,0,,1,161,-0.13078629433305913,0.006238204630543274,1.0134310134310134,0.5303145072556105,nan,nan,nan
P12-047,1,flat,routine_change,0,,1,161,-0.11661931724304389,0.026481552434516935,0.9908328154133003,0.5144266542730435,nan,nan,nan
P12-047,2,flat,routine_change,0,,1,161,-0.15130650793226,-0.03189281798338164,1.2608778625954198,0.6461579665304049,nan,nan,nan
P12-047,0,flat,model_mismatch,0,,1,161,-0.09291075731216666,0.013653968906915634,0.9028810408921932,0.4967471938488562,nan,nan,nan
P12-047,1,flat,model_mismatch,0,,1,161,-0.09934825211309448,0.032513215785796426,0.9517823042647995,0.5105857692362427,nan,nan,nan
P12-047,2,flat,model_mismatch,0,,1,161,-0.07321298632390175,0.07206256106847098,1.0223061084420042,0.5531552355134175,nan,nan,nan
P12-047,0,codex_rules,stable,0,,1,161,-0.17379835930900925,0.01731417964947505,0.8859890109890111,0.1656111655647024,nan,nan,nan
P12-047,1,codex_rules,stable,0,,1,161,-0.16450367166836977,0.09531828286538639,0.858297078931013,0.16395789894934865,nan,nan,nan
P12-047,2,codex_rules,stable,0,,1,161,-0.1952259607564823,0.027310645214047958,1.0580152671755725,0.19787175776809546,nan,nan,nan
P12-047,0,codex_rules,routine_change,0,,1,161,-0.17625761706761234,0.01731417964947505,0.9876373626373627,0.17322481535724427,nan,nan,nan
P12-047,1,codex_rules,routine_change,0,,1,161,-0.16636666401598044,0.09531828286538639,0.9760720944686141,0.1728260234517597,nan,nan,nan
P12-047,2,codex_rules,routine_change,0,,1,161,-0.19657267282128138,0.027310645214047958,1.208587786259542,0.2102198324949592,nan,nan,nan
P12-047,0,codex_rules,model_mismatch,0,,1,161,-0.1393026167987025,0.053322314441896335,0.8973048327137545,0.16898368458712976,nan,nan,nan
P12-047,1,codex_rules,model_mismatch,0,,1,161,-0.14788344218792,0.08623053734030882,0.8863781031190324,0.16811503867626706,nan,nan,nan
P12-047,2,codex_rules,model_mismatch,0,,1,161,-0.1133339055114669,0.12316272643963155,0.9758064516129032,0.1851757751752579,nan,nan,nan
P12-047,0,habit_only,stable,0,,1,161,-0.12799384230879435,0.009304175518757654,0.8948412698412699,0.4750570185838382,nan,nan,nan
P12-047,1,habit_only,stable,0,,1,161,-0.12354895099445506,0.05322477141049891,0.8828464885021752,0.4615273114754307,nan,nan,nan
P12-047,2,habit_only,stable,0,,1,161,-0.16322649744020343,-0.042429751698876174,1.0389312977099237,0.4653065076647346,nan,nan,nan
P12-047,0,habit_only,routine_change,0,,1,161,-0.14826312466646518,0.009304175518757654,1.0224358974358974,0.4598566008779487,nan,nan,nan
P12-047,1,habit_only,routine_change,0,,1,161,-0.14168061071783675,0.05322477141049891,1.009788688626476,0.4508830966803017,nan,nan,nan
P12-047,2,habit_only,routine_change,0,,1,161,-0.17978692983481215,-0.042429751698876174,1.2106870229007634,0.45803906193114674,nan,nan,nan
P12-047,0,habit_only,model_mismatch,0,,1,161,-0.1001855059104353,-0.0064663016749841274,0.9027261462205699,0.47896761528414206,nan,nan,nan
P12-047,1,habit_only,model_mismatch,0,,1,161,-0.10971320230995676,0.021326208306055017,0.9086569064290262,0.46739539971652877,nan,nan,nan
P12-047,2,habit_only,model_mismatch,1,9,0,,0.037656080739254645,0.003250600242335263,0.9930679478380234,0.8482473834249767,nan,nan,nan
P12-047,0,nn_frozen,stable,0,,1,161,-0.12582547081347625,-0.0030594138640319996,0.8954517704517705,0.46662732153277814,0.4607258593346799,0.47997958334094787,0.47949470009554107
P12-047,1,nn_frozen,stable,0,,1,161,-0.12167915671956947,0.039525882055257124,0.8753884400248602,0.44946723381676285,0.389345278269129,0.5846077942448515,0.5389288136534234
P12-047,2,nn_frozen,stable,0,,1,161,-0.17004686343483047,-0.04176988153193672,1.0599236641221375,0.4584570850010426,0.42660429220808455,0.5857703297857794,0.5667011955629445
P12-047,0,nn_frozen,routine_change,0,,1,161,-0.14673358118857907,-0.033073377635144216,1.0166361416361416,0.45111661488945526,0.4607258593346799,0.6906638483004377,0.5845679350362106
P12-047,1,nn_frozen,routine_change,0,,1,161,-0.1413579189789014,0.039525882055257124,1.0247047855811062,0.44712193880391665,0.389345278269129,0.5650304345072114,0.6612110131806539
P12-047,2,nn_frozen,routine_change,0,,1,161,-0.1846752424236515,-0.04176988153193672,1.2608778625954198,0.4527732453515388,0.42660429220808455,0.5965331481008159,0.6702385149179212
P12-047,0,nn_frozen,model_mismatch,0,,1,161,-0.10068981319301142,0.018486611209556,0.9118649318463444,0.4639193052788344,0.4622095120498492,0.5082875718125067,0.5583497622672721
P12-047,1,nn_frozen,model_mismatch,0,,1,161,-0.1097608175306019,0.03619926205658474,0.9022915340547422,0.4578886962874938,0.3893657820463461,0.5821760728936113,0.5221388678778711
P12-047,2,nn_frozen,model_mismatch,0,,1,161,-0.0841280480883557,0.06829500614236934,0.9208991077556624,0.4335466127779974,0.47756508409707393,0.5936044572513604,0.5536999326841542
P12-047,0,nn_adaptive,stable,0,,1,161,-0.13334551992335178,-0.01173507167821476,0.8952991452991452,0.47902783198265386,0.4757223938180034,0.4532885903834042,0.4702014859605443
P12-047,1,nn_adaptive,stable,0,,1,161,-0.12281820838349403,0.0373779746153047,0.8718147917961467,0.4737507104417173,0.36791807267185245,0.4834901023745009,0.4811068771163408
P12-047,2,nn_adaptive,stable,0,,1,161,-0.16370658186081397,-0.03804391333239711,1.0601145038167938,0.4714915180721869,0.44157518511060145,0.5054254360222391,0.4386577098284718
P12-047,0,nn_adaptive,routine_change,0,,1,161,-0.15060360641374979,-0.04142991288915327,1.022893772893773,0.47905825195323926,0.4757223938180034,0.5109756514791374,0.44551515531066943
P12-047,1,nn_adaptive,routine_change,1,98,0,,-0.07607521009366193,0.0373779746153047,1.0247047855811062,0.4784041505984338,0.36791807267185245,0.4241706371735598,0.3777830490469745
P12-047,2,nn_adaptive,routine_change,0,,1,161,-0.17713396708786855,-0.03804391333239711,1.2118320610687023,0.4734682726712592,0.44157518511060145,0.4675135746243738,0.35100961379559514
P12-047,0,nn_adaptive,model_mismatch,0,,1,161,-0.10675530994242545,0.01614512463575122,0.9112453531598513,0.4758483937679414,0.46081997949414977,0.492469394003925,0.5120434140091878
P12-047,1,nn_adaptive,model_mismatch,0,,1,161,-0.11216828185688918,0.03509911199009195,0.9096117122851687,0.47489922921068395,0.42031598930288816,0.506302005409242,0.4869630459075845
P12-047,2,nn_adaptive,model_mismatch,0,,1,161,-0.08113664536004636,0.04134448263683742,0.9142072752230611,0.4668531995848327,0.4334931810050251,0.4659837192473272,0.4644558005570233
P12-048,0,flat,stable,0,,1,161,-0.07892943085745405,0.04206573072295507,0.9976141346401857,0.5431605365920825,nan,nan,nan
P12-048,1,flat,stable,0,,1,161,-0.059064980181582086,0.04601015581952781,1.0561250973267584,0.580524865845918,nan,nan,nan
P12-048,2,flat,stable,0,,1,161,-0.07414411597005696,0.052740972116608095,1.0163335895465027,0.549107873872627,nan,nan,nan
P12-048,0,flat,routine_change,1,44,0,,0.012424557363855376,0.04206573072295507,0.9766658068953658,0.7129488164687395,nan,nan,nan
P12-048,1,flat,routine_change,0,,1,161,0.01924363292648136,0.22916391451245507,1.0879833895665714,0.5921934060875227,nan,nan,nan
P12-048,2,flat,routine_change,1,45,0,,0.01920107065051581,0.052740972116608095,0.9652107074825386,0.7014669058227456,nan,nan,nan
P12-048,0,flat,model_mismatch,0,,1,161,-0.04362297214561585,0.06585792226767119,0.9809165177431709,0.5310579295132885,nan,nan,nan
P12-048,1,flat,model_mismatch,0,,1,161,-0.04365538742148444,0.04426818771389553,1.0449793495095507,0.5744329444328221,nan,nan,nan
P12-048,2,flat,model_mismatch,1,65,0,,0.04720397223183962,0.0897394964092272,1.0744262538332179,0.6683452309874933,nan,nan,nan
P12-048,0,codex_rules,stable,0,,1,161,-0.12495441136000333,0.22911258354221836,0.9903275728656178,0.13887231205570694,nan,nan,nan
P12-048,1,codex_rules,stable,0,,1,161,-0.10676420233558365,0.20379372832966527,1.0468466130288088,0.14456092516926597,nan,nan,nan
P12-048,2,codex_rules,stable,0,,1,161,-0.12756648631037049,0.17431448363880958,0.9875736612861901,0.13859179389080953,nan,nan,nan
P12-048,0,codex_rules,routine_change,0,,1,161,-0.09613871987634343,0.22911258354221836,0.9986458602011865,0.13382762969395037,nan,nan,nan
P12-048,1,codex_rules,routine_change,0,,1,161,-0.07763218978045609,0.20379372832966527,1.0563197508434985,0.13997543880765126,nan,nan,nan
P12-048,2,codex_rules,routine_change,0,,1,161,-0.0985026261956335,0.17431448363880958,1.0294004611837049,0.1355083315275448,nan,nan,nan
P12-048,0,codex_rules,model_mismatch,0,,1,161,-0.08850424517918165,0.261295419809313,0.9796400306356906,0.1380154802499052,nan,nan,nan
P12-048,1,codex_rules,model_mismatch,0,,1,161,-0.09007920758641985,0.2249025775848069,1.0397521941146102,0.14374791453357855,nan,nan,nan
P12-048,2,codex_rules,model_mismatch,0,,1,161,-0.0672951777607723,0.23042727624105655,1.0638601741022853,0.14942286612268146,nan,nan,nan
P12-048,0,habit_only,stable,0,,1,161,-0.07628580375472577,0.02388858507555527,1.0304359040495228,0.5194800456735299,nan,nan,nan
P12-048,1,habit_only,stable,0,,1,161,-0.06472096573218324,0.05154401723350436,1.0251103036594862,0.5194940434022358,nan,nan,nan
P12-048,2,habit_only,stable,0,,1,161,-0.08552779198555806,0.038179607105422994,0.998014347937484,0.5215267780445723,nan,nan,nan
P12-048,0,habit_only,routine_change,1,78,0,,0.07253547508573513,0.16696050190864734,1.0185188208291025,0.5406401833966326,nan,nan,nan
P12-048,1,habit_only,routine_change,1,52,0,,0.04217366858600484,0.17520078570719086,1.0152980524854438,0.64415929722894,nan,nan,nan
P12-048,2,habit_only,routine_change,1,50,0,,0.02048806349595221,0.17382557850313912,0.9951771638709289,0.6606945942862018,nan,nan,nan
P12-048,0,habit_only,model_mismatch,0,,1,161,-0.04107233348569032,0.08514995451569009,0.9910007658922646,0.5146251639474717,nan,nan,nan
P12-048,1,habit_only,model_mismatch,0,,1,161,-0.051405753832655596,0.017700308646625522,1.0420753742901394,0.5253608813469158,nan,nan,nan
P12-048,2,habit_only,model_mismatch,1,22,0,,0.04297788066839566,0.06113858735415345,1.043691157685575,0.8169929460630145,nan,nan,nan
P12-048,0,nn_frozen,stable,0,,1,161,-0.0754648650466986,0.02873070250086492,1.00354655661594,0.5205948964744951,0.2529403927314823,0.2754694072819038,0.3159172132718892
P12-048,1,nn_frozen,stable,0,,1,161,-0.06639835655615005,0.0282943819228825,1.050090838307812,0.5241333235250516,0.2605653920342966,0.2993049445729818,0.32616552614879213
P12-048,2,nn_frozen,stable,1,108,0,,-0.036233904772501005,0.038851336686321646,1.00992826031258,0.5214129320138796,0.2766567200015316,0.32696306256253577,0.31607325471047715
P12-048,0,nn_frozen,routine_change,0,,1,161,-0.009990827213623337,0.17077114492666726,1.0081893216404436,0.525973343477448,0.2529403927314823,1.4949577158260212,1.303752886036431
P12-048,1,nn_frozen,routine_change,0,,1,161,0.006109463879024293,0.19966861818226608,1.0550220607318972,0.5304672577642819,0.2605653920342966,1.516273437555316,1.2184492876291917
P12-048,2,nn_frozen,routine_change,1,50,0,,0.02253482167805223,0.17345616712314404,0.9951771638709289,0.6613372347284415,0.2766567200015316,nan,nan
P12-048,0,nn_frozen,model_mismatch,0,,1,161,-0.039487869983835654,0.08066727800711594,0.9910007658922646,0.5166164647066191,0.279894549652415,0.3266731934381699,0.3388993627685801
P12-048,1,nn_frozen,model_mismatch,0,,1,161,-0.04939073902051997,0.018179883065669224,1.0413009808982963,0.5248455048063486,0.2689007218960512,0.3005782432906103,0.38328181861883065
P12-048,2,nn_frozen,model_mismatch,1,22,0,,0.043000120529000325,0.05949757136647079,1.043691157685575,0.8151880156899339,0.29976107510862077,nan,nan
P12-048,0,nn_adaptive,stable,0,,1,161,-0.07232818296005082,0.04205647040218987,1.0041269022440031,0.5157103225436671,0.2512043625289469,0.3117907199951854,0.3287575597279659
P12-048,1,nn_adaptive,stable,0,,1,161,-0.0647006395246336,0.02506814598108033,1.0478847651180898,0.5201428774045377,0.2975267998267846,0.34440997086779673,0.3347428841971635
P12-048,2,nn_adaptive,stable,0,,1,161,-0.0884920856016676,0.0034006060889304685,1.023251345119139,0.5151999329997348,0.3054027507381889,0.2769468996556993,0.31698113652217474
P12-048,0,nn_adaptive,routine_change,0,,1,161,-0.00788518730026574,0.1643405601650121,1.0073510446221305,0.5218216079390164,0.2512043625289469,0.9672061274651119,1.0541530302919826
P12-048,1,nn_adaptive,routine_change,1,51,0,,0.03581587471099691,0.18350094985808796,1.0875441713749525,0.6518495605814157,0.2975267998267846,nan,nan
P12-048,2,nn_adaptive,routine_change,0,,1,161,-0.016646545028748613,0.15581875181256236,1.0525236997181655,0.5188950061068787,0.3054027507381889,1.0364168696435934,0.9462968959293977
P12-048,0,nn_adaptive,model_mismatch,0,,1,161,-0.035434260963802255,0.08423748443710115,0.9910007658922646,0.5106443197577599,0.28787823291403974,0.2857073046727447,0.3310870154681485
P12-048,1,nn_adaptive,model_mismatch,0,,1,161,-0.05174171979229469,0.03449540605095839,1.0164558595766648,0.5162289434400834,0.3184075864283596,0.3334820758904303,0.34859260400461833
P12-048,2,nn_adaptive,model_mismatch,0,,1,161,-0.03193331175722099,0.07360051927204837,1.062772034820457,0.5170837843307698,0.3001740542832586,0.3151400465799233,0.31087949207153
P12-049,0,flat,stable,0,,1,161,-0.03693350294472546,0.04670681354529059,1.012430080795525,0.5491006931529085,nan,nan,nan
P12-049,1,flat,stable,0,,1,161,-0.052176997386425006,0.03361598061925777,1.0287620297462816,0.5627347504733189,nan,nan,nan
P12-049,2,flat,stable,0,,1,161,-0.026391825997432266,0.045439280682754636,0.94840544383506,0.5148122292448966,nan,nan,nan
P12-049,0,flat,routine_change,0,,1,161,-0.03847302760619225,0.04670681354529059,0.9965817277812307,0.5446752204487592,nan,nan,nan
P12-049,1,flat,routine_change,0,,1,161,-0.05805010091209309,0.03361598061925777,1.0382764654418197,0.5643074157277468,nan,nan,nan
P12-049,2,flat,routine_change,1,186,0,161,-0.022375583642665984,0.045439280682754636,0.9757261832216129,0.5244842908675278,nan,nan,nan
P12-049,0,flat,model_mismatch,0,,1,161,-0.07122450287031,-0.004429802248051596,1.100066489361702,0.6011465726244184,nan,nan,nan
P12-049,1,flat,model_mismatch,1,30,0,,0.010388180984246693,0.02259681453089218,1.0557723657560638,0.8528280205107949,nan,nan,nan
P12-049,2,flat,model_mismatch,0,,1,161,-0.03263529994300624,0.04701239461337853,1.000574472529768,0.5383836396970811,nan,nan,nan
P12-049,0,codex_rules,stable,0,,1,161,-0.07467843563946903,0.24849550040646687,0.9952351356950486,0.12889110033814166,nan,nan,nan
P12-049,1,codex_rules,stable,0,,1,161,-0.08920450976050796,0.23690836991607953,1.0580708661417322,0.1381873068496584,nan,nan,nan
P12-049,2,codex_rules,stable,1,0,0,,0.4051275999467056,0.4051275999467056,0.95551492992078,0.2390758789956215,nan,nan,nan
P12-049,0,codex_rules,routine_change,0,,1,161,-0.07408627545417362,0.24849550040646687,0.9829604309094676,0.128776079941666,nan,nan,nan
P12-049,1,codex_rules,routine_change,1,88,0,,-0.04749942313682158,0.23690836991607953,1.047736220472441,0.13790959795766852,nan,nan,nan
P12-049,2,codex_rules,routine_change,1,0,0,,0.4051275999467056,0.4051275999467056,0.95551492992078,0.2390758789956215,nan,nan,nan
P12-049,0,codex_rules,model_mismatch,0,,1,161,-0.10309819359314112,0.18411399289942346,1.075742464539007,0.13958435446846076,nan,nan,nan
P12-049,1,codex_rules,model_mismatch,0,,1,161,-0.0724967795000744,0.2679977847105471,1.0640997593524393,0.13836461173064635,nan,nan,nan
P12-049,2,codex_rules,model_mismatch,0,,1,161,-0.06650834491362621,0.27448026396232894,0.9790578650511802,0.12795132580778462,nan,nan,nan
P12-049,0,habit_only,stable,0,,1,161,-0.045836294897431684,0.029239721709248257,0.9952869276983634,0.5187372175953507,nan,nan,nan
P12-049,1,habit_only,stable,0,,1,161,-0.06046555920972592,0.027479693399183627,1.0279418197725283,0.5191282128107166,nan,nan,nan
P12-049,2,habit_only,stable,0,,1,161,-0.03133595455784642,0.060102483158109954,0.9720190940483445,0.5129070812221951,nan,nan,nan
P12-049,0,habit_only,routine_change,0,,1,161,-0.04537097651618407,0.029239721709248257,0.9842552309923348,0.5071570039654403,nan,nan,nan
P12-049,1,habit_only,routine_change,0,,1,161,-0.05814925983641734,0.027479693399183627,1.0402449693788276,0.5131465900644003,nan,nan,nan
P12-049,2,habit_only,routine_change,0,,1,161,-0.03081481430788621,0.060102483158109954,0.9794840544383506,0.505444655963362,nan,nan,nan
P12-049,0,habit_only,model_mismatch,0,,1,161,-0.0816100718318216,-0.023707996847720632,1.0824468085106382,0.5214354279174229,nan,nan,nan
P12-049,1,habit_only,model_mismatch,0,,1,161,-0.04783927417875597,0.02222559141625256,1.0281667031284183,0.517295431915342,nan,nan,nan
P12-049,2,habit_only,model_mismatch,0,,1,161,-0.041899714359617285,0.03333658902199354,1.0009922707332357,0.50976656634794,nan,nan,nan
P12-049,0,nn_frozen,stable,1,38,0,,0.022306211315018303,0.03680682186519441,0.9780879985976318,0.7068361503216035,0.25710216446005546,nan,nan
P12-049,1,nn_frozen,stable,0,,1,161,-0.05866181720207129,0.03048493297211739,1.0279418197725283,0.515760125553582,0.29054645482972974,0.25148971598743497,0.2761464485419051
P12-049,2,nn_frozen,stable,0,,1,161,-0.02898883871403801,0.07032878164993497,0.9718667479179363,0.5101297922759782,0.3101434912160828,0.27528859586267906,0.28625829144428055
P12-049,0,nn_frozen,routine_change,1,38,0,,0.022306211315018303,0.03680682186519441,0.9780879985976318,0.7068361503216035,0.25710216446005546,nan,nan
P12-049,1,nn_frozen,routine_change,0,,1,161,-0.05288595801169519,0.03048493297211739,1.0621719160104985,0.5075189709480024,0.29054645482972974,0.4325852660624214,0.472549479756073
P12-049,2,nn_frozen,routine_change,0,,1,161,-0.02442779311966832,0.07032878164993497,0.9728316067438554,0.49845172887054806,0.3101434912160828,0.5219019515458564,0.493124328145377
P12-049,0,nn_frozen,model_mismatch,0,,1,161,-0.07609035456751119,-0.00532380542232838,1.0719193262411346,0.5170609680454926,0.31489375144171117,0.32355888317148096,0.2587167145391584
P12-049,1,nn_frozen,model_mismatch,0,,1,161,-0.044270569896233083,0.03667583229168973,1.02761977685408,0.5141424453368917,0.28667002100485417,0.25740838445471453,0.28562686597108333
P12-049,2,nn_frozen,model_mismatch,0,,1,161,-0.03495403852765751,0.032932601127762244,1.0015145184875704,0.5133482859816375,0.2961733953250037,0.2959957010225563,0.2904461731629286
P12-049,0,nn_adaptive,stable,0,,1,161,-0.04892490581082493,0.02557490454020491,0.9950797596851046,0.5163183008593659,0.30770776185088283,0.24524865078869945,0.25355754045190176
P12-049,1,nn_adaptive,stable,0,,1,161,-0.058247788946639595,0.020265067362546012,1.0284339457567804,0.5185932815125274,0.32989057644214015,0.24730084017253717,0.27927240946963405
P12-049,2,nn_adaptive,stable,0,,1,161,-0.03678483909583067,0.055167330739064664,0.9495226487913875,0.515042723649908,0.3346593588603139,0.272385452521145,0.28388371812807106
P12-049,0,nn_adaptive,routine_change,0,,1,161,-0.05009729162613783,0.02557490454020491,0.9829086389061528,0.5135073066972503,0.30770776185088283,0.3392987716902923,0.3064865342310022
P12-049,1,nn_adaptive,routine_change,0,,1,161,-0.0605143524027491,0.020265067362546012,1.0349409448818898,0.516902166655683,0.32989057644214015,0.27430517155028655,0.26298469671213887
P12-049,2,nn_adaptive,routine_change,0,,1,161,-0.0340455328422996,0.055167330739064664,0.9684643510054844,0.512930380287852,0.3346593588603139,0.3210760929443716,0.254689790713908
P12-049,0,nn_adaptive,model_mismatch,0,,1,161,-0.08118695602742249,-0.028284045148323667,1.0770722517730495,0.5183858250575906,0.37795290291287414,0.24880496956455628,0.2512728308363726
P12-049,1,nn_adaptive,model_mismatch,0,,1,161,-0.04605082817057909,0.02736416015370146,1.0278932399912493,0.5135840946014627,0.3256965063106995,0.2684569576075493,0.25651403775634074
P12-049,2,nn_adaptive,model_mismatch,0,,1,161,-0.038076680888145364,0.03311578901813817,1.0024545644453728,0.5201814521194031,0.3383853045215535,0.266549888891436,0.28303760071982065
P12-050,0,flat,stable,0,,1,161,-0.06490320315904721,0.054994700757959196,1.049090909090909,0.5610879509624856,nan,nan,nan
P12-050,1,flat,stable,1,9,0,,0.03885907463204036,0.0008830502203104765,0.87512402551382,0.8536924167257264,nan,nan,nan
P12-050,2,flat,stable,0,,1,161,-0.10200950809254473,-0.005897769801950228,0.9482101425256879,0.5146211277112128,nan,nan,nan
P12-050,0,flat,routine_change,0,,1,161,-0.07414138257004582,0.054994700757959196,0.9956363636363635,0.5451145118767872,nan,nan,nan
P12-050,1,flat,routine_change,1,9,0,,0.03885907463204036,0.0008830502203104765,0.87512402551382,0.8536924167257264,nan,nan,nan
P12-050,2,flat,routine_change,0,,1,161,-0.11163684810874991,-0.005897769801950228,0.914235996022539,0.5042574703156917,nan,nan,nan
P12-050,0,flat,model_mismatch,0,,1,161,-0.02900841542201403,0.07472597041582536,1.0353299856527978,0.5514366494003773,nan,nan,nan
P12-050,1,flat,model_mismatch,1,54,0,,0.034881999741230296,0.06455503785147536,0.9484596484596486,0.6303306132553748,nan,nan,nan
P12-050,2,flat,model_mismatch,0,,1,161,-0.08545578654156673,0.01396363751592962,0.9514119601328903,0.5124133154492894,nan,nan,nan
P12-050,0,codex_rules,stable,0,,1,161,-0.11377433638752557,0.1861158905604722,1.0546363636363636,0.15905641775550056,nan,nan,nan
P12-050,1,codex_rules,stable,0,,1,161,-0.11280121800915555,0.18293043671821657,0.981041814316088,0.15039635703276544,nan,nan,nan
P12-050,2,codex_rules,stable,0,,1,161,-0.14421352540129176,0.19853543969565055,0.9485415976135234,0.14313279244609037,nan,nan,nan
P12-050,0,codex_rules,routine_change,0,,1,161,-0.11626777954063665,0.1861158905604722,0.9957272727272726,0.15625330066805604,nan,nan,nan
P12-050,1,codex_rules,routine_change,1,88,0,,-0.06838259735202727,0.18293043671821657,0.9776754075124026,0.15105859439133384,nan,nan,nan
P12-050,2,codex_rules,routine_change,0,,1,161,-0.14738944205331075,0.19853543969565055,0.9138216771627444,0.14206242280471595,nan,nan,nan
P12-050,0,codex_rules,model_mismatch,0,,1,161,-0.07452994653689515,0.23587975069378395,0.9988342898134864,0.15417501217428511,nan,nan,nan
P12-050,1,codex_rules,model_mismatch,0,,1,161,-0.0783183170813204,0.24422835627629128,0.9545218295218295,0.1476477180981907,nan,nan,nan
P12-050,2,codex_rules,model_mismatch,0,,1,161,-0.12962909479710086,0.2131523633310004,0.9515780730897009,0.14382752083689349,nan,nan,nan
P12-050,0,habit_only,stable,0,,1,161,-0.07647348001578612,0.022142966174723052,1.0527272727272727,0.5030470224775739,nan,nan,nan
P12-050,1,habit_only,stable,0,,1,161,-0.07654723096707312,0.03963751243824833,0.9817505315379162,0.498251532816625,nan,nan,nan
P12-050,2,habit_only,stable,0,,1,161,-0.10553785053419565,0.03369877276558521,0.9482101425256879,0.49260863220914664,nan,nan,nan
P12-050,0,habit_only,routine_change,0,,1,161,-0.07529015734121802,0.022142966174723052,1.009272727272727,0.4954902781492435,nan,nan,nan
P12-050,1,habit_only,routine_change,0,,1,161,-0.0784586927184054,0.03963751243824833,0.9778525868178596,0.49058337360076504,nan,nan,nan
P12-050,2,habit_only,routine_change,0,,1,161,-0.10874576033246018,0.03369877276558521,0.914235996022539,0.4834462767441207,nan,nan,nan
P12-050,0,habit_only,model_mismatch,0,,1,161,-0.03938428334661245,0.08733514705491498,1.0344332855093257,0.4985017886464022,nan,nan,nan
P12-050,1,habit_only,model_mismatch,0,,1,161,-0.0464884065887948,0.05422644106844564,0.9546084546084548,0.4931792390247928,nan,nan,nan
P12-050,2,habit_only,model_mismatch,0,,1,161,-0.09566124158389008,0.024765413704292628,0.9504983388704319,0.49006715898997905,nan,nan,nan
P12-050,0,nn_frozen,stable,0,,1,161,-0.07622977891882565,0.020120344308849406,1.0169090909090908,0.5021698228962261,0.29902451631673277,0.39238828649741286,0.33781535999557927
P12-050,1,nn_frozen,stable,0,,1,161,-0.07500860448945867,0.03992395147463955,0.9817505315379162,0.4991435760354989,0.39591817053386336,0.33460042571308246,0.37308441521104224
P12-050,2,nn_frozen,stable,0,,1,161,-0.1050776640837604,0.018450437952302657,0.9484587338415645,0.49200089256600915,0.3844089938321297,0.355164441810624,0.3546814348214057
P12-050,0,nn_frozen,routine_change,0,,1,161,-0.0730212628948882,0.020120344308849406,1.0217272727272726,0.4935110756541753,0.29902451631673277,0.5082266641480151,0.47726759590405476
P12-050,1,nn_frozen,routine_change,0,,1,161,-0.0748187251007587,0.03992395147463955,0.9772324592487599,0.487811733873604,0.39591817053386336,0.5094723887484754,0.5087682865522246
P12-050,2,nn_frozen,routine_change,0,,1,161,-0.10432596822717258,0.018450437952302657,0.9118329466357309,0.47898024468031253,0.3844089938321297,0.5454568839534691,0.6681142931722774
P12-050,0,nn_frozen,model_mismatch,0,,1,161,-0.038681852250712086,0.07918945480619313,1.0344332855093257,0.4972267991657531,0.3394659359591891,0.356881484551337,0.372948001592358
P12-050,1,nn_frozen,model_mismatch,0,,1,161,-0.04519852586645407,0.05450982297699815,0.9543485793485794,0.4935513910917811,0.247480115292029,0.2993388613380112,0.38024716431825334
P12-050,2,nn_frozen,model_mismatch,0,,1,161,-0.0951116201679091,0.02193815582147495,0.9501661129568106,0.4897155912681382,0.35536342441237634,0.358754785829915,0.4361762515435911
P12-050,0,nn_adaptive,stable,0,,1,161,-0.07864348285967601,0.0138624840451964,1.0169090909090908,0.501223670401633,0.31043685105659663,0.3721423483965364,0.3361320874293133
P12-050,1,nn_adaptive,stable,1,8,0,,0.060727858837461825,0.022656128202548385,0.865698086463501,0.771525431600936,nan,nan,nan
P12-050,2,nn_adaptive,stable,0,,1,161,-0.11012558491261215,0.005640632838718623,0.9484587338415645,0.48852760333964906,0.4596671732390747,0.3821652048627585,0.39118960668010005
P12-050,0,nn_adaptive,routine_change,0,,1,161,-0.08236813597905011,0.0138624840451964,0.9955454545454545,0.4980711111441829,0.31043685105659663,0.44924388476298194,0.4119267588809975
P12-050,1,nn_adaptive,routine_change,1,8,0,,0.060727858837461825,0.022656128202548385,0.865698086463501,0.771525431600936,nan,nan,nan
P12-050,2,nn_adaptive,routine_change,0,,1,161,-0.11823573062825114,0.005640632838718623,0.9115843553198543,0.4877615564567041,0.4596671732390747,0.4023554396255173,0.42859117734476754
P12-050,0,nn_adaptive,model_mismatch,0,,1,161,-0.04295072732283826,0.06665376530641202,0.9998206599713056,0.49469852160086536,0.379925726912246,0.3755100114383806,0.3711701327946848
P12-050,1,nn_adaptive,model_mismatch,0,,1,161,-0.046992267165758744,0.054342384213852644,0.9543485793485794,0.4982377929482635,0.28222647398137296,0.3072317945275141,0.36156898070736354
P12-050,2,nn_adaptive,model_mismatch,0,,1,161,-0.10010266576240798,0.020237085043734625,0.9506644518272425,0.49043551927216245,0.3532366473275295,0.3470262419813851,0.3487276580847933
P12-051,0,flat,stable,0,,1,161,-0.20596226659263767,0.007841302740631781,1.004776861667321,0.5468313125904704,nan,nan,nan
P12-051,1,flat,stable,0,,1,161,-0.16892828185082762,0.03194824426783334,1.05910748042128,0.5750215126075197,nan,nan,nan
P12-051,2,flat,stable,0,,1,161,-0.19320917055173903,0.02319212055411459,0.9995715227422544,0.5393535463856398,nan,nan,nan
P12-051,0,flat,routine_change,0,,1,161,-0.208435877347599,0.007841302740631781,0.9961719670200236,0.5440219724577174,nan,nan,nan
P12-051,1,flat,routine_change,0,,1,161,-0.16975343729720438,0.03194824426783334,1.0349716446124764,0.5670654824277881,nan,nan,nan
P12-051,2,flat,routine_change,0,,1,161,-0.193119067412041,0.02319212055411459,0.9807844429795649,0.5339412543340767,nan,nan,nan
P12-051,0,flat,model_mismatch,0,,1,161,-0.1923427606582311,-0.0015321429581273613,1.011086329047494,0.5494886147151704,nan,nan,nan
P12-051,1,flat,model_mismatch,0,,1,161,-0.14523529786904177,0.021846991480933574,1.0402271490750816,0.5652853565135841,nan,nan,nan
P12-051,2,flat,model_mismatch,0,,1,161,-0.18084573861221423,0.01880208111071557,0.9962171052631578,0.5389165755493395,nan,nan,nan
P12-051,0,codex_rules,stable,0,,1,161,-0.3276418054828918,0.09038503444181814,0.9959429394058371,0.09457168374170598,nan,nan,nan
P12-051,1,codex_rules,stable,0,,1,161,-0.2833443630515167,0.14420649321479556,1.041250337564137,0.09800336508111837,nan,nan,nan
P12-051,2,codex_rules,stable,0,,1,161,-0.31177250593880185,0.11367971332372073,0.9991430454845089,0.09473387777560847,nan,nan,nan
P12-051,0,codex_rules,routine_change,0,,1,161,-0.32782456531924214,0.09038503444181814,0.9956811935610522,0.09460161291303258,nan,nan,nan
P12-051,1,codex_rules,routine_change,0,,1,161,-0.28384352466449636,0.14420649321479556,1.0313597083445853,0.09774784711042507,nan,nan,nan
P12-051,2,codex_rules,routine_change,0,,1,161,-0.3120345840289527,0.11367971332372073,0.9797297297297296,0.09410508297331954,nan,nan,nan
P12-051,0,codex_rules,model_mismatch,0,,1,161,-0.3047395773737256,0.1253772029737374,1.0004263972710574,0.09505687235942181,nan,nan,nan
P12-051,1,codex_rules,model_mismatch,0,,1,161,-0.24165636224501988,0.18970748936501725,1.0393430359085962,0.09840642320141836,nan,nan,nan
P12-051,2,codex_rules,model_mismatch,0,,1,161,-0.29320052982801253,0.14558555505685586,0.9977302631578946,0.09472882748944207,nan,nan,nan
P12-051,0,habit_only,stable,0,,1,161,-0.21545403852299175,0.003506922789263297,1.0052021986650963,0.510738891440349,nan,nan,nan
P12-051,1,habit_only,stable,0,,1,161,-0.18013402894805874,0.020125835068487006,1.058263570078315,0.5182007001146797,nan,nan,nan
P12-051,2,habit_only,stable,0,,1,161,-0.201974176098097,0.017872668408896904,0.9988464073829927,0.4949013955793649,nan,nan,nan
P12-051,0,habit_only,routine_change,0,,1,161,-0.21544321202298772,0.003506922789263297,0.9958447847140427,0.5093798787548705,nan,nan,nan
P12-051,1,habit_only,routine_change,1,60,0,,-0.020626963560635342,0.020125835068487006,1.045709504477982,0.6088528659578112,nan,nan,nan
P12-051,2,habit_only,routine_change,0,,1,161,-0.20058275565305195,0.017872668408896904,0.9819050758075148,0.4949281626684124,nan,nan,nan
P12-051,0,habit_only,model_mismatch,0,,1,161,-0.1998148718275248,0.0026543745893931998,1.0002623983206507,0.5105139979259516,nan,nan,nan
P12-051,1,habit_only,model_mismatch,1,117,0,,-0.06848510961775581,0.010007098920630838,1.068348748639826,0.5156119512184967,nan,nan,nan
P12-051,2,habit_only,model_mismatch,0,,1,161,-0.18904615949880096,0.017149783451486034,0.9970723684210525,0.4999278701456258,nan,nan,nan
P12-051,0,nn_frozen,stable,0,,1,161,-0.2156531274761768,-0.00032563580683759544,1.0048750163591154,0.5062316688429112,0.36119981028337605,0.2832056190387842,0.301818348158358
P12-051,1,nn_frozen,stable,0,,1,161,-0.18121084107848642,0.014264666922688851,1.0582298136645962,0.516728590528949,0.3120047052091623,0.298678886475022,0.32438744227218136
P12-051,2,nn_frozen,stable,0,,1,161,-0.20323640685404107,0.011683628315639263,0.9998022412656558,0.488157675651729,0.370159206001289,0.3112374182803067,0.31577413776191954
P12-051,0,nn_frozen,routine_change,0,,1,161,-0.21611785539303077,-0.00032563580683759544,0.9962046852506218,0.5045281610695566,0.36119981028337605,0.30175803004522733,0.29261900913032834
P12-051,1,nn_frozen,routine_change,0,,1,161,-0.18063699144347872,0.014264666922688851,1.0321023494463948,0.5153981095499036,0.3120047052091623,0.2674678185987501,0.3085156275590421
P12-051,2,nn_frozen,routine_change,0,,1,161,-0.20234160685252944,0.011683628315639263,0.9799934080421885,0.48833116074971156,0.370159206001289,0.3066613323482457,0.31996732950299706
P12-051,0,nn_frozen,model_mismatch,0,,1,161,-0.20129368358402433,-0.0010690326711234757,1.0107583311466806,0.5062477110870676,0.37483444764383783,0.2864966272749983,0.2853191792988202
P12-051,1,nn_frozen,model_mismatch,0,,1,161,-0.1547122406956533,0.007812979610272145,1.0393430359085962,0.513210857729754,0.34012627546344143,0.32195072934600816,0.29697946761651534
P12-051,2,nn_frozen,model_mismatch,0,,1,161,-0.19081063398209142,0.013400337612763916,0.9974999999999999,0.4928762518126558,0.3751260628044569,0.2990675890180182,0.32526884247631344
P12-051,0,nn_adaptive,stable,0,,1,161,-0.21412676178469578,0.0035799166841597846,1.0048750163591154,0.5153405543534907,0.3624821843721297,0.3013099003252889,0.2981811733414557
P12-051,1,nn_adaptive,stable,0,,1,161,-0.1783587333934355,0.022184641827460303,1.0584661085606264,0.519212550193133,0.30765848474666135,0.2935899856672644,0.3178458857735976
P12-051,2,nn_adaptive,stable,0,,1,161,-0.20117788971253567,0.013606539157280146,0.999439683586025,0.5084623972426782,0.4125185680689397,0.3055713908122365,0.31116651155171293
P12-051,0,nn_adaptive,routine_change,0,,1,161,-0.21452393876445128,0.0035799166841597846,0.9962046852506218,0.5138442242516807,0.3624821843721297,0.31627351131442466,0.2907281756409193
P12-051,1,nn_adaptive,routine_change,0,,1,161,-0.1788930738357386,0.022184641827460303,1.0312921955171481,0.5182623572574604,0.30765848474666135,0.29245202433579276,0.30264020837739924
P12-051,2,nn_adaptive,routine_change,0,,1,161,-0.200136236988061,0.013606539157280146,0.9815754779169412,0.50871794191556,0.4125185680689397,0.3021780005478795,0.27562234016832543
P12-051,0,nn_adaptive,model_mismatch,0,,1,161,-0.19962839973773627,0.0018750447858692748,1.0088887431120441,0.5149672678802679,0.3617216809591101,0.306162540531039,0.2785398901160476
P12-051,1,nn_adaptive,model_mismatch,0,,1,161,-0.1535975044224322,0.016177096968310444,1.0389009793253536,0.5143505860591163,0.3470022676182788,0.3134456207109437,0.2947832191084484
P12-051,2,nn_adaptive,model_mismatch,0,,1,161,-0.18799571298572493,0.01449549728117117,0.9969736842105262,0.5109679329859316,0.4380978240587576,0.29698564874688077,0.30683846320086866
P12-052,0,flat,stable,0,,1,161,-0.17612867203358307,0.030961975900896326,1.019089812581184,0.557693464140618,nan,nan,nan
P12-052,1,flat,stable,0,,1,161,-0.17479119395865872,0.022037434949443,1.0481542830099384,0.5719483502528389,nan,nan,nan
P12-052,2,flat,stable,0,,1,161,-0.18188284238082533,0.0035865148728957525,1.0108483553242893,0.5489800586281703,nan,nan,nan
P12-052,0,flat,routine_change,0,,1,161,-0.25032565030367326,0.030961975900896326,1.031267396548525,0.561269145545983,nan,nan,nan
P12-052,1,flat,routine_change,0,,1,161,-0.24775773058477416,0.022037434949443,1.0554898248935165,0.5736309174218485,nan,nan,nan
P12-052,2,flat,routine_change,0,,1,161,-0.25310405485486137,0.0035865148728957525,1.0261800780524066,0.5545991115157687,nan,nan,nan
P12-052,0,flat,model_mismatch,0,,1,161,-0.1439622247542357,0.027797733640823528,1.0355755894590846,0.5659117038154736,nan,nan,nan
P12-052,1,flat,model_mismatch,0,,1,161,-0.14501742807585252,0.021147248589001383,1.0515444381277241,0.5742341167170883,nan,nan,nan
P12-052,2,flat,model_mismatch,0,,1,161,-0.13485908006818922,0.02677183272949874,1.0081623347013224,0.5494688101601545,nan,nan,nan
P12-052,0,codex_rules,stable,0,,1,161,-0.3006371456748761,0.15611835780995603,1.0287622935609577,0.0839343964459654,nan,nan,nan
P12-052,1,codex_rules,stable,1,6,0,,0.15449678826511523,0.15449678826511523,1.253667770941789,0.17120498420348426,nan,nan,nan
P12-052,2,codex_rules,stable,0,,1,161,-0.3031888938393266,0.15670080265588485,1.007340643003159,0.08299259765775578,nan,nan,nan
P12-052,0,codex_rules,routine_change,0,,1,161,-0.32049227774611655,0.15611835780995603,1.0369270736685843,0.08791439860647048,nan,nan,nan
P12-052,1,codex_rules,routine_change,1,6,0,,0.15449678826511523,0.15449678826511523,1.253667770941789,0.17120498420348426,nan,nan,nan
P12-052,2,codex_rules,routine_change,0,,1,161,-0.3224896614214567,0.15670080265588485,1.0191414235272256,0.08690673929535878,nan,nan,nan
P12-052,0,codex_rules,model_mismatch,0,,1,161,-0.25397385259709426,0.20208915013814016,1.0561950993989828,0.08511556631310009,nan,nan,nan
P12-052,1,codex_rules,model_mismatch,0,,1,161,-0.25544985873794945,0.19886590539626794,1.0445802539321585,0.08523140952776015,nan,nan,nan
P12-052,2,codex_rules,model_mismatch,0,,1,161,-0.23910583468874633,0.22334082631427754,1.0008207934336526,0.08185880378709623,nan,nan,nan
P12-052,0,habit_only,stable,0,,1,161,-0.18475244374427943,0.01798253690392993,1.0080256077194287,0.5106457763937914,nan,nan,nan
P12-052,1,habit_only,stable,0,,1,161,-0.18707397090577965,0.011809472107294827,1.0421438712730715,0.509703917651547,nan,nan,nan
P12-052,2,habit_only,stable,0,,1,161,-0.19139547389306874,-0.005527054302701966,1.0086647463296785,0.5043435305939519,nan,nan,nan
P12-052,0,habit_only,routine_change,0,,1,161,-0.2764573073023838,0.01798253690392993,1.0295973278901467,0.4677337519344662,nan,nan,nan
P12-052,1,habit_only,routine_change,0,,1,161,-0.274544524935079,0.011809472107294827,1.0475863700899197,0.4672612175046078,nan,nan,nan
P12-052,2,habit_only,routine_change,0,,1,161,-0.2796199894767067,-0.005527054302701966,1.0263891469986992,0.4616163539917872,nan,nan,nan
P12-052,0,habit_only,model_mismatch,0,,1,161,-0.1541679400404682,0.01587735905148258,1.0131992602866389,0.5073635483542746,nan,nan,nan
P12-052,1,habit_only,model_mismatch,0,,1,161,-0.15639324175408847,0.015937268577663012,1.0487256016676143,0.5098630925076274,nan,nan,nan
P12-052,2,habit_only,model_mismatch,0,,1,161,-0.1427836706420083,0.022098634464759594,1.0067259461924305,0.5044129166540557,nan,nan,nan
P12-052,0,nn_frozen,stable,0,,1,161,-0.18529554255607278,0.022533329659055967,1.0078400445351645,0.5274698022651447,0.3679238216484903,0.36809064548411874,0.3825968162833954
P12-052,1,nn_frozen,stable,1,209,0,161,-0.18611535868776094,0.008877255561214449,1.038547089446285,0.5262848575960488,0.37498374806531215,0.4229798952310178,0.3823161047718773
P12-052,2,nn_frozen,stable,0,,1,161,-0.191367926708114,-0.012226290708650642,1.0067366660472032,0.5225570000523504,0.321531988707488,0.38362745782360047,0.36774724115717083
P12-052,0,nn_frozen,routine_change,0,,1,161,-0.2766593758936262,0.022533329659055967,1.029782891074411,0.4745393120295428,0.3679238216484903,0.9343635496229803,0.8244071918128764
P12-052,1,nn_frozen,routine_change,0,,1,161,-0.27499857761469343,0.008877255561214449,1.0473970657832465,0.47268137985974135,0.37498374806531215,0.9321225992146726,0.8242443019957629
P12-052,2,nn_frozen,routine_change,1,125,0,,-0.2219379574876854,-0.012226290708650642,1.0261568481694852,0.47029646585819057,0.321531988707488,0.9138410505518159,0.8875194352980269
P12-052,0,nn_frozen,model_mismatch,0,,1,161,-0.15282614912973314,0.01868805186030521,1.0131761442441054,0.5279321053171755,0.3576355466707911,0.3728169348761116,0.38350501242057583
P12-052,1,nn_frozen,model_mismatch,0,,1,161,-0.15602965936780072,0.010729574337321631,1.0468068978586318,0.5279400730247074,0.39052761812417086,0.42470822099604816,0.39375112161537895
P12-052,2,nn_frozen,model_mismatch,0,,1,161,-0.14164396980953609,0.02158653224555729,1.007045143638851,0.5218747298688949,0.3681522020589238,0.39154461434224525,0.3865535701533923
P12-052,0,nn_adaptive,stable,0,,1,161,-0.1854964812375725,0.015147999357878259,1.0097420671738726,0.5136282791099492,0.3889716275002992,0.3601305354421417,0.3852342960853165
P12-052,1,nn_adaptive,stable,1,209,0,161,-0.18752364346992367,0.015836460014962656,1.042569805963086,0.5089481632856723,0.42821463257722747,0.3479648837213329,0.3662098527734572
P12-052,2,nn_adaptive,stable,0,,1,161,-0.19117690698994266,-0.010606063666509994,1.0065740568667534,0.5122927482574263,0.3982012942593019,0.33057196473164785,0.3726261151580701
P12-052,0,nn_adaptive,routine_change,0,,1,161,-0.27299881817031646,0.015147999357878259,1.0301308220449064,0.4823741490109382,0.3889716275002992,0.6855170739094877,0.6833704259815655
P12-052,1,nn_adaptive,routine_change,0,,1,161,-0.27111930871941825,0.015836460014962656,1.0477993374349266,0.47980756296420435,0.42821463257722747,0.6368755725765007,0.6999213863134505
P12-052,2,nn_adaptive,routine_change,0,,1,161,-0.27535691720839967,-0.010606063666509994,1.0250418137892585,0.4846040945676545,0.3982012942593019,0.6190531714057642,0.7136711879300622
P12-052,0,nn_adaptive,model_mismatch,0,,1,161,-0.15336285811568937,0.019882629196435193,1.02043458159963,0.5133420870082115,0.383282488506873,0.3304766941299334,0.36188427173973603
P12-052,1,nn_adaptive,model_mismatch,0,,1,161,-0.15628408454571927,0.015506438422228276,1.0495072958120144,0.5104880220428645,0.41101229232779285,0.3337539956948947,0.38312485011890685
P12-052,2,nn_adaptive,model_mismatch,0,,1,161,-0.14223730218719216,0.02428801668557332,1.0078659370725034,0.5097797796639328,0.414202795430525,0.32982506717838656,0.3621602201791797
P12-053,0,flat,stable,0,,1,161,-0.03625952230857083,0.051596546676686846,1.0283999355462456,0.5620471400918725,nan,nan,nan
P12-053,1,flat,stable,1,189,0,161,-0.07977980477798895,-0.011213233191134205,1.015286073561773,0.5529807284123486,nan,nan,nan
P12-053,2,flat,stable,0,,1,161,-0.02442674567628028,0.044522050081599325,0.9441370026921925,0.5103547915658254,nan,nan,nan
P12-053,0,flat,routine_change,0,,1,161,-0.04772785040554984,0.051596546676686846,0.9691427650660652,0.5397193491820587,nan,nan,nan
P12-053,1,flat,routine_change,0,,1,161,-0.09897631091444102,-0.011213233191134205,0.9536309336686577,0.5329243391661777,nan,nan,nan
P12-053,2,flat,routine_change,0,,1,161,-0.0329220829892254,0.044522050081599325,0.8780661082859705,0.48763864064657897,nan,nan,nan
P12-053,0,flat,model_mismatch,1,16,0,,0.031587140319080616,0.027740157132744893,0.9645883490360373,0.8794746336562336,nan,nan,nan
P12-053,1,flat,model_mismatch,0,,1,161,-0.03457159358844264,0.033830793739294936,0.971104191980559,0.5261508185630993,nan,nan,nan
P12-053,2,flat,model_mismatch,1,25,0,,0.05953931667032922,0.058959816832076746,0.8899561578318055,0.7508783751295351,nan,nan,nan
P12-053,0,codex_rules,stable,0,,1,161,-0.0725781105454584,0.2933259437128918,1.0292861746696746,0.12039243768974306,nan,nan,nan
P12-053,1,codex_rules,stable,1,5,0,,0.27657762010752235,0.27657762010752235,0.9654982709839672,0.21397307684915332,nan,nan,nan
P12-053,2,codex_rules,stable,1,6,0,,0.346835190528395,0.346835190528395,0.901884534848938,0.20207474681441845,nan,nan,nan
P12-053,0,codex_rules,routine_change,0,,1,161,-0.07684499901182765,0.2933259437128918,0.9481147276828876,0.11776734702916804,nan,nan,nan
P12-053,1,codex_rules,routine_change,1,5,0,,0.27657762010752235,0.27657762010752235,0.9654982709839672,0.21397307684915332,nan,nan,nan
P12-053,2,codex_rules,routine_change,1,6,0,,0.346835190528395,0.346835190528395,0.901884534848938,0.20207474681441845,nan,nan,nan
P12-053,0,codex_rules,model_mismatch,1,5,0,,0.36052752173188707,0.36052752173188707,0.9203996132774734,0.21043702842045914,nan,nan,nan
P12-053,1,codex_rules,model_mismatch,0,,1,161,-0.06754878931569198,0.3172594280144206,0.9720914337788579,0.11451174324903075,nan,nan,nan
P12-053,2,codex_rules,model_mismatch,0,,1,161,-0.03182796998815838,0.3801612743928689,0.9398963730569947,0.11077978901186906,nan,nan,nan
P12-053,0,habit_only,stable,1,192,0,161,-0.03665754734776394,0.018632297558620885,1.0300918466000646,0.5195002759314962,nan,nan,nan
P12-053,1,habit_only,stable,0,,1,161,-0.09195633781140937,-0.017512503678494218,1.0154825526563973,0.5181205665813157,nan,nan,nan
P12-053,2,habit_only,stable,0,,1,161,-0.029397548518110127,0.03330703394107736,0.9647397547113371,0.5128624613814936,nan,nan,nan
P12-053,0,habit_only,routine_change,0,,1,161,-0.05424256410150785,0.018632297558620885,0.9641475990976475,0.5241989026874223,nan,nan,nan
P12-053,1,habit_only,routine_change,0,,1,161,-0.10336947935961131,-0.017512503678494218,0.9350440113171958,0.518053090125594,nan,nan,nan
P12-053,2,habit_only,routine_change,0,,1,161,-0.03697331942070959,0.03330703394107736,0.8987062518695782,0.5123515945239255,nan,nan,nan
P12-053,0,habit_only,model_mismatch,1,192,0,161,-0.01677526064543714,0.0390846235170345,1.0288833387044796,0.5196525636736183,nan,nan,nan
P12-053,1,habit_only,model_mismatch,0,,1,161,-0.04077047782836944,0.020258249857263887,0.9723192588092344,0.5155819450214795,nan,nan,nan
P12-053,2,habit_only,model_mismatch,0,,1,161,-0.009499003974866081,0.06752446186668697,0.9462620281273131,0.5111223522760684,nan,nan,nan
P12-053,0,nn_frozen,stable,1,192,0,161,-0.034351545844325614,0.03627250257789635,1.0416532388011601,0.5153650055977699,0.320742317104325,0.2744001087747297,0.28932715584445046
P12-053,1,nn_frozen,stable,0,,1,161,-0.0899016327017559,-0.020824254758179617,1.0136749449858533,0.517123707184735,0.24708031856262397,0.2371701689433844,0.25549264315297887
P12-053,2,nn_frozen,stable,0,,1,161,-0.024550717765899968,0.04958563782595859,0.9632814836972778,0.5104365850598178,0.28152973943885745,0.2649871814265376,0.2617069256328327
P12-053,0,nn_frozen,routine_change,0,,1,161,-0.05308220845682078,0.03627250257789635,0.9595552690944247,0.5160770319505374,0.320742317104325,0.5216958101820298,0.4810928968435944
P12-053,1,nn_frozen,routine_change,0,,1,161,-0.10128601198107096,-0.020824254758179617,0.9343366865765482,0.5163903049303284,0.24708031856262397,0.5390841528889653,0.5618632308116032
P12-053,2,nn_frozen,routine_change,0,,1,161,-0.03283731658347319,0.04958563782595859,0.8991175590786717,0.5109717960744665,0.28152973943885745,0.5425943779977551,0.5499900934174161
P12-053,0,nn_frozen,model_mismatch,1,192,0,161,-0.013377216859873232,0.05010335702031319,1.0285207863358041,0.515321973616952,0.28446172927220886,0.2966719785265464,0.2782274763875448
P12-053,1,nn_frozen,model_mismatch,0,,1,161,-0.03884978918334862,0.01857159667696057,0.9717496962332929,0.5128077065540219,0.2648459561678675,0.2660803045630321,0.2577116628655024
P12-053,2,nn_frozen,model_mismatch,0,,1,161,-0.006011657246395375,0.07614295167728106,0.9321243523316061,0.5053851264474287,0.2809134595477219,0.3019958961240307,0.26750982822047564
P12-053,0,nn_adaptive,stable,1,192,0,161,-0.039520890418300175,0.021468765988262202,1.029809861424428,0.5171888555582376,0.36887393974677546,0.289782953684914,0.2703418236449119
P12-053,1,nn_adaptive,stable,0,,1,161,-0.09101193438533191,-0.02463234434585294,1.0146180446400503,0.5206576504671842,0.26416502695234895,0.236022506487586,0.25271634434377666
P12-053,2,nn_adaptive,stable,0,,1,161,-0.03223529986430157,0.028332938867920498,0.9647771462758001,0.5190854310242347,0.2764765382589997,0.22836235867685847,0.22425982794406973
P12-053,0,nn_adaptive,routine_change,0,,1,161,-0.052906431351750265,0.021468765988262202,0.9637447631324524,0.5189832220267574,0.36887393974677546,0.40240759119806163,0.3763160786346825
P12-053,1,nn_adaptive,routine_change,0,,1,161,-0.09748797811055229,-0.02463234434585294,0.9539845960389814,0.5200813693412847,0.26416502695234895,0.4380621214026818,0.40269105078989276
P12-053,2,nn_adaptive,routine_change,0,,1,161,-0.03448673629665074,0.028332938867920498,0.8987436434340412,0.5154221645071984,0.2764765382589997,0.441664521618483,0.4443847557327704
P12-053,0,nn_adaptive,model_mismatch,1,192,0,161,-0.01779581521040192,0.044271041052568134,1.03206574282952,0.519442881321073,0.32084653194560087,0.25550215159346334,0.2723804819315319
P12-053,1,nn_adaptive,model_mismatch,0,,1,161,-0.04169649996181032,0.012810288332516132,0.9707244835965978,0.5169220482629797,0.277772228636394,0.21143405763208348,0.25794314752267733
P12-053,2,nn_adaptive,model_mismatch,1,53,0,,0.033602385346844926,0.06662767440819792,0.9436960276338514,0.632173866131962,0.27451960975179207,nan,nan
P12-054,0,flat,stable,0,,1,161,-0.14772622884956105,-0.0007879141053600011,1.0024912075029309,0.5481390420886183,nan,nan,nan
P12-054,1,flat,stable,0,,1,161,-0.05408202908097162,0.08366973310571736,0.9609850581073602,0.5389319632519475,nan,nan,nan
P12-054,2,flat,stable,0,,1,161,-0.09799691128949818,0.048471516087646056,1.0989173228346456,0.615232614120548,nan,nan,nan
P12-054,0,flat,routine_change,1,62,0,,-0.004900566946126632,0.1361541998333032,0.9613130128956624,0.6141843113228778,nan,nan,nan
P12-054,1,flat,routine_change,1,66,0,,0.08964946254381262,0.23515113799477683,0.9186166566173009,0.5920397680382448,nan,nan,nan
P12-054,2,flat,routine_change,0,,1,161,-0.05274453675473433,0.1392795700072865,1.0595472440944882,0.6009006191381988,nan,nan,nan
P12-054,0,flat,model_mismatch,0,,1,161,-0.12921162382573015,0.0050087949122601255,1.0017564402810306,0.5445915124576548,nan,nan,nan
P12-054,1,flat,model_mismatch,1,24,0,,0.08141712145929017,0.11967169187102515,0.9873602656336469,0.8503109121416712,nan,nan,nan
P12-054,2,flat,model_mismatch,0,,1,161,-0.05110699695642469,0.07284656082605226,1.0573408947700063,0.5883660935790568,nan,nan,nan
P12-054,0,codex_rules,stable,0,,1,161,-0.20746706597106343,0.09426130331823002,1.0030773739742087,0.17644339442123788,nan,nan,nan
P12-054,1,codex_rules,stable,0,,1,161,-0.10651889696639796,0.16060894093699415,0.9313779745434421,0.16862671266243046,nan,nan,nan
P12-054,2,codex_rules,stable,1,150,0,,-0.13520363394331542,0.08910449520050659,1.1148293963254592,0.19962018932131323,nan,nan,nan
P12-054,0,codex_rules,routine_change,0,,1,161,-0.1812980624265223,0.09426130331823002,0.9079718640093786,0.16432623175458622,nan,nan,nan
P12-054,1,codex_rules,routine_change,0,,1,161,-0.07999460097430518,0.16060894093699415,0.8998339789706696,0.16206925994401036,nan,nan,nan
P12-054,2,codex_rules,routine_change,0,,1,161,-0.1350113758534015,0.08910449520050659,1.0542979002624673,0.18909584659160275,nan,nan,nan
P12-054,0,codex_rules,model_mismatch,0,,1,161,-0.18845588869602697,0.08587286999804801,1.0001463700234194,0.17861561743384533,nan,nan,nan
P12-054,1,codex_rules,model_mismatch,0,,1,161,-0.06541409190873726,0.20759259730897578,0.9317930271167681,0.1683302565652152,nan,nan,nan
P12-054,2,codex_rules,model_mismatch,1,34,0,,0.03031299772977049,0.12668538502956642,1.0642722117202268,0.2727825031084045,nan,nan,nan
P12-054,0,habit_only,stable,0,,1,161,-0.15500950781531223,0.007267363218973309,1.0023446658851114,0.49062838581292456,nan,nan,nan
P12-054,1,habit_only,stable,1,87,0,,0.014991725822479112,0.07802685916622469,0.9370503597122302,0.49255206524278133,nan,nan,nan
P12-054,2,habit_only,stable,0,,1,161,-0.12652682990783734,0.030757139556925994,1.1113845144356955,0.5029113830638027,nan,nan,nan
P12-054,0,habit_only,routine_change,1,50,0,,-0.021263778451034946,0.1283810632375742,0.9678642852217088,0.6182084927161678,nan,nan,nan
P12-054,1,habit_only,routine_change,1,44,0,,0.03205880152075532,0.04396524527421735,1.0128758531636228,0.6440325976916959,nan,nan,nan
P12-054,2,habit_only,routine_change,0,,1,161,-0.0612699630926541,0.1139403122120153,1.05003280839895,0.5088774369340995,nan,nan,nan
P12-054,0,habit_only,model_mismatch,0,,1,161,-0.1461526660128331,-0.020518277551283076,1.0005854800936769,0.48809014057129807,nan,nan,nan
P12-054,1,habit_only,model_mismatch,1,94,0,,0.055958698260978317,0.09260695455401861,0.9609850581073602,0.4927146567101866,nan,nan,nan
P12-054,2,habit_only,model_mismatch,0,,1,161,-0.06951268552010903,0.04466299316037823,1.0458412098298677,0.4937741627995426,nan,nan,nan
P12-054,0,nn_frozen,stable,0,,1,161,-0.15879369408542,0.008573644170502577,0.9972157092614302,0.48339772102643924,0.4722905607464731,0.4134518945129161,0.5056957913683594
P12-054,1,nn_frozen,stable,0,,1,161,-0.05661541087787258,0.048902181727125904,0.9392639734366353,0.49103607045566966,0.41449643704595573,0.4104284700926642,0.4498360376188425
P12-054,2,nn_frozen,stable,0,,1,161,-0.12599287814509624,0.033586583517215794,1.111712598425197,0.5014420447540491,0.4386147698913208,0.5039866475126306,0.42927916811139655
P12-054,0,nn_frozen,routine_change,0,,1,161,-0.09627181307206976,0.1224712932459816,0.9075322391559203,0.48402161965307006,0.4722905607464731,0.8134870533066553,0.8563992379949406
P12-054,1,nn_frozen,routine_change,1,66,0,,0.08112922878156592,0.21668534062789016,0.9186166566173009,0.5417762410422061,0.41449643704595573,nan,nan
P12-054,2,nn_frozen,routine_change,1,58,0,,0.01014508655764765,0.10342225423493383,1.0712998798878952,0.6029569355328283,0.4386147698913208,nan,nan
P12-054,0,nn_frozen,model_mismatch,0,,1,161,-0.1386905673518308,0.01600526666420622,0.9966334894613584,0.4812164280139301,0.49083218585093896,0.5286192887623928,0.5003567784364092
P12-054,1,nn_frozen,model_mismatch,1,24,0,,0.07515981400300575,0.0810931093732161,0.9873602656336469,0.7256710065351819,0.4212436641221379,nan,nan
P12-054,2,nn_frozen,model_mismatch,0,,1,161,-0.06749870735831763,0.041021429276332275,1.0458412098298677,0.4916078190471854,0.44513990095737777,0.532976265787874,0.48946601658418887
P12-054,0,nn_adaptive,stable,0,,1,161,-0.15819208310071842,0.021061863942058938,1.0023446658851114,0.4806734558818434,0.52996038096006,0.4306185149301377,0.4909646835131841
P12-054,1,nn_adaptive,stable,0,,1,161,-0.05288345069090953,0.08394214775609929,0.9373270614277808,0.48943142297253445,0.46283028705522106,0.40310972004291823,0.44229787697618506
P12-054,2,nn_adaptive,stable,0,,1,161,-0.12268510706189206,0.0443035534159939,1.1120406824146982,0.49338384765095405,0.43109784855508415,0.4916458866148125,0.4582462416498965
P12-054,0,nn_adaptive,routine_change,1,50,0,,-0.03219500086152991,0.12307480291764956,0.9685883732156403,0.6007735222014773,0.52996038096006,nan,nan
P12-054,1,nn_adaptive,routine_change,1,44,0,,0.04703734491709047,0.060538083335618234,1.0128758531636228,0.6350955736569138,0.46283028705522106,nan,nan
P12-054,2,nn_adaptive,routine_change,1,58,0,,0.016278809319939327,0.09903970876478908,1.0712998798878952,0.586007696392629,0.43109784855508415,nan,nan
P12-054,0,nn_adaptive,model_mismatch,0,,1,161,-0.1368440396120868,0.031863666209949945,0.9969262295081968,0.4796689445976482,0.5543510738596356,0.5396297151833215,0.4934479906482697
P12-054,1,nn_adaptive,model_mismatch,1,65,0,,0.07675242284220983,0.1103176731712955,0.960180107662122,0.5466556834760573,0.4648553081084582,nan,nan
P12-054,2,nn_adaptive,model_mismatch,0,,1,161,-0.06787463745614067,0.05698016405250565,1.0458412098298677,0.4833368325130749,0.5035771387160812,0.5279197991656485,0.4901306242994044
P12-055,0,flat,stable,0,,1,161,-0.16691201372675413,0.02949168516963773,1.1160578386605784,0.61818965736844,nan,nan,nan
P12-055,1,flat,stable,0,,1,161,-0.1398889383426091,0.04091281185189123,1.030949741315595,0.5685917657475544,nan,nan,nan
P12-055,2,flat,stable,0,,1,161,-0.1476901282863394,0.03954321425684493,0.9919298854564387,0.5358411536272976,nan,nan,nan
P12-055,0,flat,routine_change,0,,1,161,-0.2621872198139828,0.02949168516963773,1.026255707762557,0.5842121298508667,nan,nan,nan
P12-055,1,flat,routine_change,0,,1,161,-0.230491458435463,0.04091281185189123,0.9603658536585366,0.5440628324037566,nan,nan,nan
P12-055,2,flat,routine_change,0,,1,161,-0.23648604501642811,0.03954321425684493,0.8829399514057618,0.5001486492144378,nan,nan,nan
P12-055,0,flat,model_mismatch,0,,1,161,-0.13793792613114036,0.044187825203171695,1.1150551960411115,0.6191712117793955,nan,nan,nan
P12-055,1,flat,model_mismatch,0,,1,161,-0.10226078677805993,0.05729197190179465,1.0105416212286442,0.5597316704271554,nan,nan,nan
P12-055,2,flat,model_mismatch,0,,1,161,-0.11383989362383697,0.06300930827578426,1.0549781181619255,0.577151873033244,nan,nan,nan
P12-055,0,codex_rules,stable,0,,1,161,-0.27390129289472503,0.05994212876536965,1.0904680365296804,0.15237289517947072,nan,nan,nan
P12-055,1,codex_rules,stable,0,,1,161,-0.23762175608255118,0.1129447275561066,0.9846637102734663,0.14135936117248182,nan,nan,nan
P12-055,2,codex_rules,stable,0,,1,161,-0.2415175112914731,0.12645079902823714,0.9312738632419297,0.13246144661176526,nan,nan,nan
P12-055,0,codex_rules,routine_change,0,,1,161,-0.3147749854680514,0.05994212876536965,0.988013698630137,0.15176560472430847,nan,nan,nan
P12-055,1,codex_rules,routine_change,0,,1,161,-0.27577426127719135,0.1129447275561066,0.8884885439763488,0.14024901392525282,nan,nan,nan
P12-055,2,codex_rules,routine_change,0,,1,161,-0.2771986871878507,0.12645079902823714,0.8313953488372092,0.13089302129088398,nan,nan,nan
P12-055,0,codex_rules,model_mismatch,0,,1,161,-0.24011649870926802,0.09311571433698397,1.074800152264941,0.14974952434720196,nan,nan,nan
P12-055,1,codex_rules,model_mismatch,1,1,0,,0.16323127066873377,0.16323127066873377,0.9809160305343512,0.25496623796538287,nan,nan,nan
P12-055,2,codex_rules,model_mismatch,0,,1,161,-0.19188768011869903,0.16477371510347347,0.9919766593727205,0.1398459922297494,nan,nan,nan
P12-055,0,habit_only,stable,0,,1,161,-0.18458106552639522,0.033085462790694395,1.115582191780822,0.49193605002388374,nan,nan,nan
P12-055,1,habit_only,stable,0,,1,161,-0.15344489149147728,0.030981579247998558,1.0183850702143384,0.47953036585997094,nan,nan,nan
P12-055,2,habit_only,stable,0,,1,161,-0.15847094398911887,0.03067305148938598,0.9389968760846928,0.45105243000248774,nan,nan,nan
P12-055,0,habit_only,routine_change,0,,1,161,-0.2776202975074159,0.033085462790694395,0.9936263318112634,0.4384622397204481,nan,nan,nan
P12-055,1,habit_only,routine_change,1,142,0,,-0.1982999364980613,0.030981579247998558,0.9101071692535107,0.429351581170679,nan,nan,nan
P12-055,2,habit_only,routine_change,0,,1,161,-0.24841710547051665,0.03067305148938598,0.8705310656022214,0.40813106191376064,nan,nan,nan
P12-055,0,habit_only,model_mismatch,0,,1,161,-0.1567727759770128,0.038248564737426535,1.116387514274838,0.49127540497326394,nan,nan,nan
P12-055,1,habit_only,model_mismatch,0,,1,161,-0.11462264783614853,0.04327848816237424,1.0052708106143222,0.47971254501229016,nan,nan,nan
P12-055,2,habit_only,model_mismatch,0,,1,161,-0.12644730312634803,0.035763192114512066,1.0211524434719184,0.4701883159602832,nan,nan,nan
P12-055,0,nn_frozen,stable,0,,1,161,-0.18662721916941358,0.021102722883676543,1.1156773211567732,0.5036048643234728,0.4670274225439987,0.47890496414434697,0.5859434707303294
P12-055,1,nn_frozen,stable,0,,1,161,-0.15341080240400617,0.03195078248515359,0.9863266814486327,0.48322920637443717,0.44263506028827787,0.5463519863833756,0.46227695199249197
P12-055,2,nn_frozen,stable,0,,1,161,-0.15908281742930164,0.01768092322439142,0.9358729607775077,0.4632699228077752,0.486376462496195,0.4968354349815644,0.47498155297054373
P12-055,0,nn_frozen,routine_change,0,,1,161,-0.27852521995158025,0.021102722883676543,1.00218797564688,0.44272103495456533,0.4670274225439987,1.0743719991228649,0.9092720815233697
P12-055,1,nn_frozen,routine_change,0,,1,161,-0.239728410404892,0.03195078248515359,0.907150776053215,0.4280189809656569,0.44263506028827787,1.106187491597728,1.012087797960922
P12-055,2,nn_frozen,routine_change,0,,1,161,-0.24928420302413268,0.01768092322439142,0.8700971884762234,0.4093163888666911,0.486376462496195,1.1356944587217757,1.0628854757172583
P12-055,0,nn_frozen,model_mismatch,0,,1,161,-0.15862261689050444,0.03147140443051228,1.116292348686715,0.5025758568987012,0.49371244035280043,0.4619186367951403,0.5823025334813208
P12-055,1,nn_frozen,model_mismatch,0,,1,161,-0.1154528990223366,0.031366195162451774,1.0119047619047619,0.48803156273264064,0.4103578616977878,0.5130125494000567,0.5509546839671531
P12-055,2,nn_frozen,model_mismatch,0,,1,161,-0.12637325717141873,0.029746321977987333,0.9960795040116701,0.4766813813201985,0.5206120868726036,0.49791091112561553,0.4581482489179445
P12-055,0,nn_adaptive,stable,0,,1,161,-0.18293743004996738,0.026090170403189523,1.085140791476408,0.48379909059731646,0.5485564591459507,0.4601492309550662,0.5303847274835107
P12-055,1,nn_adaptive,stable,0,,1,161,-0.15195999846157604,0.03190279663814893,1.0103473762010349,0.4867430726657567,0.46189151056545746,0.5450560235347747,0.5030763011289751
P12-055,2,nn_adaptive,stable,0,,1,161,-0.15554235802985952,0.03387911700397061,0.9324019437695245,0.4746586144626816,0.48201260262732387,0.46224675548049754,0.5243514696532514
P12-055,0,nn_adaptive,routine_change,0,,1,161,-0.27412839980059384,0.026090170403189523,1.0124619482496195,0.4581243597745501,0.5485564591459507,0.6942851784532411,0.6572012467083519
P12-055,1,nn_adaptive,routine_change,0,,1,161,-0.24041443745359262,0.03190279663814893,0.9186991869918699,0.45671280719563,0.46189151056545746,0.7126966957135716,0.6395790289296223
P12-055,2,nn_adaptive,routine_change,0,,1,161,-0.2462079132029086,0.03387911700397061,0.8577750780978826,0.44919914106705244,0.48201260262732387,0.6787415418980778,0.784031519951627
P12-055,0,nn_adaptive,model_mismatch,1,123,0,,-0.061461841874912895,0.039922258755683684,1.1158165207460982,0.48451442894005997,0.5266479268454851,0.48534064819220707,0.5492895895627202
P12-055,1,nn_adaptive,model_mismatch,0,,1,161,-0.11325475569826986,0.03507772589329057,1.0037259178480553,0.4873655257724734,0.4636155337513305,0.5081188561494676,0.5325661618271524
P12-055,2,nn_adaptive,model_mismatch,0,,1,161,-0.12362071199025891,0.03492818423571296,0.9982676878191101,0.478725445305831,0.5395525885063771,0.4734996301883167,0.44522002852786885
P12-056,0,flat,stable,0,,1,161,-0.09101401629833593,0.024710930184127334,0.9697351828499371,0.5202020787137361,nan,nan,nan
P12-056,1,flat,stable,0,,1,161,-0.052944025017317875,0.06201991240164046,1.1165768194070078,0.604123654314873,nan,nan,nan
P12-056,2,flat,stable,0,,1,161,-0.03379386618105336,0.11064161215992485,1.0166153846153847,0.5539644757699208,nan,nan,nan
P12-056,0,flat,routine_change,0,,1,161,-0.06471735748406164,0.024710930184127334,1.0900063051702396,0.5590833830357331,nan,nan,nan
P12-056,1,flat,routine_change,0,,1,161,-0.023767546027086566,0.06959531891566272,1.2193396226415094,0.6375175248211347,nan,nan,nan
P12-056,2,flat,routine_change,1,101,0,,0.04541131572659375,0.11064161215992485,1.100923076923077,0.5822222948534069,nan,nan,nan
P12-056,0,flat,model_mismatch,0,,1,161,-0.11134509831246778,0.016944614788623552,0.9349357011635028,0.5066876064746184,nan,nan,nan
P12-056,1,flat,model_mismatch,0,,1,161,-0.07362355403641284,0.015567694320753655,0.9713607594936707,0.5279186097990534,nan,nan,nan
P12-056,2,flat,model_mismatch,0,,1,161,-0.052017509712588034,0.04914007202414191,1.2355018587360593,0.6634420498597324,nan,nan,nan
P12-056,0,codex_rules,stable,0,,1,161,-0.12534960148467902,0.13590518115888942,0.9691046658259773,0.1813414235401692,nan,nan,nan
P12-056,1,codex_rules,stable,0,,1,161,-0.08298302149793131,0.11921811486723022,1.0087601078167117,0.18970989797410037,nan,nan,nan
P12-056,2,codex_rules,stable,1,16,0,,0.07547545032726963,0.1254011280063055,1.1326696832579184,0.34109961299806374,nan,nan,nan
P12-056,0,codex_rules,routine_change,0,,1,161,-0.11503388551754189,0.13590518115888942,1.0657313997477933,0.18803494973263346,nan,nan,nan
P12-056,1,codex_rules,routine_change,0,,1,161,-0.07162478429667224,0.11921811486723022,1.0606469002695416,0.19287861639470483,nan,nan,nan
P12-056,2,codex_rules,routine_change,1,16,0,,0.07547545032726963,0.1254011280063055,1.1326696832579184,0.34109961299806374,nan,nan,nan
P12-056,0,codex_rules,model_mismatch,0,,1,161,-0.1410546996944368,0.09127134725212831,0.9004898958971218,0.17476371452949324,nan,nan,nan
P12-056,1,codex_rules,model_mismatch,0,,1,161,-0.09835730162963563,0.15820574142279412,0.9166139240506328,0.17534116740428662,nan,nan,nan
P12-056,2,codex_rules,model_mismatch,0,,1,161,-0.08658579242691289,0.05275783640647358,1.2172862453531597,0.2284655243311181,nan,nan,nan
P12-056,0,habit_only,stable,0,,1,161,-0.09750225533966245,0.005731742756829443,0.9940100882723834,0.4957596249872328,nan,nan,nan
P12-056,1,habit_only,stable,0,,1,161,-0.0609057276673461,0.046270446923305335,1.0235849056603772,0.49795342913654755,nan,nan,nan
P12-056,2,habit_only,stable,0,,1,161,-0.04302901326183648,0.07121793746641467,1.0036923076923077,0.49478454054774906,nan,nan,nan
P12-056,0,habit_only,routine_change,0,,1,161,-0.0898955759077342,0.005731742756829443,1.1658259773013873,0.5055860629318903,nan,nan,nan
P12-056,1,habit_only,routine_change,0,,1,161,-0.05438040925572825,0.046270446923305335,1.2198450134770888,0.5110365986625566,nan,nan,nan
P12-056,2,habit_only,routine_change,0,,1,161,-0.034679872565131754,0.07121793746641467,1.0944615384615384,0.5022908433832534,nan,nan,nan
P12-056,0,habit_only,model_mismatch,0,,1,161,-0.11395677829917383,0.02186417187961792,0.9451928965094918,0.47548287480249035,nan,nan,nan
P12-056,1,habit_only,model_mismatch,0,,1,161,-0.08436422622587406,0.008116609806933905,0.9509493670886076,0.48145576471033785,nan,nan,nan
P12-056,2,habit_only,model_mismatch,0,,1,161,-0.06787201460531629,0.013601455037917053,1.1635687732342006,0.5147437584203443,nan,nan,nan
P12-056,0,nn_frozen,stable,0,,1,161,-0.09341015831963527,0.01848494371411375,0.9678436317780582,0.4759985418305288,0.48701917616328366,0.3915445995500618,0.47624695145756685
P12-056,1,nn_frozen,stable,0,,1,161,-0.062214018031962935,0.04395118546689126,1.0566037735849056,0.49393536121723236,0.36572047339253644,0.4309437406602693,0.46733685127707314
P12-056,2,nn_frozen,stable,0,,1,161,-0.03933444909776258,0.07145733225922368,1.037076923076923,0.48938147558720324,0.39530513823063135,0.45496434481661907,0.4776895618891585
P12-056,0,nn_frozen,routine_change,0,,1,161,-0.09226410752595392,0.01848494371411375,1.0881147540983607,0.48450170302096984,0.48701917616328366,0.707771307977867,0.70609589144877
P12-056,1,nn_frozen,routine_change,0,,1,161,-0.05414250201700715,0.04395118546689126,1.216644204851752,0.506711751779063,0.36572047339253644,0.7843651740377898,0.7749644148563665
P12-056,2,nn_frozen,routine_change,1,47,0,,0.03183595380521389,0.07145733225922368,1.0190384615384616,0.6347977153195477,0.39530513823063135,nan,nan
P12-056,0,nn_frozen,model_mismatch,0,,1,161,-0.11522257621025528,0.022124841893485153,0.932639314145744,0.4662314390483353,0.48830875146445907,0.4713947425145184,0.47547554550309984
P12-056,1,nn_frozen,model_mismatch,0,,1,161,-0.08292865064248388,0.014484991784293803,0.9520569620253164,0.4723361925122214,0.49156249060051527,0.4763761221840169,0.5271312988316222
P12-056,2,nn_frozen,model_mismatch,0,,1,161,-0.06543995352226589,0.008231005219313232,1.211895910780669,0.5095917212976123,0.3845944169310935,0.43013829633847905,0.5988135129808683
P12-056,0,nn_adaptive,stable,0,,1,161,-0.09148604858782113,0.011888939457105563,0.9691046658259773,0.47966909800494684,0.5413678936742723,0.3527708726710985,0.4709749535082672
P12-056,1,nn_adaptive,stable,0,,1,161,-0.05797001408124463,0.04607005279909417,1.0336927223719676,0.49120377573348634,0.39427192767064273,0.41539362318482415,0.44984896800636076
P12-056,2,nn_adaptive,stable,0,,1,161,-0.04402951884086263,0.06976144713808945,1.0215384615384615,0.48227776126657784,0.4051033975308545,0.44773980123063095,0.5178643527770964
P12-056,0,nn_adaptive,routine_change,0,,1,161,-0.08798940085197192,0.011888939457105563,1.087957124842371,0.4788786572818851,0.5413678936742723,0.6285804320381363,0.5245545521790973
P12-056,1,nn_adaptive,routine_change,0,,1,161,-0.04842937456185096,0.04607005279909417,1.1662735849056605,0.4906197400116536,0.39427192767064273,0.6563092879924649,0.5005401831426575
P12-056,2,nn_adaptive,routine_change,1,47,0,,0.030752000237341818,0.06976144713808945,1.0190384615384616,0.6256101870141866,0.4051033975308545,nan,nan
P12-056,0,nn_adaptive,model_mismatch,0,,1,161,-0.11295397713779193,0.03883981811963203,0.9611145131659523,0.4673723156804628,0.5500098429912104,0.3540792659585765,0.35068523532549556
P12-056,1,nn_adaptive,model_mismatch,0,,1,161,-0.08381243396676073,0.011756965199592581,0.9517405063291139,0.4787173571384412,0.5368413322275124,0.4089794971873238,0.46748922787073177
P12-056,2,nn_adaptive,model_mismatch,0,,1,161,-0.06614243930189334,0.03420976111077745,1.1602230483271374,0.4965385471042403,0.4192957787181431,0.3956415256482198,0.5730972501228061
P12-057,0,flat,stable,0,,1,161,-0.08499405181230181,0.03870344410592563,0.9859365649311789,0.5163069429539708,nan,nan,nan
P12-057,1,flat,stable,1,14,0,,0.013903562777474664,-0.0088804394043627,0.8923841059602649,0.8279989403973511,nan,nan,nan
P12-057,2,flat,stable,0,,1,161,-0.09061389749470124,0.021632419771485927,1.173202614379085,0.6256083736362266,nan,nan,nan
P12-057,0,flat,routine_change,0,,1,161,-0.08741754429105017,0.03870344410592563,0.9216038300418911,0.493679930017831,nan,nan,nan
P12-057,1,flat,routine_change,1,14,0,,0.013903562777474664,-0.0088804394043627,0.8923841059602649,0.8279989403973511,nan,nan,nan
P12-057,2,flat,routine_change,0,,1,161,-0.08895677130506136,0.021632419771485927,1.1130718954248366,0.6069433097069796,nan,nan,nan
P12-057,0,flat,model_mismatch,0,,1,161,-0.06339905498386068,0.04020170777927899,0.9860861759425493,0.516389361860483,nan,nan,nan
P12-057,1,flat,model_mismatch,1,30,0,,0.022542014449672063,0.03481187121355278,0.9500485489265292,0.7733709286093428,nan,nan,nan
P12-057,2,flat,model_mismatch,0,,1,161,-0.08885723326998515,0.022273296312626367,1.1881204500330909,0.6435489650309426,nan,nan,nan
P12-057,0,codex_rules,stable,0,,1,161,-0.12904283860841897,0.11961465041829353,0.9901256732495513,0.1783765895727529,nan,nan,nan
P12-057,1,codex_rules,stable,0,,1,161,-0.09251680568752732,0.19535328429690502,0.9293598233995585,0.1708212285202866,nan,nan,nan
P12-057,2,codex_rules,stable,0,,1,161,-0.1287082507360415,0.1160519856321081,1.1441176470588235,0.20297091257689004,nan,nan,nan
P12-057,0,codex_rules,routine_change,0,,1,161,-0.1315403911221957,0.11961465041829353,0.9305804907241174,0.17237025804649617,nan,nan,nan
P12-057,1,codex_rules,routine_change,0,,1,161,-0.09246909412988223,0.19535328429690502,0.9083885209713023,0.16845080223676406,nan,nan,nan
P12-057,2,codex_rules,routine_change,0,,1,161,-0.12857384165355643,0.1160519856321081,1.040032679738562,0.19333836085749698,nan,nan,nan
P12-057,0,codex_rules,model_mismatch,1,151,0,,-0.08022678248488946,0.14249678200260268,0.9911729503291443,0.18064033129739687,nan,nan,nan
P12-057,1,codex_rules,model_mismatch,1,8,0,,0.22586160332336977,0.23646282230661378,0.9026384243775548,0.30044313101136433,nan,nan,nan
P12-057,2,codex_rules,model_mismatch,0,,1,161,-0.12084984378210664,0.09174461728210591,1.1520516214427532,0.20430575102516157,nan,nan,nan
P12-057,0,habit_only,stable,0,,1,161,-0.09605955563327656,0.022598944945838566,1.040095751047277,0.4929431154440942,nan,nan,nan
P12-057,1,habit_only,stable,0,,1,161,-0.051179537368718366,0.06306922912626665,0.9277041942604857,0.4715646999196031,nan,nan,nan
P12-057,2,habit_only,stable,0,,1,161,-0.10317192521840397,-0.005303688150353322,1.1844771241830065,0.49878146117914013,nan,nan,nan
P12-057,0,habit_only,routine_change,1,110,0,,-0.045991205400514684,0.022598944945838566,0.9581089168162777,0.49237702986600285,nan,nan,nan
P12-057,1,habit_only,routine_change,0,,1,161,-0.060880204911717604,0.06306922912626665,0.9085264900662251,0.4716983710495593,nan,nan,nan
P12-057,2,habit_only,routine_change,0,,1,161,-0.10583690517938968,-0.005303688150353322,1.0883986928104574,0.4958481915150897,nan,nan,nan
P12-057,0,habit_only,model_mismatch,0,,1,161,-0.07208385307527923,0.019472743808291972,0.9827947336923998,0.48181469321230913,nan,nan,nan
P12-057,1,habit_only,model_mismatch,0,,1,161,-0.029627173214748566,0.05146550962943221,0.9406354515050167,0.47704944962531415,nan,nan,nan
P12-057,2,habit_only,model_mismatch,0,,1,161,-0.10398101949630101,-0.014893531247728157,1.2043348775645268,0.5058687677966707,nan,nan,nan
P12-057,0,nn_frozen,stable,0,,1,161,-0.09606025784946198,0.036962247356421216,1.0405445840813885,0.48789175520738565,0.39752395541461366,0.4511374838312681,0.4291547059206643
P12-057,1,nn_frozen,stable,0,,1,161,-0.05564440988830416,0.06263189927830484,0.9398454746136865,0.47433825903218974,0.47705168408983994,0.3838844068748347,0.5081815637735623
P12-057,2,nn_frozen,stable,0,,1,161,-0.10296304865185987,0.007477917590188623,1.1841503267973854,0.49566754866073665,0.5252763909205859,0.43961619539357005,0.4534753350720857
P12-057,0,nn_frozen,routine_change,0,,1,161,-0.09661774691256851,0.036962247356421216,0.9608019150209455,0.48575872685794724,0.39752395541461366,0.5457111055376604,0.4824667295863284
P12-057,1,nn_frozen,routine_change,0,,1,161,-0.061759469644807906,0.06263189927830484,0.9082505518763796,0.4702803203049762,0.47705168408983994,0.4437956101755659,0.5997746988626899
P12-057,2,nn_frozen,routine_change,0,,1,161,-0.10363299599201814,0.007477917590188623,1.0892156862745097,0.49009621694907163,0.5252763909205859,0.5305049605163903,0.5099526778346366
P12-057,0,nn_frozen,model_mismatch,0,,1,161,-0.06995020519631295,0.027616798298900378,0.9857869539198085,0.482926200941129,0.3865605794140942,0.37611882247389444,0.41126526124997664
P12-057,1,nn_frozen,model_mismatch,0,,1,161,-0.0339908907519606,0.05131026436325566,0.9496934225195094,0.47523904837261427,0.42461564914823374,0.4661638763350326,0.4573508491390953
P12-057,2,nn_frozen,model_mismatch,0,,1,161,-0.09893105092970926,-0.005895418738502424,1.1824950363997353,0.5002564327875397,0.40198053307697806,0.486150055269626,0.44517692933536795
P12-057,0,nn_adaptive,stable,0,,1,161,-0.09653214629836349,0.0171677143925492,0.9895272292040694,0.48576478585238014,0.4206363299362445,0.38212761367121717,0.524640117081213
P12-057,1,nn_adaptive,stable,0,,1,161,-0.0596233704024962,0.03184992859528826,0.9377759381898455,0.4889917395759066,0.4615304544357593,0.43524508722721655,0.435579620703996
P12-057,2,nn_adaptive,stable,0,,1,161,-0.10047122115467096,0.011676840881694388,1.170424836601307,0.49274687035243786,0.5938099712779978,0.47423313590986477,0.47493677619024105
P12-057,0,nn_adaptive,routine_change,0,,1,161,-0.09378344404919348,0.018513361869500287,0.9210053859964095,0.4748075562529765,0.4206363299362445,0.5155307562289425,0.3892067130889995
P12-057,1,nn_adaptive,routine_change,0,,1,161,-0.06262706088817555,0.03184992859528826,0.907008830022075,0.4871525019813889,0.4615304544357593,0.4070647849413486,0.5011364271696606
P12-057,2,nn_adaptive,routine_change,0,,1,161,-0.10228559185366638,0.011676840881694388,1.0888888888888888,0.487924988720065,0.5938099712779978,0.4591472857836833,0.4938816760293471
P12-057,0,nn_adaptive,model_mismatch,0,,1,161,-0.0687174189729762,0.02409990466518162,0.9841412327947338,0.48838644915465473,0.41056701143677055,0.389225861692813,0.4541451222802098
P12-057,1,nn_adaptive,model_mismatch,0,,1,161,-0.032971226600348506,0.04592479196443428,0.9381270903010033,0.4870882933280328,0.438010206812019,0.39763946684515583,0.43516898153356137
P12-057,2,nn_adaptive,model_mismatch,0,,1,161,-0.10080187272723923,-0.016493843760296726,1.2030112508272668,0.49649874666701416,0.5554321762378295,0.38897043997598607,0.4335268761966603
P12-058,0,flat,stable,0,,1,161,-0.20163294813141602,-0.010271523636337519,1.0526353480378114,0.5865536053471244,nan,nan,nan
P12-058,1,flat,stable,0,,1,161,-0.18631345323028797,0.02204151974251214,0.9555218947948224,0.5172258878066506,nan,nan,nan
P12-058,2,flat,stable,0,,1,161,-0.17265444758845136,0.044345244891291026,0.9611973392461198,0.5339340582240213,nan,nan,nan
P12-058,0,flat,routine_change,0,,1,161,-0.2661366050562642,-0.010271523636337519,1.0770552850186192,0.5939299100730255,nan,nan,nan
P12-058,1,flat,routine_change,0,,1,161,-0.24857113240560957,0.02204151974251214,0.971908565133572,0.522719093532282,nan,nan,nan
P12-058,2,flat,routine_change,0,,1,161,-0.23213689453928243,0.044345244891291026,0.99424889135255,0.5441726702272769,nan,nan,nan
P12-058,0,flat,model_mismatch,0,,1,161,-0.17322116101463542,0.0016545441039305664,1.0525637353193928,0.5861155077368938,nan,nan,nan
P12-058,1,flat,model_mismatch,0,,1,161,-0.13764136418118794,0.04234606746094557,0.9492326664839683,0.513653031202711,nan,nan,nan
P12-058,2,flat,model_mismatch,0,,1,161,-0.12239754029589703,0.06254471399572577,0.9758869179600888,0.5375984007119862,nan,nan,nan
P12-058,0,codex_rules,stable,0,,1,161,-0.30691286442444166,0.03080920375954951,1.0536379260956745,0.13384531669398864,nan,nan,nan
P12-058,1,codex_rules,stable,0,,1,161,-0.2900629069865986,0.11339443040213075,0.9509088405397962,0.12144156710574007,nan,nan,nan
P12-058,2,codex_rules,stable,0,,1,161,-0.2722587823005578,0.10828951143535523,0.9645232815964524,0.1252168646153448,nan,nan,nan
P12-058,0,codex_rules,routine_change,0,,1,161,-0.33124628507239895,0.03080920375954951,1.0770552850186192,0.14025604721953094,nan,nan,nan
P12-058,1,codex_rules,routine_change,1,96,0,,-0.24315637250533734,0.11339443040213075,0.9629578628477004,0.12710960720007075,nan,nan,nan
P12-058,2,codex_rules,routine_change,0,,1,161,-0.295903116501346,0.10828951143535523,0.9944567627494458,0.13191267067614118,nan,nan,nan
P12-058,0,codex_rules,model_mismatch,0,,1,161,-0.26338671656840273,0.0886884190134712,1.0482669722142652,0.13244363760225333,nan,nan,nan
P12-058,1,codex_rules,model_mismatch,0,,1,161,-0.22503085649912125,0.1947803987178258,0.9440942724033982,0.120283520252758,nan,nan,nan
P12-058,2,codex_rules,model_mismatch,0,,1,161,-0.20417400318374634,0.19656911821351677,0.9643154101995566,0.12465166840918909,nan,nan,nan
P12-058,0,habit_only,stable,0,,1,161,-0.2140241650469218,-0.017101383543799437,1.0525637353193928,0.5122123626847398,nan,nan,nan
P12-058,1,habit_only,stable,0,,1,161,-0.19300503233866123,0.023826005249798048,0.9555218947948224,0.49510368097648405,nan,nan,nan
P12-058,2,habit_only,stable,0,,1,161,-0.18174578413044296,0.02771235593837883,0.9611973392461198,0.49442583517579447,nan,nan,nan
P12-058,0,habit_only,routine_change,0,,1,161,-0.2918999335959389,-0.017101383543799437,1.0759094815239187,0.46667770782734813,nan,nan,nan
P12-058,1,habit_only,routine_change,0,,1,161,-0.2753279735009359,0.023826005249798048,0.9663315890939136,0.4452015191333584,nan,nan,nan
P12-058,2,habit_only,routine_change,0,,1,161,-0.2592137070619993,0.02771235593837883,0.9941796008869179,0.45072581106885046,nan,nan,nan
P12-058,0,habit_only,model_mismatch,0,,1,161,-0.18427520476515413,-0.022058757508792947,1.0525637353193928,0.5122112297210583,nan,nan,nan
P12-058,1,habit_only,model_mismatch,0,,1,161,-0.1435568806017446,0.04736230155675868,0.9492326664839683,0.4901542380205335,nan,nan,nan
P12-058,2,habit_only,model_mismatch,0,,1,161,-0.13077916221352814,0.04712912508909471,0.9600194013303771,0.494332663673132,nan,nan,nan
P12-058,0,nn_frozen,stable,0,,1,161,-0.21579077034428004,-0.02040227173617737,1.0525637353193928,0.5091864560074998,0.38267664357094083,0.37750264538472644,0.35409146059767294
P12-058,1,nn_frozen,stable,0,,1,161,-0.19766222801695513,0.023313774880616502,0.9576562930322227,0.4707216282561023,0.4863451219891334,0.43162164501526107,0.3708723723312013
P12-058,2,nn_frozen,stable,0,,1,161,-0.18507578859894053,0.025264859987996137,0.9611973392461198,0.47437406326093495,0.4249529660980568,0.4989380453103566,0.41345380324273995
P12-058,0,nn_frozen,routine_change,0,,1,161,-0.294742608981819,-0.02040227173617737,1.0759094815239187,0.4480778832891256,0.38267664357094083,1.1432654895345722,0.9861854464808966
P12-058,1,nn_frozen,routine_change,0,,1,161,-0.27976105485217956,0.023313774880616502,0.9663315890939136,0.4087311836217309,0.4863451219891334,1.2265636478285873,1.0142192876826772
P12-058,2,nn_frozen,routine_change,0,,1,161,-0.2636958469935945,0.025264859987996137,0.994318181818182,0.41825533722866043,0.4249529660980568,1.2504530797743854,0.9891026176666486
P12-058,0,nn_frozen,model_mismatch,0,,1,161,-0.1856165052531643,-0.023210087066652306,1.0525637353193928,0.509192259177077,0.3826561439857062,0.3775114305373632,0.35531838500220214
P12-058,1,nn_frozen,model_mismatch,0,,1,161,-0.14573969018129965,0.05666075103095226,0.9495067141682653,0.4683576608971418,0.5161968226650328,0.40299345886333793,0.3438321974498182
P12-058,2,nn_frozen,model_mismatch,0,,1,161,-0.13358189228831102,0.047824592813001957,0.9758869179600888,0.47579486834362356,0.4250646705039066,0.49258303050329666,0.40483354459404225
P12-058,0,nn_adaptive,stable,0,,1,161,-0.2138036000863299,-0.018580873818975885,1.0525637353193928,0.5093258273964405,0.4433324089160254,0.40380409142961743,0.36611448829034954
P12-058,1,nn_adaptive,stable,0,,1,161,-0.19456871875494774,0.02244405273483701,0.9576562930322227,0.49869334511549995,0.4070912291910224,0.4022483426441769,0.3369193481775262
P12-058,2,nn_adaptive,stable,0,,1,161,-0.18089512453592207,0.029375894517292535,0.9611973392461198,0.4946556190954993,0.48408348809223517,0.4173237704052272,0.3893594028755061
P12-058,0,nn_adaptive,routine_change,0,,1,161,-0.29075503166768835,-0.018580873818975885,1.0759094815239187,0.4767125288908896,0.4433324089160254,0.7291039827748929,0.7698977925289352
P12-058,1,nn_adaptive,routine_change,0,,1,161,-0.2743048335933885,0.02244405273483701,0.9663315890939136,0.4634834486935594,0.4070912291910224,0.783376672583038,0.7834469365762173
P12-058,2,nn_adaptive,routine_change,0,,1,161,-0.25754420746350204,0.029375894517292535,0.9946646341463415,0.4638577908136374,0.48408348809223517,0.7651966180738562,0.7799157245103895
P12-058,0,nn_adaptive,model_mismatch,0,,1,161,-0.18371424059037733,-0.021787458067876356,1.0525637353193928,0.5093230298115679,0.44333611695824854,0.40380411100166363,0.3665019922759121
P12-058,1,nn_adaptive,model_mismatch,0,,1,161,-0.14254896389050428,0.04458868371857,0.9492326664839683,0.497180031201502,0.43655917359466223,0.3914940933763777,0.3069682975558705
P12-058,2,nn_adaptive,model_mismatch,0,,1,161,-0.1295243927483727,0.05103297835725016,0.9600194013303771,0.4944742707566772,0.4841690421048522,0.4173188318402218,0.3749188628907211
P12-059,0,flat,stable,0,,1,161,-0.06995446515991445,0.052894266722072515,0.9793832293832295,0.5266689642896993,nan,nan,nan
P12-059,1,flat,stable,1,152,0,,-0.0419772996830015,0.04848921135080466,0.9988380407579548,0.5431247789573567,nan,nan,nan
P12-059,2,flat,stable,0,,1,161,-0.030483216877254058,0.062228571283246284,1.0617217108825123,0.5820602664741532,nan,nan,nan
P12-059,0,flat,routine_change,1,62,0,,0.07285950739994625,0.2080123857190437,0.9486024486024487,0.6003253683372152,nan,nan,nan
P12-059,1,flat,routine_change,1,56,0,,0.05336036681105312,0.18243466747372938,0.9811169862446606,0.6550620713510169,nan,nan,nan
P12-059,2,flat,routine_change,1,78,0,,0.11580909877606346,0.2333445907251963,1.0184836169498264,0.5872357102841715,nan,nan,nan
P12-059,0,flat,model_mismatch,0,,1,161,-0.08572236449149453,0.02542232604889791,0.981640625,0.5276062044640677,nan,nan,nan
P12-059,1,flat,model_mismatch,1,152,0,,-0.03481312714187605,0.03486827739395183,0.982987106017192,0.537080555521843,nan,nan,nan
P12-059,2,flat,model_mismatch,0,,1,161,-0.07379861996446983,0.030463493997475617,1.1248107494322483,0.6111738799002283,nan,nan,nan
P12-059,0,codex_rules,stable,1,1,0,,0.4531479482709706,0.4531479482709706,0.8004158004158005,0.19064582738974406,nan,nan,nan
P12-059,1,codex_rules,stable,0,,1,161,-0.12316312941292847,0.18046075495084524,0.9805148373257061,0.11961128539038911,nan,nan,nan
P12-059,2,codex_rules,stable,0,,1,161,-0.08128734400490692,0.23037196433010707,1.0591499729290743,0.12487242149304899,nan,nan,nan
P12-059,0,codex_rules,routine_change,1,1,0,,0.4531479482709706,0.4531479482709706,0.8004158004158005,0.19064582738974406,nan,nan,nan
P12-059,1,codex_rules,routine_change,0,,1,161,-0.10052590543513065,0.18046075495084524,0.9659456560600642,0.1150405116518457,nan,nan,nan
P12-059,2,codex_rules,routine_change,0,,1,161,-0.058413434273327375,0.23037196433010707,1.0038801660350118,0.11818691230891212,nan,nan,nan
P12-059,0,codex_rules,model_mismatch,0,,1,161,-0.1380222074355785,0.23435048058013616,0.9812500000000001,0.1179537679823475,nan,nan,nan
P12-059,1,codex_rules,model_mismatch,0,,1,161,-0.11647793079553785,0.20583502375042118,0.9831661891117478,0.11919800749577489,nan,nan,nan
P12-059,2,codex_rules,model_mismatch,0,,1,161,-0.13103038080329482,0.18077305349683082,1.1231548069644208,0.13230922843726003,nan,nan,nan
P12-059,0,habit_only,stable,0,,1,161,-0.07228964444714027,0.043221737592504354,0.9773908523908525,0.5127748149342642,nan,nan,nan
P12-059,1,habit_only,stable,0,,1,161,-0.0774915362958605,0.019498407213636094,0.9972291741151234,0.5246336210846619,nan,nan,nan
P12-059,2,habit_only,stable,0,,1,161,-0.0406901969955382,0.06016096853753716,1.0631654935932142,0.5237198240169814,nan,nan,nan
P12-059,0,habit_only,routine_change,0,,1,161,-0.0008356238038372747,0.20381737961242613,0.9384095634095635,0.5119526113975231,nan,nan,nan
P12-059,1,habit_only,routine_change,1,46,0,,0.018959458525591392,0.019498407213636094,0.9885059219984937,0.675037560009869,nan,nan,nan
P12-059,2,habit_only,routine_change,1,53,0,,0.0776408887486248,0.21423738936088352,1.0279833162886765,0.6417946126280816,nan,nan,nan
P12-059,0,habit_only,model_mismatch,0,,1,161,-0.09052163288426078,0.034384169917383973,0.9819444444444444,0.5084989100521369,nan,nan,nan
P12-059,1,habit_only,model_mismatch,1,152,0,,-0.04695142451861702,0.017134515053691908,1.0061335959885385,0.5247613019693876,nan,nan,nan
P12-059,2,habit_only,model_mismatch,0,,1,161,-0.09099772191047342,0.01543934327677557,1.1251892505677517,0.52496710992486,nan,nan,nan
P12-059,0,nn_frozen,stable,0,,1,161,-0.07109823380335192,0.04541682603263643,0.9792099792099794,0.5088038874098079,0.3230000534425678,0.2403568552280786,0.27158569664970184
P12-059,1,nn_frozen,stable,0,,1,161,-0.07473205614501101,0.024603070595057626,0.9825259206292455,0.5225880483382229,0.2367387763909846,0.26460528262505983,0.22638977623786452
P12-059,2,nn_frozen,stable,0,,1,161,-0.036120523549540776,0.0670437561467526,1.060458401010648,0.5232311519742391,0.2941307820845764,0.2711056685191361,0.26333798694190585
P12-059,0,nn_frozen,routine_change,0,,1,161,-0.0015255880876356373,0.1982283139601797,0.938279625779626,0.508314048617052,0.3230000534425678,1.3560389457317628,1.1202606169082927
P12-059,1,nn_frozen,routine_change,1,46,0,,0.02449447358362293,0.024603070595057626,0.9883461763743827,0.6738676619810825,0.2367387763909846,nan,nan
P12-059,2,nn_frozen,routine_change,1,45,0,,0.059350641838587875,0.0670437561467526,1.0451966761611076,0.6812252195095494,0.2941307820845764,nan,nan
P12-059,0,nn_frozen,model_mismatch,0,,1,161,-0.0873839031039785,0.03691907796718098,0.9819878472222222,0.5117526381621567,0.29270436222735896,0.2496078209023798,0.2192745574470168
P12-059,1,nn_frozen,model_mismatch,1,178,0,161,-0.05450997429576144,0.02138051521273195,1.0191618911174785,0.5244429972883451,0.2227984725778678,0.23505617435660256,0.25819288646647376
P12-059,2,nn_frozen,model_mismatch,0,,1,161,-0.08653633917107251,0.025945309140528155,1.1139288417865254,0.5255715606859527,0.3553836653647288,0.2767783546738531,0.2604118301699096
P12-059,0,nn_adaptive,stable,0,,1,161,-0.07438707591664827,0.03971761440532484,0.9797297297297298,0.5121825885720825,0.3563704062079153,0.24119981981576924,0.22019400234592257
P12-059,1,nn_adaptive,stable,0,,1,161,-0.07892356231659779,0.016485197949886007,0.9813639613872005,0.5209735468296215,0.2647986547195482,0.24802326477052297,0.22438491233030589
P12-059,2,nn_adaptive,stable,0,,1,161,-0.03998166118666422,0.06315415813996919,1.0597365096552969,0.5179984932395506,0.33879959653167085,0.2346232740929204,0.241558920956938
P12-059,0,nn_adaptive,routine_change,0,,1,161,-0.002014001361603311,0.19302701778924977,0.9384528759528761,0.5123207305151517,0.3563704062079153,0.9044019156870028,0.8791685595465629
P12-059,1,nn_adaptive,routine_change,0,,1,161,-0.008484840790344781,0.17976597383583545,0.9729174115123346,0.5245835524086047,0.2647986547195482,1.0568413191185744,0.9458943300572853
P12-059,2,nn_adaptive,routine_change,1,45,0,,0.055097512962035314,0.06315415813996919,1.0451966761611076,0.6741058428207398,0.33879959653167085,nan,nan
P12-059,0,nn_adaptive,model_mismatch,0,,1,161,-0.08996927196865162,0.03133830139977649,0.9819444444444444,0.5104998372429267,0.2912964993178078,0.26405317317077753,0.23633353956237155
P12-059,1,nn_adaptive,model_mismatch,0,,1,161,-0.07234364659764514,0.014459591068637494,0.9964183381088825,0.5239509770241744,0.25282403430064193,0.23012443787302156,0.2518662984168819
P12-059,2,nn_adaptive,model_mismatch,0,,1,161,-0.09042781695750651,0.0198536085980137,1.1240064345193035,0.5182715966511404,0.3193640912148205,0.2443376712426579,0.2689230360892678
