person,group,controller,seed,expected_risk,survival_14,survival_30,survival_90,survival_180,median_relapse_day,lapses_before_relapse,v1_expected_risk
H51-003,difficult,abrupt quit,0,1.0,0.06000000000000005,0.0,0.0,0.0,7.0,5.0,0.5762438672040927
H51-003,difficult,abrupt quit,1,0.992,0.698,0.31799999999999995,0.07199999999999995,0.014000000000000012,20.0,5.0,0.5680077003130815
H51-003,difficult,abrupt quit,2,0.548,0.918,0.766,0.614,0.514,38.5,6.0,0.5648094715318194
H51-003,difficult,flat 12%,0,1.0,0.6819999999999999,0.246,0.0040000000000000036,0.0,18.0,5.0,0.31722198554369196
H51-003,difficult,flat 12%,1,0.834,0.994,0.964,0.794,0.45599999999999996,168.0,14.0,0.30597687750650393
H51-003,difficult,flat 12%,2,0.172,1.0,1.0,0.994,0.95,202.5,11.0,0.31078622428626645
H51-003,difficult,v3,0,1.0,0.65,0.256,0.006000000000000005,0.0,17.0,5.0,0.14169591592991515
H51-003,difficult,v3,1,0.83,0.994,0.966,0.812,0.478,169.0,14.0,0.15736473052680122
H51-003,difficult,v3,2,0.168,1.0,1.0,0.996,0.954,203.0,11.0,0.14686895594214744
H51-003,difficult,v4,0,1.0,0.688,0.254,0.006000000000000005,0.0,18.0,5.0,0.15467622521008717
H51-003,difficult,v4,1,0.822,0.994,0.966,0.8160000000000001,0.496,170.0,14.0,0.13314469551788766
H51-003,difficult,v4,2,0.166,1.0,1.0,0.996,0.956,203.0,11.0,0.14573238308101377
H51-009,difficult,abrupt quit,0,1.0,0.016000000000000014,0.0,0.0,0.0,6.0,5.0,0.48358166765126454
H51-009,difficult,abrupt quit,1,1.0,0.052000000000000046,0.0,0.0,0.0,7.0,5.0,0.5179994424185905
H51-009,difficult,abrupt quit,2,1.0,0.09999999999999998,0.006000000000000005,0.0,0.0,8.0,5.0,0.5002146302718098
H51-009,difficult,flat 12%,0,1.0,0.31599999999999995,0.02200000000000002,0.0,0.0,11.0,5.0,0.556776773049589
H51-009,difficult,flat 12%,1,1.0,0.848,0.43999999999999995,0.014000000000000012,0.0,28.0,6.0,0.3644145018825746
H51-009,difficult,flat 12%,2,1.0,0.85,0.42000000000000004,0.018000000000000016,0.0020000000000000018,26.0,6.0,0.3144208797140424
H51-009,difficult,v3,0,1.0,0.30200000000000005,0.016000000000000014,0.0,0.0,11.0,5.0,0.2679493387291044
H51-009,difficult,v3,1,1.0,0.83,0.45599999999999996,0.018000000000000016,0.0,28.0,6.0,0.17581971104523286
H51-009,difficult,v3,2,1.0,0.848,0.45199999999999996,0.02400000000000002,0.0020000000000000018,28.0,6.0,0.16717248194389833
H51-009,difficult,v4,0,1.0,0.31000000000000005,0.018000000000000016,0.0,0.0,11.0,5.0,0.17911823141303962
H51-009,difficult,v4,1,1.0,0.83,0.45799999999999996,0.020000000000000018,0.0,28.0,6.0,0.14279343572869496
H51-009,difficult,v4,2,1.0,0.846,0.45199999999999996,0.02400000000000002,0.0020000000000000018,27.0,6.0,0.09704016666137649
H51-013,difficult,abrupt quit,0,1.0,0.05400000000000005,0.0,0.0,0.0,7.0,5.0,0.5551792005062322
H51-013,difficult,abrupt quit,1,1.0,0.6739999999999999,0.248,0.038000000000000034,0.0,19.0,5.0,0.5608658174669763
H51-013,difficult,abrupt quit,2,1.0,0.538,0.14800000000000002,0.014000000000000012,0.0020000000000000018,14.0,5.0,0.5687240062558631
H51-013,difficult,flat 12%,0,1.0,0.43999999999999995,0.09399999999999997,0.0,0.0,12.0,5.0,0.16515183561759317
H51-013,difficult,flat 12%,1,0.968,0.98,0.924,0.69,0.258,141.5,14.0,0.3196351049988394
H51-013,difficult,flat 12%,2,0.958,0.98,0.912,0.652,0.244,126.0,13.0,0.2898221393903925
H51-013,difficult,v3,0,1.0,0.44399999999999995,0.08799999999999997,0.0,0.0,12.0,5.0,0.13459133618719166
H51-013,difficult,v3,1,0.97,0.972,0.912,0.698,0.274,149.0,14.0,0.16999475050359703
H51-013,difficult,v3,2,0.95,0.98,0.912,0.6659999999999999,0.27,134.0,14.0,0.13224304730656322
H51-013,difficult,v4,0,1.0,0.43600000000000005,0.08999999999999997,0.0,0.0,12.0,5.0,0.12471730588347574
H51-013,difficult,v4,1,0.97,0.972,0.91,0.706,0.28800000000000003,152.0,14.0,0.10054200309596317
H51-013,difficult,v4,2,0.948,0.98,0.912,0.6779999999999999,0.29000000000000004,142.0,14.0,0.11581025277408385
H51-014,difficult,abrupt quit,0,1.0,0.18600000000000005,0.014000000000000012,0.0,0.0,9.0,5.0,0.5110013579640778
H51-014,difficult,abrupt quit,1,0.888,0.798,0.5700000000000001,0.30400000000000005,0.17800000000000005,31.5,6.0,0.45582333326462166
H51-014,difficult,abrupt quit,2,1.0,0.15400000000000003,0.014000000000000012,0.0,0.0,8.0,5.0,0.5260723594959604
H51-014,difficult,flat 12%,0,1.0,0.878,0.5860000000000001,0.06799999999999995,0.0,35.5,7.0,0.5345024639883635
H51-014,difficult,flat 12%,1,0.472,0.998,0.978,0.9319999999999999,0.792,185.0,12.0,0.0826935978583675
H51-014,difficult,flat 12%,2,1.0,0.8200000000000001,0.45199999999999996,0.03400000000000003,0.0020000000000000018,27.0,6.0,0.498862715793007
H51-014,difficult,v3,0,1.0,0.87,0.5720000000000001,0.09199999999999997,0.0020000000000000018,35.0,7.0,0.34972583410856783
H51-014,difficult,v3,1,0.468,0.998,0.98,0.9359999999999999,0.798,185.0,12.0,0.07568421730756159
H51-014,difficult,v3,2,1.0,0.812,0.45799999999999996,0.03400000000000003,0.0020000000000000018,28.0,6.0,0.38991214671119834
H51-014,difficult,v4,0,1.0,0.864,0.5680000000000001,0.09999999999999998,0.0040000000000000036,35.0,7.0,0.19223172782407227
H51-014,difficult,v4,1,0.462,0.998,0.982,0.942,0.802,185.0,11.0,0.07343300434778877
H51-014,difficult,v4,2,1.0,0.8140000000000001,0.46799999999999997,0.038000000000000034,0.0020000000000000018,28.0,6.0,0.2881431453707929
H51-017,difficult,abrupt quit,0,1.0,0.0,0.0,0.0,0.0,4.0,5.0,0.4572831203141411
H51-017,difficult,abrupt quit,1,1.0,0.18400000000000005,0.010000000000000009,0.0,0.0,9.0,5.0,0.4292204121667935
H51-017,difficult,abrupt quit,2,1.0,0.0,0.0,0.0,0.0,4.0,5.0,0.48323899674098114
H51-017,difficult,flat 12%,0,1.0,0.952,0.714,0.05400000000000005,0.0020000000000000018,40.0,7.0,0.2706832136999162
H51-017,difficult,flat 12%,1,1.0,0.83,0.43799999999999994,0.018000000000000016,0.0,26.0,6.0,0.24811260820857706
H51-017,difficult,flat 12%,2,1.0,0.21999999999999997,0.006000000000000005,0.0,0.0,9.0,5.0,0.2973018409635999
H51-017,difficult,v3,0,1.0,0.9339999999999999,0.6759999999999999,0.06399999999999995,0.0040000000000000036,38.0,7.0,0.15362364847573218
H51-017,difficult,v3,1,1.0,0.8140000000000001,0.41400000000000003,0.02200000000000002,0.0,25.5,6.0,0.1926970172281215
H51-017,difficult,v3,2,1.0,0.21999999999999997,0.006000000000000005,0.0,0.0,9.0,5.0,0.21204217859313124
H51-017,difficult,v4,0,1.0,0.92,0.6699999999999999,0.07199999999999995,0.006000000000000005,37.0,7.0,0.09811992975837058
H51-017,difficult,v4,1,1.0,0.8160000000000001,0.43799999999999994,0.03200000000000003,0.0,26.5,6.0,0.12650767420959874
H51-017,difficult,v4,2,1.0,0.21599999999999997,0.006000000000000005,0.0,0.0,9.0,5.0,0.21944411062821323
H51-022,difficult,abrupt quit,0,1.0,0.03400000000000003,0.0,0.0,0.0,6.0,5.0,0.44955883354889137
H51-022,difficult,abrupt quit,1,0.7,0.922,0.788,0.542,0.372,58.0,7.0,0.45673888500743265
H51-022,difficult,abrupt quit,2,0.956,0.724,0.45199999999999996,0.17000000000000004,0.07599999999999996,23.0,5.0,0.44308007828790974
H51-022,difficult,flat 12%,0,1.0,0.612,0.17400000000000004,0.0,0.0,16.0,5.0,0.2766115549896687
H51-022,difficult,flat 12%,1,0.352,0.998,0.994,0.964,0.866,190.5,12.0,0.4090302966266979
H51-022,difficult,flat 12%,2,0.658,1.0,0.988,0.918,0.6619999999999999,178.0,13.0,0.26516083690634373
H51-022,difficult,v3,0,1.0,0.5860000000000001,0.16200000000000003,0.0,0.0,15.0,5.0,0.19068281274451715
H51-022,difficult,v3,1,0.348,0.998,0.994,0.964,0.87,191.0,11.0,0.2972083727694341
H51-022,difficult,v3,2,0.658,0.996,0.984,0.916,0.6599999999999999,178.0,13.0,0.15781906737505969
H51-022,difficult,v4,0,1.0,0.5760000000000001,0.15800000000000003,0.0,0.0,15.0,5.0,0.1930098381755334
H51-022,difficult,v4,1,0.348,0.998,0.994,0.964,0.87,191.0,11.0,0.19053926294982182
H51-022,difficult,v4,2,0.652,0.996,0.984,0.924,0.6759999999999999,180.0,13.0,0.13914195657780104
H51-023,difficult,abrupt quit,0,1.0,0.11399999999999999,0.0020000000000000018,0.0,0.0,8.0,5.0,0.4956846036539686
H51-023,difficult,abrupt quit,1,1.0,0.062000000000000055,0.0020000000000000018,0.0,0.0,7.0,5.0,0.5275212380971064
H51-023,difficult,abrupt quit,2,1.0,0.27,0.02400000000000002,0.0,0.0,10.0,5.0,0.5527880862587007
H51-023,difficult,flat 12%,0,1.0,0.788,0.356,0.01200000000000001,0.0,23.0,6.0,0.17703652124767455
H51-023,difficult,flat 12%,1,1.0,0.802,0.33999999999999997,0.01200000000000001,0.0,23.0,6.0,0.45085568185463887
H51-023,difficult,flat 12%,2,1.0,0.894,0.62,0.06399999999999995,0.0020000000000000018,37.0,7.0,0.6410141329137535
H51-023,difficult,v3,0,1.0,0.8,0.382,0.014000000000000012,0.0,24.0,6.0,0.09968865515910286
H51-023,difficult,v3,1,1.0,0.788,0.346,0.010000000000000009,0.0,23.0,6.0,0.26848683561719866
H51-023,difficult,v3,2,1.0,0.89,0.642,0.08199999999999996,0.0020000000000000018,39.0,8.0,0.3793810191835588
H51-023,difficult,v4,0,1.0,0.8,0.382,0.02200000000000002,0.0,24.0,6.0,0.08449000529218165
H51-023,difficult,v4,1,1.0,0.792,0.36,0.016000000000000014,0.0,24.0,6.0,0.173229175771076
H51-023,difficult,v4,2,1.0,0.89,0.642,0.09199999999999997,0.0020000000000000018,39.0,8.0,0.2951059077398266
H51-025,difficult,abrupt quit,0,0.696,0.768,0.48,0.372,0.33599999999999997,18.0,5.0,0.6474058904664525
H51-025,difficult,abrupt quit,1,1.0,0.008000000000000007,0.0,0.0,0.0,6.0,5.0,0.651631099465518
H51-025,difficult,abrupt quit,2,1.0,0.03400000000000003,0.0,0.0,0.0,6.0,5.0,0.6329132763393603
H51-025,difficult,flat 12%,0,0.154,0.998,0.994,0.99,0.952,197.0,10.0,0.37756366250106244
H51-025,difficult,flat 12%,1,1.0,0.6,0.14400000000000002,0.0020000000000000018,0.0,17.0,5.0,0.4970637048336758
H51-025,difficult,flat 12%,2,1.0,0.5740000000000001,0.14200000000000002,0.0,0.0,15.0,5.0,0.23680906661704515
H51-025,difficult,v3,0,0.154,0.998,0.996,0.992,0.954,197.0,10.0,0.2341187206701113
H51-025,difficult,v3,1,1.0,0.5900000000000001,0.15600000000000003,0.0040000000000000036,0.0,17.0,5.0,0.282417624171586
H51-025,difficult,v3,2,1.0,0.544,0.122,0.0,0.0,14.0,5.0,0.1305308943585467
H51-025,difficult,v4,0,0.152,0.998,0.996,0.992,0.956,197.0,10.0,0.25094431414510043
H51-025,difficult,v4,1,1.0,0.5840000000000001,0.15600000000000003,0.0040000000000000036,0.0,16.0,5.0,0.2606624728160496
H51-025,difficult,v4,2,1.0,0.55,0.122,0.0,0.0,14.0,5.0,0.10162748566188895
H51-038,difficult,abrupt quit,0,1.0,0.238,0.018000000000000016,0.0,0.0,9.0,5.0,0.2573538060731233
H51-038,difficult,abrupt quit,1,0.842,0.906,0.768,0.43600000000000005,0.23399999999999999,52.0,7.0,0.33211642325815816
H51-038,difficult,abrupt quit,2,1.0,0.18600000000000005,0.010000000000000009,0.0,0.0,9.0,5.0,0.3070268003745814
H51-038,difficult,flat 12%,0,1.0,0.762,0.372,0.01200000000000001,0.0,24.0,6.0,0.18279937540012636
H51-038,difficult,flat 12%,1,0.514,0.996,0.98,0.9319999999999999,0.804,189.0,13.0,0.29621590947718734
H51-038,difficult,flat 12%,2,1.0,0.652,0.18999999999999995,0.0020000000000000018,0.0,17.0,5.0,0.35924056731671816
H51-038,difficult,v3,0,1.0,0.756,0.344,0.01200000000000001,0.0,23.0,6.0,0.07980310154681314
H51-038,difficult,v3,1,0.498,0.996,0.98,0.9339999999999999,0.812,189.0,13.0,0.11687409741448784
H51-038,difficult,v3,2,1.0,0.648,0.19799999999999995,0.0020000000000000018,0.0,17.0,5.0,0.1641900777274965
H51-038,difficult,v4,0,1.0,0.752,0.33399999999999996,0.01200000000000001,0.0,23.0,6.0,0.07967584502553438
H51-038,difficult,v4,1,0.494,0.996,0.98,0.938,0.8220000000000001,191.0,13.0,0.0947422834411249
H51-038,difficult,v4,2,1.0,0.65,0.18600000000000005,0.0020000000000000018,0.0,17.0,5.0,0.22354880380556275
H51-039,difficult,abrupt quit,0,1.0,0.44399999999999995,0.04600000000000004,0.0,0.0,13.0,5.0,0.580315386778057
H51-039,difficult,abrupt quit,1,1.0,0.27,0.016000000000000014,0.0,0.0,9.0,5.0,0.5360997935448972
H51-039,difficult,abrupt quit,2,1.0,0.534,0.14400000000000002,0.010000000000000009,0.0,14.0,5.0,0.6367752851733044
H51-039,difficult,flat 12%,0,1.0,0.96,0.728,0.238,0.018000000000000016,48.5,8.0,0.14893513463689578
H51-039,difficult,flat 12%,1,1.0,0.802,0.44999999999999996,0.04600000000000004,0.0,26.0,6.0,0.19956377739626174
H51-039,difficult,flat 12%,2,0.994,0.972,0.854,0.48,0.126,85.0,11.0,0.35217412298755457
H51-039,difficult,v3,0,1.0,0.954,0.71,0.256,0.028000000000000025,49.0,8.0,0.08000050063069752
H51-039,difficult,v3,1,1.0,0.786,0.43200000000000005,0.04600000000000004,0.0,25.0,6.0,0.09471261507270046
H51-039,difficult,v3,2,0.99,0.968,0.854,0.482,0.138,85.0,11.0,0.17930129566647257
H51-039,difficult,v4,0,1.0,0.958,0.716,0.27,0.03200000000000003,49.5,9.0,0.07438247360811467
H51-039,difficult,v4,1,1.0,0.788,0.42800000000000005,0.050000000000000044,0.0,25.0,6.0,0.08588004868297161
H51-039,difficult,v4,2,0.99,0.972,0.86,0.512,0.15200000000000002,91.0,11.0,0.09831612026342451
H51-044,difficult,abrupt quit,0,1.0,0.394,0.06000000000000005,0.0,0.0,11.5,5.0,0.5336007417308677
H51-044,difficult,abrupt quit,1,1.0,0.124,0.0040000000000000036,0.0,0.0,8.0,5.0,0.476850948652525
H51-044,difficult,abrupt quit,2,1.0,0.038000000000000034,0.0,0.0,0.0,7.0,5.0,0.520946403186511
H51-044,difficult,flat 12%,0,0.994,0.972,0.862,0.41000000000000003,0.10999999999999999,75.0,10.0,0.581051777697112
H51-044,difficult,flat 12%,1,1.0,0.552,0.14400000000000002,0.0,0.0,15.0,5.0,0.29386514924307927
H51-044,difficult,flat 12%,2,1.0,0.6,0.18200000000000005,0.0,0.0,16.0,5.0,0.3986194149940522
H51-044,difficult,v3,0,0.99,0.966,0.844,0.406,0.10799999999999998,71.0,10.0,0.5276650953859776
H51-044,difficult,v3,1,1.0,0.54,0.132,0.0,0.0,15.0,5.0,0.21051000756380656
H51-044,difficult,v3,2,1.0,0.5860000000000001,0.18400000000000005,0.0,0.0,16.0,5.0,0.3213748757358583
H51-044,difficult,v4,0,0.99,0.97,0.856,0.44399999999999995,0.126,79.0,11.0,0.37478979881481833
H51-044,difficult,v4,1,1.0,0.548,0.134,0.0,0.0,15.0,5.0,0.1714206602952143
H51-044,difficult,v4,2,1.0,0.5900000000000001,0.18600000000000005,0.0,0.0,16.0,5.0,0.21493575334660298
H51-045,difficult,abrupt quit,0,0.032,0.994,0.984,0.982,0.972,48.0,5.0,0.4460162095909711
H51-045,difficult,abrupt quit,1,0.948,0.868,0.5640000000000001,0.264,0.10999999999999999,34.0,6.0,0.5593438760072327
H51-045,difficult,abrupt quit,2,0.996,0.738,0.35,0.06999999999999995,0.014000000000000012,21.0,5.0,0.5214510126673856
H51-045,difficult,flat 12%,0,0.008,1.0,1.0,1.0,0.996,193.0,8.0,0.13781108329243075
H51-045,difficult,flat 12%,1,0.634,1.0,0.986,0.902,0.6819999999999999,179.0,13.0,0.6099555554682544
H51-045,difficult,flat 12%,2,0.894,0.984,0.956,0.78,0.43200000000000005,168.0,14.0,0.2888080520346826
H51-045,difficult,v3,0,0.006,1.0,1.0,1.0,0.998,214.0,8.0,0.07318881170346414
H51-045,difficult,v3,1,0.62,1.0,0.986,0.91,0.702,182.0,13.0,0.45441673468280064
H51-045,difficult,v3,2,0.888,0.984,0.95,0.772,0.43999999999999995,168.0,14.0,0.2659831273247748
H51-045,difficult,v4,0,0.006,1.0,1.0,1.0,0.998,214.0,8.0,0.07295011074637348
H51-045,difficult,v4,1,0.616,1.0,0.986,0.91,0.708,182.0,13.0,0.46987343756254984
H51-045,difficult,v4,2,0.882,0.984,0.95,0.784,0.45799999999999996,168.0,14.0,0.19533477147324962
H51-047,difficult,abrupt quit,0,1.0,0.008000000000000007,0.0,0.0,0.0,6.0,5.0,0.49328072354332186
H51-047,difficult,abrupt quit,1,0.998,0.596,0.19999999999999996,0.02200000000000002,0.0020000000000000018,16.0,5.0,0.4516290549674694
H51-047,difficult,abrupt quit,2,0.76,0.804,0.594,0.388,0.29600000000000004,26.5,5.0,0.4442467534104365
H51-047,difficult,flat 12%,0,1.0,0.15600000000000003,0.0040000000000000036,0.0,0.0,9.0,5.0,0.3982714424838606
H51-047,difficult,flat 12%,1,0.982,0.984,0.9,0.55,0.14200000000000002,98.0,12.0,0.4858757612902477
H51-047,difficult,flat 12%,2,0.358,1.0,0.996,0.96,0.842,184.0,12.0,0.2759443457473665
H51-047,difficult,v3,0,1.0,0.14800000000000002,0.0040000000000000036,0.0,0.0,9.0,5.0,0.21714454302044983
H51-047,difficult,v3,1,0.982,0.984,0.898,0.5640000000000001,0.15000000000000002,102.0,12.0,0.3677146059007931
H51-047,difficult,v3,2,0.324,1.0,0.996,0.962,0.876,188.0,12.0,0.14507714360329171
H51-047,difficult,v4,0,1.0,0.15000000000000002,0.0040000000000000036,0.0,0.0,9.0,5.0,0.15443723551560706
H51-047,difficult,v4,1,0.978,0.984,0.896,0.5820000000000001,0.17200000000000004,109.0,13.0,0.2951622384229634
H51-047,difficult,v4,2,0.312,1.0,0.996,0.966,0.886,188.0,12.0,0.1177325937505932
H51-048,difficult,abrupt quit,0,0.99,0.8260000000000001,0.46599999999999997,0.134,0.03200000000000003,28.0,6.0,0.5562015116078621
H51-048,difficult,abrupt quit,1,1.0,0.394,0.04400000000000004,0.0,0.0,12.0,5.0,0.45758090664191764
H51-048,difficult,abrupt quit,2,1.0,0.14200000000000002,0.0040000000000000036,0.0,0.0,8.0,5.0,0.47708314782004846
H51-048,difficult,flat 12%,0,0.85,0.994,0.964,0.812,0.512,172.0,14.0,0.6293708311104355
H51-048,difficult,flat 12%,1,1.0,0.86,0.5720000000000001,0.07599999999999996,0.0,33.0,7.0,0.15021928804932094
H51-048,difficult,flat 12%,2,1.0,0.62,0.18000000000000005,0.0040000000000000036,0.0,16.0,5.0,0.4357740632165876
H51-048,difficult,v3,0,0.846,0.994,0.966,0.832,0.536,174.0,15.0,0.40359100741640175
H51-048,difficult,v3,1,1.0,0.86,0.5740000000000001,0.07799999999999996,0.0,34.0,7.0,0.08896408780073783
H51-048,difficult,v3,2,1.0,0.616,0.17200000000000004,0.0040000000000000036,0.0,16.0,5.0,0.3366060058034459
H51-048,difficult,v4,0,0.84,0.994,0.966,0.84,0.552,177.0,15.0,0.30125999175969054
H51-048,difficult,v4,1,1.0,0.86,0.5780000000000001,0.08599999999999997,0.0,34.0,7.0,0.07676898818370093
H51-048,difficult,v4,2,1.0,0.616,0.17400000000000004,0.0040000000000000036,0.0,16.0,5.0,0.2445560900499456
H51-054,difficult,abrupt quit,0,0.998,0.5920000000000001,0.238,0.03600000000000003,0.0040000000000000036,16.0,5.0,0.3413696663162976
H51-054,difficult,abrupt quit,1,1.0,0.276,0.07399999999999995,0.01200000000000001,0.0,10.0,5.0,0.3377576822904075
H51-054,difficult,abrupt quit,2,0.996,0.7,0.38,0.06399999999999995,0.016000000000000014,22.0,5.0,0.40250743259116983
H51-054,difficult,flat 12%,0,0.95,0.98,0.876,0.626,0.31000000000000005,125.0,13.0,0.16670178003682135
H51-054,difficult,flat 12%,1,0.992,0.95,0.742,0.276,0.04800000000000004,54.5,9.0,0.3469412829209946
H51-054,difficult,flat 12%,2,0.87,0.994,0.956,0.778,0.41600000000000004,165.0,15.0,0.2793721266671806
H51-054,difficult,v3,0,0.946,0.978,0.88,0.648,0.33599999999999997,138.0,14.0,0.10068942391471702
H51-054,difficult,v3,1,0.99,0.944,0.746,0.29400000000000004,0.050000000000000044,56.0,9.0,0.29366609137907673
H51-054,difficult,v3,2,0.872,0.994,0.952,0.782,0.41400000000000003,165.0,15.0,0.23058573373566493
H51-054,difficult,v4,0,0.94,0.978,0.878,0.65,0.35,138.0,14.0,0.08495720394452677
H51-054,difficult,v4,1,0.986,0.946,0.75,0.31599999999999995,0.06799999999999995,58.0,9.0,0.20275466031357137
H51-054,difficult,v4,2,0.866,0.994,0.954,0.776,0.43000000000000005,166.0,15.0,0.21729294845520641
H51-055,difficult,abrupt quit,0,1.0,0.11599999999999999,0.008000000000000007,0.0,0.0,8.0,5.0,0.4128495376928305
H51-055,difficult,abrupt quit,1,0.992,0.6719999999999999,0.33199999999999996,0.06999999999999995,0.018000000000000016,19.0,5.0,0.4183087941344148
H51-055,difficult,abrupt quit,2,0.572,0.886,0.742,0.5920000000000001,0.498,38.0,6.0,0.4082161920375569
H51-055,difficult,flat 12%,0,0.986,0.98,0.844,0.386,0.10199999999999998,64.0,10.0,0.10960675901836281
H51-055,difficult,flat 12%,1,0.844,0.994,0.97,0.846,0.44399999999999995,170.0,14.0,0.15201074162057093
H51-055,difficult,flat 12%,2,0.218,1.0,0.996,0.982,0.926,197.0,11.0,0.11270935804195503
H51-055,difficult,v3,0,0.99,0.976,0.842,0.404,0.10799999999999998,67.0,10.0,0.08134353353316126
H51-055,difficult,v3,1,0.848,0.994,0.976,0.862,0.44399999999999995,171.0,15.0,0.11733861420866343
H51-055,difficult,v3,2,0.21,1.0,0.996,0.984,0.9319999999999999,197.0,11.0,0.07361393913719416
H51-055,difficult,v4,0,0.982,0.98,0.8240000000000001,0.43200000000000005,0.122,71.0,10.0,0.07828029111276547
H51-055,difficult,v4,1,0.842,0.994,0.972,0.85,0.45599999999999996,172.0,14.0,0.1194840793064238
H51-055,difficult,v4,2,0.206,1.0,0.996,0.984,0.9359999999999999,197.0,11.0,0.09511220267190201
H51-056,difficult,abrupt quit,0,1.0,0.0,0.0,0.0,0.0,5.0,5.0,0.46608604740859516
H51-056,difficult,abrupt quit,1,1.0,0.0020000000000000018,0.0,0.0,0.0,5.0,5.0,0.4283452285410225
H51-056,difficult,abrupt quit,2,1.0,0.02400000000000002,0.0,0.0,0.0,6.0,5.0,0.43774825846216536
H51-056,difficult,flat 12%,0,1.0,0.892,0.53,0.018000000000000016,0.0,30.0,6.0,0.26793248755193244
H51-056,difficult,flat 12%,1,1.0,0.48,0.062000000000000055,0.0,0.0,13.0,5.0,0.08063004928735318
H51-056,difficult,flat 12%,2,1.0,0.946,0.722,0.14200000000000002,0.0020000000000000018,47.0,8.0,0.20668494790269698
H51-056,difficult,v3,0,1.0,0.866,0.53,0.030000000000000027,0.0,30.5,6.0,0.12629760311590987
H51-056,difficult,v3,1,1.0,0.45799999999999996,0.062000000000000055,0.0,0.0,13.0,5.0,0.07543169621513124
H51-056,difficult,v3,2,1.0,0.944,0.712,0.14600000000000002,0.0020000000000000018,46.0,8.0,0.1210087271140976
H51-056,difficult,v4,0,1.0,0.876,0.534,0.04600000000000004,0.0,31.0,6.0,0.0984432810530238
H51-056,difficult,v4,1,1.0,0.45599999999999996,0.06599999999999995,0.0,0.0,13.0,5.0,0.07432699027063217
H51-056,difficult,v4,2,1.0,0.94,0.718,0.15200000000000002,0.0020000000000000018,47.0,8.0,0.10267013676853753
H51-059,difficult,abrupt quit,0,1.0,0.0,0.0,0.0,0.0,6.0,5.0,0.6429073900159963
H51-059,difficult,abrupt quit,1,1.0,0.028000000000000025,0.0,0.0,0.0,7.0,5.0,0.6667032935225747
H51-059,difficult,abrupt quit,2,1.0,0.006000000000000005,0.0,0.0,0.0,6.0,5.0,0.6283323160371534
H51-059,difficult,flat 12%,0,1.0,0.6639999999999999,0.17600000000000005,0.0020000000000000018,0.0,18.0,5.0,0.24045966190574042
H51-059,difficult,flat 12%,1,1.0,0.86,0.528,0.028000000000000025,0.0,32.0,7.0,0.7062668414930728
H51-059,difficult,flat 12%,2,0.89,0.996,0.96,0.616,0.236,108.0,12.0,0.30208212455603356
H51-059,difficult,v3,0,1.0,0.634,0.17600000000000005,0.0020000000000000018,0.0,16.5,5.0,0.15661582801924068
H51-059,difficult,v3,1,1.0,0.858,0.536,0.038000000000000034,0.0,32.0,7.0,0.326060102479652
H51-059,difficult,v3,2,0.858,0.994,0.95,0.6599999999999999,0.28400000000000003,125.0,13.0,0.1605120398381642
H51-059,difficult,v4,0,1.0,0.64,0.18000000000000005,0.0020000000000000018,0.0,17.0,5.0,0.10433655083917548
H51-059,difficult,v4,1,1.0,0.854,0.526,0.04200000000000004,0.0,32.0,7.0,0.24772652343482027
H51-059,difficult,v4,2,0.842,0.992,0.944,0.688,0.32199999999999995,136.0,13.0,0.09176960806571488
H51-060,difficult,abrupt quit,0,1.0,0.46799999999999997,0.14200000000000002,0.010000000000000009,0.0,13.0,5.0,0.34289314531604786
H51-060,difficult,abrupt quit,1,1.0,0.396,0.10599999999999998,0.0,0.0,12.0,5.0,0.39529903371362796
H51-060,difficult,abrupt quit,2,1.0,0.118,0.0,0.0,0.0,8.0,5.0,0.40872480751458407
H51-060,difficult,flat 12%,0,0.998,0.958,0.8140000000000001,0.374,0.06599999999999995,64.0,10.0,0.18964374493575553
H51-060,difficult,flat 12%,1,0.998,0.92,0.72,0.262,0.03600000000000003,50.0,8.0,0.4704937318785648
H51-060,difficult,flat 12%,2,1.0,0.5880000000000001,0.08799999999999997,0.0,0.0,16.0,5.0,0.49957149393118416
H51-060,difficult,v3,0,0.998,0.956,0.802,0.4,0.07599999999999996,68.0,10.0,0.11405189468028809
H51-060,difficult,v3,1,0.998,0.922,0.726,0.276,0.038000000000000034,51.0,8.0,0.39059563527851526
H51-060,difficult,v3,2,1.0,0.5820000000000001,0.09799999999999998,0.0,0.0,15.5,5.0,0.4189338257862699
H51-060,difficult,v4,0,0.998,0.958,0.8140000000000001,0.42200000000000004,0.08999999999999997,72.0,11.0,0.09787031750720754
H51-060,difficult,v4,1,0.998,0.92,0.73,0.30200000000000005,0.04800000000000004,52.0,9.0,0.33048980030017927
H51-060,difficult,v4,2,1.0,0.5820000000000001,0.10599999999999998,0.0,0.0,16.0,5.0,0.2185117998152465
H51-064,difficult,abrupt quit,0,0.986,0.636,0.252,0.06799999999999995,0.02200000000000002,17.0,5.0,0.46914641160714143
H51-064,difficult,abrupt quit,1,1.0,0.32399999999999995,0.028000000000000025,0.0020000000000000018,0.0,11.0,5.0,0.5077429816102421
H51-064,difficult,abrupt quit,2,1.0,0.41600000000000004,0.05800000000000005,0.0,0.0,12.0,5.0,0.4717008027473695
H51-064,difficult,flat 12%,0,0.814,0.984,0.9319999999999999,0.69,0.42000000000000004,133.0,13.0,0.16861568299249274
H51-064,difficult,flat 12%,1,1.0,0.884,0.594,0.11199999999999999,0.016000000000000014,36.0,7.0,0.4558051642700607
H51-064,difficult,flat 12%,2,0.994,0.95,0.756,0.268,0.052000000000000046,56.0,9.0,0.1593557625601748
H51-064,difficult,v3,0,0.8,0.986,0.94,0.718,0.45199999999999996,149.5,13.0,0.0786411633420614
H51-064,difficult,v3,1,1.0,0.882,0.5900000000000001,0.13,0.020000000000000018,36.0,7.0,0.373122331154603
H51-064,difficult,v3,2,0.992,0.95,0.75,0.29000000000000004,0.06399999999999995,56.5,9.0,0.08839376077908201
H51-064,difficult,v4,0,0.792,0.986,0.94,0.724,0.46399999999999997,162.5,13.0,0.07516620173180821
H51-064,difficult,v4,1,1.0,0.882,0.5920000000000001,0.134,0.020000000000000018,36.0,7.0,0.3367992622879049
H51-064,difficult,v4,2,0.988,0.95,0.748,0.30000000000000004,0.07399999999999995,57.0,9.0,0.0842662916347039
H51-065,difficult,abrupt quit,0,0.876,0.848,0.626,0.346,0.18400000000000005,41.0,6.0,0.588818610798825
H51-065,difficult,abrupt quit,1,1.0,0.516,0.132,0.0040000000000000036,0.0,14.0,5.0,0.6221757401218315
H51-065,difficult,abrupt quit,2,0.602,0.864,0.6819999999999999,0.524,0.44799999999999995,27.0,5.0,0.6201651227270433
H51-065,difficult,flat 12%,0,0.462,1.0,0.992,0.952,0.8140000000000001,190.0,13.0,0.14276522657164237
H51-065,difficult,flat 12%,1,0.994,0.958,0.844,0.45999999999999996,0.10199999999999998,80.0,11.0,0.2833299776810245
H51-065,difficult,flat 12%,2,0.172,1.0,1.0,0.994,0.9339999999999999,197.0,10.0,0.30731293574953644
H51-065,difficult,v3,0,0.458,1.0,0.992,0.954,0.8180000000000001,190.0,13.0,0.09324753713571998
H51-065,difficult,v3,1,0.994,0.958,0.844,0.478,0.10799999999999998,83.0,11.0,0.14210071684809977
H51-065,difficult,v3,2,0.17,1.0,1.0,0.996,0.938,198.0,10.0,0.14933149613914676
H51-065,difficult,v4,0,0.456,1.0,0.994,0.956,0.8200000000000001,190.0,12.0,0.07966836599007965
H51-065,difficult,v4,1,0.994,0.958,0.846,0.5,0.122,87.0,11.0,0.11504013028999305
H51-065,difficult,v4,2,0.168,1.0,1.0,0.996,0.94,199.0,10.0,0.10582577156018269
H51-067,difficult,abrupt quit,0,1.0,0.31399999999999995,0.06599999999999995,0.0,0.0,10.0,5.0,0.39583808642583374
H51-067,difficult,abrupt quit,1,0.576,0.952,0.844,0.6579999999999999,0.514,63.5,7.0,0.35039456865330676
H51-067,difficult,abrupt quit,2,0.998,0.516,0.21199999999999997,0.03200000000000003,0.0040000000000000036,14.0,5.0,0.3635565096247414
H51-067,difficult,flat 12%,0,1.0,0.952,0.762,0.30400000000000005,0.040000000000000036,60.0,9.0,0.2900298191444002
H51-067,difficult,flat 12%,1,0.25,1.0,0.986,0.972,0.904,193.0,11.0,0.11419647804638333
H51-067,difficult,flat 12%,2,0.93,0.978,0.9339999999999999,0.692,0.30800000000000005,145.0,13.0,0.181771800565118
H51-067,difficult,v3,0,1.0,0.948,0.746,0.31599999999999995,0.05400000000000005,59.0,9.0,0.2353253216402158
H51-067,difficult,v3,1,0.238,1.0,0.988,0.976,0.918,194.0,11.0,0.07292331562074628
H51-067,difficult,v3,2,0.916,0.976,0.9299999999999999,0.716,0.33799999999999997,162.5,13.5,0.09416406217082307
H51-067,difficult,v4,0,1.0,0.946,0.762,0.32999999999999996,0.05400000000000005,63.5,9.0,0.19730385484008983
H51-067,difficult,v4,1,0.236,1.0,0.986,0.978,0.92,194.0,11.0,0.07312331463340149
H51-067,difficult,v4,2,0.904,0.974,0.922,0.73,0.366,164.0,13.0,0.12047254915428052
H51-069,difficult,abrupt quit,0,0.0,1.0,1.0,1.0,1.0,nan,nan,0.4827502832372995
H51-069,difficult,abrupt quit,1,0.026,0.994,0.988,0.98,0.978,34.0,5.0,0.45080818497006536
H51-069,difficult,abrupt quit,2,1.0,0.388,0.09399999999999997,0.0020000000000000018,0.0,12.0,5.0,0.4679838650927426
H51-069,difficult,flat 12%,0,0.0,1.0,1.0,1.0,1.0,nan,nan,0.10545997778749083
H51-069,difficult,flat 12%,1,0.004,1.0,1.0,1.0,1.0,213.0,7.0,0.07954599098641157
H51-069,difficult,flat 12%,2,0.996,0.972,0.844,0.47,0.07799999999999996,84.0,11.0,0.08438853944185609
H51-069,difficult,v3,0,0.0,1.0,1.0,1.0,1.0,nan,nan,0.07531348778843183
H51-069,difficult,v3,1,0.004,1.0,1.0,1.0,1.0,213.0,7.0,0.07287460394113388
H51-069,difficult,v3,2,0.994,0.968,0.852,0.498,0.08999999999999997,89.0,11.0,0.07435672314878117
H51-069,difficult,v4,0,0.0,1.0,1.0,1.0,1.0,nan,nan,0.07418819130069676
H51-069,difficult,v4,1,0.004,1.0,1.0,1.0,1.0,213.0,7.0,0.07283231005262802
H51-069,difficult,v4,2,0.994,0.968,0.842,0.504,0.09599999999999997,90.0,11.0,0.07384828252365139
H51-071,difficult,abrupt quit,0,1.0,0.09199999999999997,0.0,0.0,0.0,7.0,5.0,0.6250423652343639
H51-071,difficult,abrupt quit,1,1.0,0.07799999999999996,0.0,0.0,0.0,7.0,5.0,0.5725281443503818
H51-071,difficult,abrupt quit,2,1.0,0.09799999999999998,0.0040000000000000036,0.0,0.0,7.0,5.0,0.6439143968460241
H51-071,difficult,flat 12%,0,1.0,0.784,0.376,0.006000000000000005,0.0,23.0,6.0,0.388901319836889
H51-071,difficult,flat 12%,1,1.0,0.6739999999999999,0.242,0.0,0.0,18.5,5.0,0.18582556041043663
H51-071,difficult,flat 12%,2,1.0,0.798,0.366,0.010000000000000009,0.0,23.0,6.0,0.4831023723731981
H51-071,difficult,v3,0,1.0,0.77,0.376,0.01200000000000001,0.0,23.0,6.0,0.21703581640345637
H51-071,difficult,v3,1,1.0,0.6619999999999999,0.23399999999999999,0.0,0.0,18.0,5.0,0.10991890861694187
H51-071,difficult,v3,2,1.0,0.794,0.398,0.010000000000000009,0.0,24.0,6.0,0.3003278078421696
H51-071,difficult,v4,0,1.0,0.776,0.374,0.010000000000000009,0.0,23.0,6.0,0.21857749898500656
H51-071,difficult,v4,1,1.0,0.6619999999999999,0.23199999999999998,0.0,0.0,18.0,5.0,0.08525555308088328
H51-071,difficult,v4,2,1.0,0.782,0.386,0.010000000000000009,0.0,23.0,6.0,0.27286278076547077
H51-073,difficult,abrupt quit,0,1.0,0.28400000000000003,0.03200000000000003,0.0,0.0,10.0,5.0,0.3877237156812814
H51-073,difficult,abrupt quit,1,0.978,0.846,0.5820000000000001,0.18400000000000005,0.04400000000000004,35.0,6.0,0.36201182382403396
H51-073,difficult,abrupt quit,2,1.0,0.15200000000000002,0.008000000000000007,0.0,0.0,8.0,5.0,0.3690341242425298
H51-073,difficult,flat 12%,0,1.0,0.838,0.476,0.03600000000000003,0.0,28.0,6.0,0.28420514724837354
H51-073,difficult,flat 12%,1,0.78,0.994,0.96,0.872,0.5780000000000001,176.5,14.0,0.2947892491155597
H51-073,difficult,flat 12%,2,1.0,0.776,0.31599999999999995,0.010000000000000009,0.0,22.0,6.0,0.1774316560818998
H51-073,difficult,v3,0,1.0,0.8280000000000001,0.46799999999999997,0.04200000000000004,0.0020000000000000018,28.0,6.0,0.11528685972383979
H51-073,difficult,v3,1,0.772,0.992,0.958,0.878,0.5920000000000001,177.0,14.0,0.22273418551020496
H51-073,difficult,v3,2,1.0,0.774,0.32799999999999996,0.018000000000000016,0.0,22.0,6.0,0.11201457441698026
H51-073,difficult,v4,0,1.0,0.832,0.474,0.04800000000000004,0.0020000000000000018,28.0,6.0,0.08139018915375074
H51-073,difficult,v4,1,0.758,0.992,0.958,0.882,0.61,178.0,14.0,0.17158036584641212
H51-073,difficult,v4,2,1.0,0.776,0.33599999999999997,0.018000000000000016,0.0,22.0,6.0,0.10483162926152578
H51-077,difficult,abrupt quit,0,1.0,0.656,0.22999999999999998,0.03200000000000003,0.0040000000000000036,18.0,5.0,0.5288343721142772
H51-077,difficult,abrupt quit,1,1.0,0.22399999999999998,0.016000000000000014,0.0,0.0,9.0,5.0,0.5162677214605847
H51-077,difficult,abrupt quit,2,1.0,0.11199999999999999,0.0,0.0,0.0,8.0,5.0,0.4681108708136702
H51-077,difficult,flat 12%,0,0.972,0.96,0.874,0.548,0.21399999999999997,97.0,12.0,0.2741988819808452
H51-077,difficult,flat 12%,1,1.0,0.78,0.36,0.01200000000000001,0.0,23.0,6.0,0.48347598368930855
H51-077,difficult,flat 12%,2,1.0,0.554,0.08799999999999997,0.0,0.0,14.5,5.0,0.14665706945170898
H51-077,difficult,v3,0,0.974,0.964,0.88,0.5760000000000001,0.22399999999999998,106.0,13.0,0.20359741381668972
H51-077,difficult,v3,1,1.0,0.78,0.358,0.018000000000000016,0.0,23.0,6.0,0.3745380792954147
H51-077,difficult,v3,2,1.0,0.55,0.09399999999999997,0.0,0.0,14.0,5.0,0.08993348200210405
H51-077,difficult,v4,0,0.97,0.96,0.88,0.5880000000000001,0.24,109.0,13.0,0.18378004484648736
H51-077,difficult,v4,1,1.0,0.78,0.36,0.020000000000000018,0.0,23.0,6.0,0.28006889014771297
H51-077,difficult,v4,2,1.0,0.55,0.09399999999999997,0.0,0.0,14.0,5.0,0.08288465102771159
H51-086,difficult,abrupt quit,0,1.0,0.554,0.19399999999999995,0.010000000000000009,0.0,14.0,5.0,0.3920356240217103
H51-086,difficult,abrupt quit,1,1.0,0.238,0.006000000000000005,0.0,0.0,9.0,5.0,0.32772922953424266
H51-086,difficult,abrupt quit,2,0.948,0.876,0.692,0.236,0.08199999999999996,44.0,6.0,0.42885694664048135
H51-086,difficult,flat 12%,0,0.994,0.966,0.8280000000000001,0.42200000000000004,0.06799999999999995,73.0,10.0,0.24424011385311595
H51-086,difficult,flat 12%,1,1.0,0.76,0.29400000000000004,0.008000000000000007,0.0,22.0,6.0,0.2257048003200003
H51-086,difficult,flat 12%,2,0.742,0.992,0.982,0.884,0.642,181.0,14.0,0.5778199199397804
H51-086,difficult,v3,0,0.994,0.96,0.8160000000000001,0.43000000000000005,0.06799999999999995,74.0,11.0,0.24081435397155315
H51-086,difficult,v3,1,1.0,0.752,0.28400000000000003,0.008000000000000007,0.0,22.0,6.0,0.1343103623218993
H51-086,difficult,v3,2,0.744,0.992,0.982,0.882,0.646,182.0,14.0,0.4828872129969184
H51-086,difficult,v4,0,0.994,0.966,0.832,0.45399999999999996,0.08999999999999997,80.0,11.0,0.14324995484913994
H51-086,difficult,v4,1,1.0,0.764,0.30200000000000005,0.008000000000000007,0.0,22.0,6.0,0.09666602798339718
H51-086,difficult,v4,2,0.74,0.992,0.982,0.892,0.65,182.0,14.0,0.36343621830442474
H51-092,difficult,abrupt quit,0,1.0,0.19199999999999995,0.01200000000000001,0.0,0.0,9.0,5.0,0.5170640202418436
H51-092,difficult,abrupt quit,1,1.0,0.18200000000000005,0.018000000000000016,0.0,0.0,9.0,5.0,0.5138773526134683
H51-092,difficult,abrupt quit,2,0.914,0.836,0.5640000000000001,0.29600000000000004,0.14600000000000002,33.0,6.0,0.5189333182619058
H51-092,difficult,flat 12%,0,1.0,0.912,0.6859999999999999,0.14800000000000002,0.016000000000000014,45.0,8.0,0.4920360242110311
H51-092,difficult,flat 12%,1,1.0,0.944,0.752,0.19799999999999995,0.016000000000000014,48.0,9.0,0.28958267755795275
H51-092,difficult,flat 12%,2,0.51,0.994,0.986,0.95,0.792,188.0,13.0,0.5256580295849992
H51-092,difficult,v3,0,1.0,0.914,0.6819999999999999,0.18400000000000005,0.02400000000000002,46.0,8.0,0.25946687811543523
H51-092,difficult,v3,1,1.0,0.926,0.764,0.22999999999999998,0.020000000000000018,52.0,9.0,0.13168733124036647
H51-092,difficult,v3,2,0.504,0.994,0.99,0.954,0.8,189.0,13.0,0.34273790794376613
H51-092,difficult,v4,0,0.998,0.914,0.6839999999999999,0.18200000000000005,0.02400000000000002,46.0,8.0,0.21657793071550413
H51-092,difficult,v4,1,1.0,0.9299999999999999,0.762,0.242,0.02200000000000002,53.0,9.0,0.10019051804540069
H51-092,difficult,v4,2,0.494,0.994,0.99,0.96,0.8140000000000001,190.0,13.0,0.23766325179745884
H51-093,difficult,abrupt quit,0,1.0,0.02400000000000002,0.0,0.0,0.0,6.0,5.0,0.5652447499620288
H51-093,difficult,abrupt quit,1,1.0,0.006000000000000005,0.0,0.0,0.0,6.0,5.0,0.5122008685314802
H51-093,difficult,abrupt quit,2,0.848,0.856,0.628,0.33399999999999996,0.20199999999999996,35.5,6.0,0.5726107814268793
H51-093,difficult,flat 12%,0,1.0,0.272,0.01200000000000001,0.0,0.0,10.0,5.0,0.46228940566430043
H51-093,difficult,flat 12%,1,1.0,0.20999999999999996,0.008000000000000007,0.0,0.0,10.0,5.0,0.18046822782338867
H51-093,difficult,flat 12%,2,0.46,0.994,0.984,0.948,0.804,185.0,13.0,0.5863724804737768
H51-093,difficult,v3,0,1.0,0.256,0.010000000000000009,0.0,0.0,10.0,5.0,0.3947704652455575
H51-093,difficult,v3,1,1.0,0.19799999999999995,0.008000000000000007,0.0,0.0,10.0,5.0,0.08026871575826333
H51-093,difficult,v3,2,0.46,0.992,0.984,0.952,0.8,185.0,13.0,0.5059979419452472
H51-093,difficult,v4,0,1.0,0.266,0.010000000000000009,0.0,0.0,10.0,5.0,0.4003709124321476
H51-093,difficult,v4,1,1.0,0.20399999999999996,0.010000000000000009,0.0,0.0,10.0,5.0,0.07352416074193502
H51-093,difficult,v4,2,0.45,0.992,0.984,0.952,0.8140000000000001,188.0,13.0,0.3718062735331633
H51-099,difficult,abrupt quit,0,1.0,0.040000000000000036,0.0,0.0,0.0,7.0,5.0,0.549517850353182
H51-099,difficult,abrupt quit,1,1.0,0.050000000000000044,0.0040000000000000036,0.0,0.0,7.0,5.0,0.5170507771803152
H51-099,difficult,abrupt quit,2,0.854,0.5,0.248,0.17200000000000004,0.15600000000000003,12.0,5.0,0.5341047667129752
H51-099,difficult,flat 12%,0,1.0,0.8260000000000001,0.406,0.01200000000000001,0.0,25.0,6.0,0.3548507925169043
H51-099,difficult,flat 12%,1,1.0,0.938,0.6779999999999999,0.12,0.0,41.0,8.0,0.13471201549374456
H51-099,difficult,flat 12%,2,0.188,1.0,1.0,0.992,0.918,183.0,10.0,0.27311331767113456
H51-099,difficult,v3,0,1.0,0.8240000000000001,0.404,0.016000000000000014,0.0,25.0,6.0,0.28294202416160763
H51-099,difficult,v3,1,1.0,0.9319999999999999,0.6659999999999999,0.11199999999999999,0.0020000000000000018,41.0,8.0,0.10197881767872408
H51-099,difficult,v3,2,0.17,1.0,1.0,0.992,0.9319999999999999,185.0,10.0,0.13707695367364847
H51-099,difficult,v4,0,1.0,0.8180000000000001,0.41000000000000003,0.020000000000000018,0.0,25.0,6.0,0.18946610214953863
H51-099,difficult,v4,1,1.0,0.9359999999999999,0.6859999999999999,0.132,0.0040000000000000036,43.0,8.0,0.08355398974639561
H51-099,difficult,v4,2,0.152,1.0,1.0,0.994,0.94,186.5,11.0,0.08642769952646134
H51-104,difficult,abrupt quit,0,1.0,0.040000000000000036,0.0,0.0,0.0,7.0,5.0,0.5630675185630554
H51-104,difficult,abrupt quit,1,0.992,0.776,0.40800000000000003,0.14,0.04800000000000004,24.0,5.0,0.5126136146492029
H51-104,difficult,abrupt quit,2,0.998,0.598,0.238,0.020000000000000018,0.0040000000000000036,16.0,5.0,0.5572903835666985
H51-104,difficult,flat 12%,0,1.0,0.5720000000000001,0.14600000000000002,0.0020000000000000018,0.0,16.0,5.0,0.5473870484899799
H51-104,difficult,flat 12%,1,0.768,0.998,0.966,0.858,0.5840000000000001,175.0,14.0,0.1678955187687584
H51-104,difficult,flat 12%,2,0.984,0.97,0.878,0.528,0.18999999999999995,95.0,12.0,0.6132936458000314
H51-104,difficult,v3,0,1.0,0.558,0.16400000000000003,0.0020000000000000018,0.0,15.0,5.0,0.323074561601165
H51-104,difficult,v3,1,0.756,0.998,0.968,0.876,0.604,176.0,14.0,0.08604739167780828
H51-104,difficult,v3,2,0.98,0.97,0.886,0.552,0.20199999999999996,103.0,12.0,0.34776508845915566
H51-104,difficult,v4,0,1.0,0.56,0.17400000000000004,0.0020000000000000018,0.0,15.0,5.0,0.22119633707673236
H51-104,difficult,v4,1,0.746,0.998,0.97,0.888,0.614,178.0,14.0,0.07974997709730836
H51-104,difficult,v4,2,0.978,0.97,0.892,0.5760000000000001,0.22599999999999998,111.0,12.0,0.19970951124917125
H51-109,difficult,abrupt quit,0,1.0,0.05800000000000005,0.0,0.0,0.0,7.0,5.0,0.5304216221198279
H51-109,difficult,abrupt quit,1,1.0,0.246,0.014000000000000012,0.0020000000000000018,0.0,9.0,5.0,0.5564371325312041
H51-109,difficult,abrupt quit,2,0.714,0.872,0.6699999999999999,0.44999999999999996,0.352,33.0,6.0,0.5309930642533945
H51-109,difficult,flat 12%,0,1.0,0.656,0.20599999999999996,0.0,0.0,17.0,5.0,0.20517157818558907
H51-109,difficult,flat 12%,1,1.0,0.92,0.712,0.14800000000000002,0.008000000000000007,43.0,8.0,0.40073875626999234
H51-109,difficult,flat 12%,2,0.266,0.998,0.996,0.978,0.886,183.0,12.0,0.34128825298122356
H51-109,difficult,v3,0,1.0,0.642,0.19399999999999995,0.0,0.0,16.0,5.0,0.13983444948437118
H51-109,difficult,v3,1,1.0,0.914,0.7,0.16800000000000004,0.006000000000000005,43.0,8.0,0.23196581880211065
H51-109,difficult,v3,2,0.266,0.998,0.996,0.976,0.884,182.0,11.0,0.21076269018591698
H51-109,difficult,v4,0,1.0,0.644,0.20399999999999996,0.0020000000000000018,0.0,17.0,5.0,0.13026291119124578
H51-109,difficult,v4,1,1.0,0.916,0.712,0.17800000000000005,0.01200000000000001,45.0,8.0,0.13751221989737894
H51-109,difficult,v4,2,0.262,0.998,0.996,0.976,0.884,182.0,11.0,0.17356070462348283
H51-115,difficult,abrupt quit,0,1.0,0.19199999999999995,0.006000000000000005,0.0,0.0,9.0,5.0,0.5641069826317284
H51-115,difficult,abrupt quit,1,1.0,0.122,0.006000000000000005,0.0,0.0,8.0,5.0,0.4593536500715858
H51-115,difficult,abrupt quit,2,1.0,0.6719999999999999,0.30600000000000005,0.04200000000000004,0.0,18.0,5.0,0.4972466318528901
H51-115,difficult,flat 12%,0,1.0,0.6839999999999999,0.18000000000000005,0.0040000000000000036,0.0,17.0,5.0,0.5042012321405029
H51-115,difficult,flat 12%,1,1.0,0.636,0.18000000000000005,0.0,0.0,17.0,5.0,0.12202290519817127
H51-115,difficult,flat 12%,2,0.974,0.984,0.888,0.616,0.22799999999999998,128.0,12.0,0.1531811498884026
H51-115,difficult,v3,0,1.0,0.6719999999999999,0.17800000000000005,0.0040000000000000036,0.0,17.0,5.0,0.34135052904247
H51-115,difficult,v3,1,1.0,0.618,0.15600000000000003,0.0,0.0,16.0,5.0,0.07575898091998745
H51-115,difficult,v3,2,0.968,0.984,0.888,0.628,0.246,129.5,13.0,0.08989800691934446
H51-115,difficult,v4,0,1.0,0.6699999999999999,0.17600000000000005,0.0040000000000000036,0.0,17.0,5.0,0.25304872140180246
H51-115,difficult,v4,1,1.0,0.632,0.16000000000000003,0.0,0.0,17.0,5.0,0.07337323239644422
H51-115,difficult,v4,2,0.966,0.982,0.886,0.63,0.252,134.0,13.0,0.07697405728376872
H51-117,difficult,abrupt quit,0,0.994,0.72,0.44199999999999995,0.124,0.02200000000000002,25.0,5.0,0.42542240790735997
H51-117,difficult,abrupt quit,1,1.0,0.34199999999999997,0.050000000000000044,0.0,0.0,11.0,5.0,0.4099465052973196
H51-117,difficult,abrupt quit,2,1.0,0.476,0.11199999999999999,0.0,0.0,13.0,5.0,0.43198201930358515
H51-117,difficult,flat 12%,0,0.846,0.99,0.95,0.806,0.502,171.0,14.0,0.14173966386647519
H51-117,difficult,flat 12%,1,1.0,0.928,0.694,0.17600000000000005,0.0020000000000000018,46.0,9.0,0.15057322166240017
H51-117,difficult,flat 12%,2,1.0,0.9299999999999999,0.694,0.256,0.01200000000000001,47.0,8.0,0.1545439149709208
H51-117,difficult,v3,0,0.84,0.986,0.948,0.8280000000000001,0.532,174.0,14.0,0.08007599600986481
H51-117,difficult,v3,1,1.0,0.928,0.696,0.18000000000000005,0.0020000000000000018,46.0,9.0,0.10099237376756576
H51-117,difficult,v3,2,1.0,0.9299999999999999,0.712,0.266,0.020000000000000018,50.0,9.0,0.07778546699935573
H51-117,difficult,v4,0,0.83,0.988,0.95,0.838,0.546,176.0,14.0,0.08086906754666723
H51-117,difficult,v4,1,1.0,0.926,0.6839999999999999,0.19199999999999995,0.0040000000000000036,44.0,8.0,0.1003015916491865
H51-117,difficult,v4,2,1.0,0.9299999999999999,0.708,0.276,0.020000000000000018,48.5,9.0,0.07505228659773344
H51-135,difficult,abrupt quit,0,1.0,0.010000000000000009,0.0,0.0,0.0,6.0,5.0,0.4281857317269552
H51-135,difficult,abrupt quit,1,0.998,0.554,0.262,0.07599999999999996,0.016000000000000014,15.0,5.0,0.420836518118769
H51-135,difficult,abrupt quit,2,0.188,0.976,0.944,0.874,0.836,50.0,6.5,0.45675182780982093
H51-135,difficult,flat 12%,0,1.0,0.548,0.124,0.0,0.0,14.0,5.0,0.23514884515472656
H51-135,difficult,flat 12%,1,0.852,0.996,0.97,0.77,0.472,168.0,14.0,0.22394755718985782
H51-135,difficult,flat 12%,2,0.052,1.0,1.0,0.998,0.986,204.5,10.0,0.24346933578076502
H51-135,difficult,v3,0,1.0,0.52,0.12,0.0,0.0,14.0,5.0,0.09934451604435512
H51-135,difficult,v3,1,0.836,0.994,0.962,0.79,0.488,169.0,14.0,0.11868907706412113
H51-135,difficult,v3,2,0.05,1.0,1.0,1.0,0.988,206.0,10.0,0.1321208239256364
H51-135,difficult,v4,0,1.0,0.52,0.122,0.0020000000000000018,0.0,14.0,5.0,0.0764704167470106
H51-135,difficult,v4,1,0.826,0.994,0.958,0.792,0.506,170.0,13.0,0.12362353471867449
H51-135,difficult,v4,2,0.052,1.0,1.0,0.998,0.986,204.5,9.5,0.10834713126517448
H51-138,difficult,abrupt quit,0,1.0,0.242,0.030000000000000027,0.0,0.0,10.0,5.0,0.38578291365403283
H51-138,difficult,abrupt quit,1,0.996,0.696,0.43400000000000005,0.06999999999999995,0.008000000000000007,24.0,5.0,0.3320805085694436
H51-138,difficult,abrupt quit,2,1.0,0.0040000000000000036,0.0,0.0,0.0,5.0,5.0,0.3142250592278757
H51-138,difficult,flat 12%,0,1.0,0.882,0.5740000000000001,0.09599999999999997,0.0020000000000000018,33.0,7.0,0.7285913999199441
H51-138,difficult,flat 12%,1,0.924,0.982,0.9339999999999999,0.718,0.356,163.0,14.0,0.35233111904350234
H51-138,difficult,flat 12%,2,1.0,0.08599999999999997,0.0020000000000000018,0.0,0.0,8.0,5.0,0.35048542521772375
H51-138,difficult,v3,0,1.0,0.888,0.6,0.11399999999999999,0.006000000000000005,34.0,7.0,0.6348941250754754
H51-138,difficult,v3,1,0.924,0.982,0.928,0.722,0.358,163.0,14.0,0.26041296358873434
H51-138,difficult,v3,2,1.0,0.06799999999999995,0.0020000000000000018,0.0,0.0,8.0,5.0,0.1946609107210524
H51-138,difficult,v4,0,1.0,0.89,0.5900000000000001,0.10799999999999998,0.0040000000000000036,34.0,7.0,0.6167300677966179
H51-138,difficult,v4,1,0.924,0.98,0.928,0.716,0.358,163.0,14.0,0.24244017133933815
H51-138,difficult,v4,2,1.0,0.06999999999999995,0.0020000000000000018,0.0,0.0,8.0,5.0,0.21429666944612924
H51-145,difficult,abrupt quit,0,1.0,0.08999999999999997,0.0040000000000000036,0.0,0.0,8.0,5.0,0.2992544638451774
H51-145,difficult,abrupt quit,1,1.0,0.32399999999999995,0.06000000000000005,0.0,0.0,11.0,5.0,0.308616291769797
H51-145,difficult,abrupt quit,2,0.182,0.984,0.964,0.904,0.844,82.0,7.0,0.3766774008715206
H51-145,difficult,flat 12%,0,1.0,0.75,0.30800000000000005,0.0040000000000000036,0.0,21.0,5.5,0.1695832515275969
H51-145,difficult,flat 12%,1,1.0,0.846,0.534,0.06399999999999995,0.0,33.0,7.0,0.3418754832130392
H51-145,difficult,flat 12%,2,0.062,1.0,1.0,0.998,0.98,196.0,9.0,0.7463102498826907
H51-145,difficult,v3,0,1.0,0.75,0.31999999999999995,0.008000000000000007,0.0,22.0,6.0,0.08834371434723087
H51-145,difficult,v3,1,1.0,0.844,0.528,0.07799999999999996,0.0020000000000000018,32.0,7.0,0.23308808594599817
H51-145,difficult,v3,2,0.062,1.0,1.0,0.998,0.98,196.0,9.0,0.6596866065689835
H51-145,difficult,v4,0,1.0,0.752,0.34199999999999997,0.008000000000000007,0.0,23.0,6.0,0.07524877575537203
H51-145,difficult,v4,1,1.0,0.842,0.512,0.08599999999999997,0.0020000000000000018,30.0,7.0,0.2204822479399945
H51-145,difficult,v4,2,0.062,1.0,1.0,0.998,0.98,196.0,9.0,0.49328401465459015
H51-147,difficult,abrupt quit,0,0.088,0.988,0.972,0.948,0.924,62.0,6.0,0.46616012717944566
H51-147,difficult,abrupt quit,1,1.0,0.512,0.17000000000000004,0.01200000000000001,0.0,14.0,5.0,0.4084578034566626
H51-147,difficult,abrupt quit,2,0.526,0.95,0.884,0.7,0.55,76.0,7.0,0.43690101742858134
H51-147,difficult,flat 12%,0,0.026,1.0,1.0,0.998,0.994,203.0,11.0,0.3013868117301082
H51-147,difficult,flat 12%,1,0.998,0.944,0.812,0.41800000000000004,0.06000000000000005,75.0,10.0,0.15836989065316087
H51-147,difficult,flat 12%,2,0.21,1.0,0.998,0.99,0.938,202.0,11.0,0.30074521213344596
H51-147,difficult,v3,0,0.026,1.0,1.0,0.998,0.994,203.0,11.0,0.15383590382040713
H51-147,difficult,v3,1,0.998,0.938,0.804,0.42600000000000005,0.06399999999999995,75.0,10.0,0.07726038914377276
H51-147,difficult,v3,2,0.208,1.0,0.998,0.99,0.942,202.0,11.0,0.12187035244616096
H51-147,difficult,v4,0,0.024,1.0,1.0,0.998,0.996,219.5,11.5,0.1304655632437398
H51-147,difficult,v4,1,0.998,0.938,0.804,0.43000000000000005,0.06599999999999995,75.0,10.0,0.07378714112797546
H51-147,difficult,v4,2,0.202,1.0,0.998,0.99,0.944,202.0,11.0,0.08546968842372449
H51-150,difficult,abrupt quit,0,1.0,0.704,0.354,0.07599999999999996,0.006000000000000005,22.0,5.0,0.4355796573898535
H51-150,difficult,abrupt quit,1,1.0,0.32999999999999996,0.06000000000000005,0.0040000000000000036,0.0,10.0,5.0,0.43208462404350223
H51-150,difficult,abrupt quit,2,1.0,0.06599999999999995,0.0,0.0,0.0,7.0,5.0,0.43152267869348415
H51-150,difficult,flat 12%,0,0.904,0.99,0.948,0.77,0.41400000000000003,166.0,14.0,0.3633980287661305
H51-150,difficult,flat 12%,1,0.918,0.98,0.892,0.5680000000000001,0.22999999999999998,103.0,12.0,0.3014334435237983
H51-150,difficult,flat 12%,2,1.0,0.72,0.30000000000000004,0.0020000000000000018,0.0,21.0,6.0,0.16261872599379412
H51-150,difficult,v3,0,0.904,0.99,0.952,0.762,0.41200000000000003,166.0,14.0,0.24142360418490494
H51-150,difficult,v3,1,0.916,0.98,0.902,0.602,0.24,106.0,12.0,0.1909919363275927
H51-150,difficult,v3,2,1.0,0.694,0.262,0.0040000000000000036,0.0,20.0,5.0,0.1647280682909893
H51-150,difficult,v4,0,0.902,0.99,0.952,0.776,0.42800000000000005,167.0,14.0,0.18951917608002466
H51-150,difficult,v4,1,0.914,0.98,0.904,0.608,0.256,109.0,12.0,0.18676243329811304
H51-150,difficult,v4,2,1.0,0.7,0.262,0.006000000000000005,0.0,20.0,5.0,0.13781313044671972
H51-151,difficult,abrupt quit,0,1.0,0.374,0.06799999999999995,0.0,0.0,11.0,5.0,0.4970099270422399
H51-151,difficult,abrupt quit,1,1.0,0.0020000000000000018,0.0,0.0,0.0,5.0,5.0,0.5003042595727407
H51-151,difficult,abrupt quit,2,1.0,0.21399999999999997,0.010000000000000009,0.0,0.0,9.0,5.0,0.5165794213012349
H51-151,difficult,flat 12%,0,1.0,0.958,0.794,0.33599999999999997,0.038000000000000034,61.0,9.0,0.3068739164719282
H51-151,difficult,flat 12%,1,1.0,0.268,0.016000000000000014,0.0,0.0,10.0,5.0,0.23243912675432477
H51-151,difficult,flat 12%,2,1.0,0.864,0.5,0.030000000000000027,0.0,29.5,7.0,0.3148575685742391
H51-151,difficult,v3,0,0.998,0.954,0.79,0.358,0.050000000000000044,63.0,10.0,0.2144655471465
H51-151,difficult,v3,1,1.0,0.266,0.014000000000000012,0.0,0.0,10.0,5.0,0.21277865761400516
H51-151,difficult,v3,2,1.0,0.852,0.51,0.03400000000000003,0.0,30.0,7.0,0.15656699342497138
H51-151,difficult,v4,0,1.0,0.956,0.794,0.384,0.050000000000000044,67.0,10.0,0.14054835861121984
H51-151,difficult,v4,1,1.0,0.266,0.014000000000000012,0.0,0.0,10.0,5.0,0.17075941042166976
H51-151,difficult,v4,2,1.0,0.852,0.506,0.050000000000000044,0.0,30.0,7.0,0.09807660086336889
H51-155,difficult,abrupt quit,0,0.618,0.868,0.6719999999999999,0.498,0.42400000000000004,26.0,5.0,0.4085646844578118
H51-155,difficult,abrupt quit,1,0.802,0.924,0.778,0.498,0.29800000000000004,64.0,7.0,0.41509710411098366
H51-155,difficult,abrupt quit,2,0.894,0.854,0.5900000000000001,0.31399999999999995,0.16600000000000004,37.0,6.0,0.41052474371400105
H51-155,difficult,flat 12%,0,0.232,1.0,0.996,0.97,0.91,185.0,11.0,0.1500015390679068
H51-155,difficult,flat 12%,1,0.444,0.998,0.992,0.968,0.83,190.5,13.0,0.3492149383750872
H51-155,difficult,flat 12%,2,0.61,0.998,0.974,0.892,0.704,182.0,13.0,0.2138820487478964
H51-155,difficult,v3,0,0.22,1.0,0.996,0.974,0.92,189.5,11.0,0.11412842299570958
H51-155,difficult,v3,1,0.436,0.998,0.992,0.968,0.832,190.5,12.0,0.20918745336850342
H51-155,difficult,v3,2,0.608,0.996,0.97,0.894,0.71,183.0,13.0,0.15232988996203733
H51-155,difficult,v4,0,0.216,0.998,0.994,0.972,0.926,191.0,11.0,0.0862957960862335
H51-155,difficult,v4,1,0.43,0.998,0.99,0.966,0.834,191.0,12.0,0.11837745796991217
H51-155,difficult,v4,2,0.604,0.996,0.97,0.898,0.714,183.0,13.0,0.1501263292890379
H51-160,difficult,abrupt quit,0,1.0,0.0,0.0,0.0,0.0,5.0,5.0,0.6180399674318947
H51-160,difficult,abrupt quit,1,1.0,0.39,0.05600000000000005,0.0,0.0,12.0,5.0,0.6386353820034213
H51-160,difficult,abrupt quit,2,1.0,0.38,0.040000000000000036,0.0,0.0,12.0,5.0,0.6153032900821855
H51-160,difficult,flat 12%,0,1.0,0.016000000000000014,0.0,0.0,0.0,7.0,5.0,0.6151895805351992
H51-160,difficult,flat 12%,1,1.0,0.9299999999999999,0.746,0.22399999999999998,0.016000000000000014,49.5,9.0,0.7922721420570171
H51-160,difficult,flat 12%,2,1.0,0.884,0.554,0.09399999999999997,0.0,32.5,7.0,0.739391925080815
H51-160,difficult,v3,0,1.0,0.016000000000000014,0.0,0.0,0.0,7.0,5.0,0.41587178834231364
H51-160,difficult,v3,1,1.0,0.9339999999999999,0.754,0.23399999999999999,0.016000000000000014,51.0,9.0,0.6373072397880934
H51-160,difficult,v3,2,1.0,0.874,0.552,0.09799999999999998,0.0,33.0,7.0,0.6489217928143154
H51-160,difficult,v4,0,1.0,0.016000000000000014,0.0,0.0,0.0,7.0,5.0,0.32782972664917576
H51-160,difficult,v4,1,1.0,0.9359999999999999,0.766,0.244,0.020000000000000018,52.0,9.0,0.5340079867720375
H51-160,difficult,v4,2,1.0,0.882,0.558,0.11399999999999999,0.0,34.0,7.0,0.44834527429188664
H51-161,difficult,abrupt quit,0,0.22,0.972,0.918,0.846,0.808,45.5,6.0,0.47753288200979804
H51-161,difficult,abrupt quit,1,1.0,0.344,0.06599999999999995,0.0,0.0,11.0,5.0,0.45504274724635274
H51-161,difficult,abrupt quit,2,1.0,0.5760000000000001,0.19799999999999995,0.0040000000000000036,0.0,16.0,5.0,0.40948676131326955
H51-161,difficult,flat 12%,0,0.072,1.0,1.0,0.996,0.976,187.5,8.0,0.5299768205838629
H51-161,difficult,flat 12%,1,1.0,0.9339999999999999,0.768,0.246,0.016000000000000014,55.0,9.0,0.23631118238631077
H51-161,difficult,flat 12%,2,0.968,0.976,0.906,0.596,0.20199999999999996,111.0,13.0,0.08033125189454471
H51-161,difficult,v3,0,0.068,1.0,1.0,0.998,0.98,189.0,8.0,0.2641112838196712
H51-161,difficult,v3,1,0.998,0.9319999999999999,0.76,0.29400000000000004,0.020000000000000018,55.0,9.0,0.08735603393183422
H51-161,difficult,v3,2,0.964,0.976,0.902,0.5780000000000001,0.19999999999999996,107.0,12.0,0.07862879828280689
H51-161,difficult,v4,0,0.066,1.0,1.0,0.998,0.98,189.0,8.0,0.2599410194183156
H51-161,difficult,v4,1,0.998,0.9299999999999999,0.76,0.29600000000000004,0.020000000000000018,57.0,9.0,0.08243887709767639
H51-161,difficult,v4,2,0.962,0.976,0.902,0.594,0.21799999999999997,111.0,13.0,0.08971199749557501
H51-171,difficult,abrupt quit,0,1.0,0.14400000000000002,0.01200000000000001,0.0,0.0,8.0,5.0,0.413414060192541
H51-171,difficult,abrupt quit,1,1.0,0.03600000000000003,0.0020000000000000018,0.0,0.0,7.0,5.0,0.36570388820756594
H51-171,difficult,abrupt quit,2,1.0,0.25,0.028000000000000025,0.0020000000000000018,0.0,10.0,5.0,0.41909603470415513
H51-171,difficult,flat 12%,0,1.0,0.718,0.33599999999999997,0.006000000000000005,0.0,21.0,6.0,0.37413603050061883
H51-171,difficult,flat 12%,1,1.0,0.32999999999999996,0.016000000000000014,0.0,0.0,11.0,5.0,0.16550791603640003
H51-171,difficult,flat 12%,2,0.998,0.89,0.652,0.17200000000000004,0.026000000000000023,44.0,8.0,0.5776704148585252
H51-171,difficult,v3,0,1.0,0.6859999999999999,0.31200000000000006,0.0040000000000000036,0.0,20.0,5.0,0.34646858710713013
H51-171,difficult,v3,1,1.0,0.32199999999999995,0.020000000000000018,0.0,0.0,11.0,5.0,0.10001967559315916
H51-171,difficult,v3,2,0.996,0.896,0.646,0.19399999999999995,0.03400000000000003,43.5,8.0,0.42305382786493306
H51-171,difficult,v4,0,1.0,0.6839999999999999,0.31200000000000006,0.006000000000000005,0.0,20.0,5.0,0.2827466370709728
H51-171,difficult,v4,1,1.0,0.32399999999999995,0.020000000000000018,0.0,0.0,11.0,5.0,0.0787364221435699
H51-171,difficult,v4,2,0.996,0.888,0.64,0.20799999999999996,0.03400000000000003,41.0,8.0,0.46194575654666037
H51-174,difficult,abrupt quit,0,0.238,0.952,0.854,0.798,0.774,26.0,5.0,0.6266267902259717
H51-174,difficult,abrupt quit,1,0.996,0.37,0.06999999999999995,0.010000000000000009,0.0040000000000000036,11.0,5.0,0.6350156088652894
H51-174,difficult,abrupt quit,2,0.586,0.842,0.616,0.488,0.44399999999999995,21.0,5.0,0.6287050480269438
H51-174,difficult,flat 12%,0,0.044,1.0,0.998,0.996,0.99,195.5,9.0,0.12400292861862794
H51-174,difficult,flat 12%,1,0.7,0.998,0.968,0.84,0.548,168.5,13.0,0.20474806979846916
H51-174,difficult,flat 12%,2,0.132,1.0,0.996,0.986,0.948,203.0,10.0,0.278971585151516
H51-174,difficult,v3,0,0.044,1.0,0.998,0.996,0.99,195.5,9.0,0.08988418216764449
H51-174,difficult,v3,1,0.678,0.998,0.97,0.854,0.5780000000000001,171.0,13.0,0.12978919349466544
H51-174,difficult,v3,2,0.13,1.0,0.998,0.99,0.95,204.0,10.0,0.1488801828263273
H51-174,difficult,v4,0,0.04,1.0,0.998,0.996,0.99,195.5,9.0,0.07811509448549392
H51-174,difficult,v4,1,0.666,0.998,0.97,0.862,0.598,172.0,13.0,0.11522957864306949
H51-174,difficult,v4,2,0.126,1.0,0.998,0.992,0.954,205.0,10.0,0.11179241025810516
H51-185,difficult,abrupt quit,0,1.0,0.19399999999999995,0.016000000000000014,0.0,0.0,8.0,5.0,0.29219953757960726
H51-185,difficult,abrupt quit,1,1.0,0.486,0.14600000000000002,0.01200000000000001,0.0,13.0,5.0,0.3442912549712467
H51-185,difficult,abrupt quit,2,1.0,0.45399999999999996,0.13,0.0020000000000000018,0.0,13.0,5.0,0.313073938542495
H51-185,difficult,flat 12%,0,1.0,0.774,0.392,0.020000000000000018,0.0,24.0,6.0,0.15648315839494553
H51-185,difficult,flat 12%,1,0.998,0.938,0.796,0.346,0.062000000000000055,65.0,10.0,0.6025630830936695
H51-185,difficult,flat 12%,2,0.998,0.938,0.79,0.34199999999999997,0.04400000000000004,62.0,9.0,0.3191911840278596
H51-185,difficult,v3,0,1.0,0.77,0.386,0.020000000000000018,0.0,24.0,6.0,0.10245423838085999
H51-185,difficult,v3,1,0.998,0.938,0.796,0.36,0.062000000000000055,66.0,10.0,0.5425722649919457
H51-185,difficult,v3,2,0.996,0.9319999999999999,0.774,0.356,0.06599999999999995,63.0,9.0,0.16272764483946178
H51-185,difficult,v4,0,1.0,0.762,0.376,0.02200000000000002,0.0,23.0,6.0,0.09148596302797651
H51-185,difficult,v4,1,0.998,0.94,0.798,0.364,0.06399999999999995,66.0,10.0,0.47818760492640466
H51-185,difficult,v4,2,0.996,0.9319999999999999,0.776,0.37,0.06799999999999995,64.5,9.5,0.1277713395361878
H51-188,difficult,abrupt quit,0,1.0,0.008000000000000007,0.0,0.0,0.0,5.0,5.0,0.4061295156088748
H51-188,difficult,abrupt quit,1,0.822,0.746,0.556,0.33599999999999997,0.244,26.0,5.0,0.40887291466972997
H51-188,difficult,abrupt quit,2,1.0,0.51,0.17400000000000004,0.008000000000000007,0.0,14.0,5.0,0.3884006926817015
H51-188,difficult,flat 12%,0,1.0,0.22999999999999998,0.016000000000000014,0.0,0.0,10.0,5.0,0.36444523234106085
H51-188,difficult,flat 12%,1,0.384,1.0,0.988,0.942,0.838,186.5,12.0,0.492799797827451
H51-188,difficult,flat 12%,2,1.0,0.962,0.83,0.388,0.06000000000000005,71.5,10.0,0.08391532606461771
H51-188,difficult,v3,0,1.0,0.22599999999999998,0.018000000000000016,0.0,0.0,10.0,5.0,0.19949651282578507
H51-188,difficult,v3,1,0.384,1.0,0.988,0.94,0.838,186.5,12.0,0.40858725705020627
H51-188,difficult,v3,2,1.0,0.958,0.83,0.398,0.06399999999999995,71.5,10.0,0.07692804352544369
H51-188,difficult,v4,0,1.0,0.20399999999999996,0.014000000000000012,0.0,0.0,10.0,5.0,0.2010407368757131
H51-188,difficult,v4,1,0.376,1.0,0.986,0.946,0.846,188.0,12.0,0.31695860908639717
H51-188,difficult,v4,2,1.0,0.962,0.8280000000000001,0.398,0.06799999999999995,70.5,10.0,0.07828953682925888
H51-190,difficult,abrupt quit,0,0.988,0.778,0.44399999999999995,0.134,0.040000000000000036,25.0,5.0,0.4904224554807225
H51-190,difficult,abrupt quit,1,1.0,0.07799999999999996,0.0040000000000000036,0.0,0.0,7.0,5.0,0.5292995800580531
H51-190,difficult,abrupt quit,2,0.17,0.938,0.868,0.838,0.836,16.0,5.0,0.5493373872605933
H51-190,difficult,flat 12%,0,0.83,0.994,0.966,0.838,0.546,176.0,14.0,0.19672754095507894
H51-190,difficult,flat 12%,1,1.0,0.6859999999999999,0.19399999999999995,0.0,0.0,18.0,5.0,0.3764029241228175
H51-190,difficult,flat 12%,2,0.01,1.0,1.0,1.0,0.998,220.0,8.0,0.4850975749520996
H51-190,difficult,v3,0,0.83,0.994,0.96,0.834,0.544,176.0,14.0,0.14262651400530224
H51-190,difficult,v3,1,1.0,0.692,0.19999999999999996,0.0,0.0,18.0,5.0,0.17811710728133923
H51-190,difficult,v3,2,0.01,1.0,1.0,1.0,0.998,220.0,8.0,0.33022822123783413
H51-190,difficult,v4,0,0.824,0.994,0.962,0.84,0.558,176.5,14.0,0.12779582132564893
H51-190,difficult,v4,1,1.0,0.6859999999999999,0.19799999999999995,0.0,0.0,18.0,5.0,0.1210826493915047
H51-190,difficult,v4,2,0.01,1.0,1.0,1.0,0.998,220.0,8.0,0.24739114721755628
H51-197,difficult,abrupt quit,0,0.304,0.98,0.906,0.8140000000000001,0.744,56.5,6.0,0.5167317455425405
H51-197,difficult,abrupt quit,1,1.0,0.07399999999999995,0.0,0.0,0.0,8.0,5.0,0.5457678879034392
H51-197,difficult,abrupt quit,2,1.0,0.44599999999999995,0.11599999999999999,0.0040000000000000036,0.0,12.0,5.0,0.5202425644224569
H51-197,difficult,flat 12%,0,0.102,1.0,1.0,0.992,0.968,201.0,10.0,0.4187228844957356
H51-197,difficult,flat 12%,1,1.0,0.696,0.24,0.006000000000000005,0.0,18.0,5.0,0.7598640585860587
H51-197,difficult,flat 12%,2,0.994,0.976,0.864,0.43000000000000005,0.11199999999999999,79.0,10.0,0.7299106613828642
H51-197,difficult,v3,0,0.094,1.0,1.0,0.992,0.972,201.0,10.0,0.33698899195719334
H51-197,difficult,v3,1,1.0,0.696,0.25,0.006000000000000005,0.0,18.0,5.0,0.58568185239788
H51-197,difficult,v3,2,0.99,0.972,0.862,0.474,0.136,86.0,11.0,0.5783864982004958
H51-197,difficult,v4,0,0.094,1.0,1.0,0.992,0.972,201.0,10.0,0.3022947964460576
H51-197,difficult,v4,1,1.0,0.702,0.25,0.006000000000000005,0.0,19.0,5.0,0.4874968607210789
H51-197,difficult,v4,2,0.99,0.976,0.87,0.492,0.14800000000000002,88.0,12.0,0.4420709628957
H51-199,difficult,abrupt quit,0,1.0,0.21999999999999997,0.010000000000000009,0.0,0.0,9.0,5.0,0.5562128036232614
H51-199,difficult,abrupt quit,1,0.914,0.792,0.43600000000000005,0.18400000000000005,0.11199999999999999,23.0,5.0,0.5209401180282756
H51-199,difficult,abrupt quit,2,1.0,0.018000000000000016,0.0,0.0,0.0,6.0,5.0,0.5393231914982372
H51-199,difficult,flat 12%,0,1.0,0.884,0.5820000000000001,0.08799999999999997,0.0020000000000000018,35.0,7.0,0.3281384065639319
H51-199,difficult,flat 12%,1,0.55,0.998,0.988,0.922,0.75,182.0,13.0,0.09702339605430066
H51-199,difficult,flat 12%,2,1.0,0.904,0.5880000000000001,0.040000000000000036,0.0,34.0,7.0,0.1676325314493864
H51-199,difficult,v3,0,1.0,0.876,0.5880000000000001,0.10599999999999998,0.0040000000000000036,35.0,7.0,0.19241834404740543
H51-199,difficult,v3,1,0.54,0.998,0.986,0.92,0.75,181.0,13.0,0.0791833861728054
H51-199,difficult,v3,2,1.0,0.89,0.56,0.06999999999999995,0.0,33.0,7.0,0.14540371359522053
H51-199,difficult,v4,0,1.0,0.882,0.598,0.11399999999999999,0.0040000000000000036,37.0,7.0,0.15603348352787294
H51-199,difficult,v4,1,0.532,0.998,0.986,0.926,0.762,183.0,13.0,0.07806685376497802
H51-199,difficult,v4,2,1.0,0.904,0.5760000000000001,0.07799999999999996,0.0,33.0,7.0,0.09229235239154865
Lucía,difficult,abrupt quit,0,1.0,0.0,0.0,0.0,0.0,4.0,5.0,0.6622446106762776
Lucía,difficult,abrupt quit,1,1.0,0.062000000000000055,0.0040000000000000036,0.0,0.0,7.0,5.0,0.6784899651035667
Lucía,difficult,abrupt quit,2,1.0,0.29400000000000004,0.04200000000000004,0.0020000000000000018,0.0,10.0,5.0,0.6519318578065776
Lucía,difficult,flat 12%,0,1.0,0.732,0.264,0.0,0.0,20.0,5.0,0.28316708572124516
Lucía,difficult,flat 12%,1,1.0,0.84,0.40800000000000003,0.014000000000000012,0.0,26.0,6.0,0.2943194799135158
Lucía,difficult,flat 12%,2,0.996,0.976,0.882,0.498,0.10399999999999998,89.0,11.0,0.23461789595359328
Lucía,difficult,v3,0,1.0,0.6799999999999999,0.22599999999999998,0.0,0.0,18.0,5.0,0.12715417037194898
Lucía,difficult,v3,1,1.0,0.832,0.43600000000000005,0.020000000000000018,0.0,27.0,6.0,0.17654149456821433
Lucía,difficult,v3,2,0.988,0.974,0.874,0.508,0.118,90.0,11.0,0.15234712403182504
Lucía,difficult,v4,0,1.0,0.718,0.236,0.0,0.0,19.0,5.0,0.11124865640856252
Lucía,difficult,v4,1,1.0,0.836,0.43000000000000005,0.028000000000000025,0.0,26.5,6.0,0.14526882627864646
Lucía,difficult,v4,2,0.99,0.976,0.878,0.514,0.12,92.0,11.0,0.14303915943394685
Karim,difficult,abrupt quit,0,1.0,0.04800000000000004,0.0,0.0,0.0,7.0,5.0,0.5281963624547072
Karim,difficult,abrupt quit,1,1.0,0.19199999999999995,0.0040000000000000036,0.0,0.0,9.0,5.0,0.5227251895905993
Karim,difficult,abrupt quit,2,1.0,0.484,0.10799999999999998,0.0,0.0,13.0,5.0,0.539038897683693
Karim,difficult,flat 12%,0,1.0,0.478,0.07599999999999996,0.0,0.0,13.0,5.0,0.3595429136972591
Karim,difficult,flat 12%,1,1.0,0.768,0.4,0.028000000000000025,0.0,25.0,6.0,0.5073504357721096
Karim,difficult,flat 12%,2,0.998,0.96,0.788,0.29600000000000004,0.040000000000000036,58.0,9.0,0.378215003923572
Karim,difficult,v3,0,1.0,0.482,0.08199999999999996,0.0,0.0,13.0,5.0,0.21344009338435233
Karim,difficult,v3,1,1.0,0.772,0.402,0.030000000000000027,0.0,25.0,6.0,0.32438407701703953
Karim,difficult,v3,2,0.998,0.96,0.778,0.30000000000000004,0.04800000000000004,56.0,9.0,0.2861472526406108
Karim,difficult,v4,0,1.0,0.482,0.08399999999999996,0.0,0.0,13.0,5.0,0.16595959708897035
Karim,difficult,v4,1,1.0,0.776,0.42000000000000004,0.03200000000000003,0.0,25.0,6.0,0.14209370518062336
Karim,difficult,v4,2,0.998,0.964,0.804,0.34199999999999997,0.05600000000000005,61.0,10.0,0.11874423615319973
Marta,general,abrupt quit,0,1.0,0.008000000000000007,0.0,0.0,0.0,5.0,5.0,0.5443338089940883
Marta,general,abrupt quit,1,1.0,0.0,0.0,0.0,0.0,5.0,5.0,0.548768714950571
Marta,general,abrupt quit,2,1.0,0.10799999999999998,0.008000000000000007,0.0,0.0,8.0,5.0,0.5711877350374444
Marta,general,flat 12%,0,0.99,0.978,0.884,0.356,0.062000000000000055,68.0,10.0,0.09917379238033708
Marta,general,flat 12%,1,1.0,0.472,0.04600000000000004,0.0,0.0,13.0,5.0,0.1862194644746058
Marta,general,flat 12%,2,0.938,0.99,0.9319999999999999,0.622,0.19999999999999996,107.0,12.0,0.19983217585428625
Marta,general,v3,0,0.99,0.974,0.882,0.40800000000000003,0.07199999999999995,75.0,10.0,0.09949693044940544
Marta,general,v3,1,1.0,0.45599999999999996,0.04600000000000004,0.0,0.0,13.0,5.0,0.12443502048005262
Marta,general,v3,2,0.936,0.986,0.9339999999999999,0.648,0.21799999999999997,120.0,13.0,0.10588922872357287
Marta,general,v4,0,0.99,0.98,0.886,0.43400000000000005,0.07999999999999996,79.0,11.0,0.08600932788968363
Marta,general,v4,1,1.0,0.45399999999999996,0.04600000000000004,0.0,0.0,13.0,5.0,0.09067563680965962
Marta,general,v4,2,0.926,0.986,0.9339999999999999,0.6719999999999999,0.244,131.0,13.0,0.08602458189075568
Diego,general,abrupt quit,0,1.0,0.15000000000000002,0.016000000000000014,0.006000000000000005,0.0,9.0,5.0,0.38496646805429713
Diego,general,abrupt quit,1,0.104,0.9359999999999999,0.896,0.896,0.896,11.5,5.0,0.3165762286064805
Diego,general,abrupt quit,2,1.0,0.252,0.03200000000000003,0.0,0.0,9.0,5.0,0.3555203470778271
Diego,general,flat 12%,0,0.988,0.874,0.5700000000000001,0.118,0.03600000000000003,32.0,6.0,0.130216861955755
Diego,general,flat 12%,1,0.002,1.0,1.0,1.0,0.998,113.0,10.0,0.12004203983496642
Diego,general,flat 12%,2,1.0,0.872,0.542,0.08799999999999997,0.010000000000000009,32.0,7.0,0.08273347529391384
Diego,general,v3,0,0.98,0.858,0.5780000000000001,0.16800000000000004,0.062000000000000055,33.0,7.0,0.0938080619613253
Diego,general,v3,1,0.002,1.0,1.0,1.0,0.998,113.0,10.0,0.08522139765930492
Diego,general,v3,2,1.0,0.876,0.55,0.10999999999999999,0.01200000000000001,32.0,7.0,0.0749220923225764
Diego,general,v4,0,0.972,0.864,0.5800000000000001,0.18400000000000005,0.07199999999999995,33.0,7.0,0.08425406441590744
Diego,general,v4,1,0.002,1.0,1.0,1.0,0.998,113.0,10.0,0.08328106840486893
Diego,general,v4,2,1.0,0.874,0.548,0.124,0.016000000000000014,32.0,7.0,0.0741327677657424
Lucía,general,abrupt quit,0,0.998,0.44199999999999995,0.10399999999999998,0.016000000000000014,0.0040000000000000036,12.0,5.0,0.6545756709712361
Lucía,general,abrupt quit,1,1.0,0.0,0.0,0.0,0.0,5.0,5.0,0.6516838844304469
Lucía,general,abrupt quit,2,1.0,0.0,0.0,0.0,0.0,4.0,5.0,0.6869716924581404
Lucía,general,flat 12%,0,0.674,0.994,0.986,0.892,0.634,175.0,13.0,0.16273624410730336
Lucía,general,flat 12%,1,1.0,0.6,0.13,0.0,0.0,15.5,5.0,0.18487664547524651
Lucía,general,flat 12%,2,1.0,0.18799999999999994,0.0020000000000000018,0.0,0.0,10.0,5.0,0.2873953859174574
Lucía,general,v3,0,0.66,0.994,0.984,0.898,0.6579999999999999,178.0,13.0,0.11317117701377322
Lucía,general,v3,1,1.0,0.5860000000000001,0.12,0.0,0.0,15.0,5.0,0.12659850965590658
Lucía,general,v3,2,1.0,0.19399999999999995,0.0020000000000000018,0.0,0.0,9.0,5.0,0.1448943949992847
Lucía,general,v4,0,0.64,0.994,0.984,0.898,0.6699999999999999,177.5,13.0,0.1060786298255697
Lucía,general,v4,1,1.0,0.5760000000000001,0.11599999999999999,0.0,0.0,15.0,5.0,0.09475931773677249
Lucía,general,v4,2,1.0,0.18000000000000005,0.0040000000000000036,0.0,0.0,9.0,5.0,0.12135428090572675
Karim,general,abrupt quit,0,1.0,0.06599999999999995,0.0,0.0,0.0,8.0,5.0,0.5192769665330621
Karim,general,abrupt quit,1,0.956,0.8140000000000001,0.486,0.18600000000000005,0.09199999999999997,26.5,5.0,0.5079615622055071
Karim,general,abrupt quit,2,0.85,0.89,0.644,0.348,0.20999999999999996,38.0,6.0,0.5180291798818342
Karim,general,flat 12%,0,1.0,0.6739999999999999,0.22999999999999998,0.0020000000000000018,0.0,19.0,5.0,0.2343328437139125
Karim,general,flat 12%,1,0.658,0.994,0.98,0.898,0.6859999999999999,182.0,14.0,0.1360683863161729
Karim,general,flat 12%,2,0.488,1.0,0.992,0.95,0.812,187.0,13.0,0.4332926742935347
Karim,general,v3,0,1.0,0.6659999999999999,0.21999999999999997,0.0020000000000000018,0.0,19.0,5.0,0.0887668651838992
Karim,general,v3,1,0.65,0.994,0.98,0.902,0.696,183.0,13.0,0.08289800896576915
Karim,general,v3,2,0.482,1.0,0.992,0.95,0.8160000000000001,187.0,13.0,0.19523628159233908
Karim,general,v4,0,1.0,0.6659999999999999,0.236,0.0020000000000000018,0.0,19.0,5.0,0.08646666992428498
Karim,general,v4,1,0.642,0.994,0.98,0.906,0.71,186.0,13.0,0.07812817970639252
Karim,general,v4,2,0.476,1.0,0.992,0.952,0.8240000000000001,187.0,13.0,0.16115772334033174
Ana,general,abrupt quit,0,1.0,0.5700000000000001,0.19599999999999995,0.01200000000000001,0.0,15.0,5.0,0.2927096078378233
Ana,general,abrupt quit,1,0.0,1.0,1.0,1.0,1.0,nan,nan,0.2914011142521912
Ana,general,abrupt quit,2,0.014,0.992,0.992,0.99,0.986,12.0,5.0,0.32390842937036024
Ana,general,flat 12%,0,0.994,0.97,0.852,0.45799999999999996,0.136,77.0,10.0,0.10222723391810373
Ana,general,flat 12%,1,0.0,1.0,1.0,1.0,1.0,nan,nan,0.12417923665777864
Ana,general,flat 12%,2,0.002,1.0,1.0,1.0,0.998,113.0,7.0,0.1827051096288952
Ana,general,v3,0,0.994,0.97,0.858,0.482,0.14,82.0,11.0,0.07442067007887965
Ana,general,v3,1,0.0,1.0,1.0,1.0,1.0,nan,nan,0.0811917650624705
Ana,general,v3,2,0.002,1.0,1.0,1.0,0.998,113.0,7.0,0.17192145155880678
Ana,general,v4,0,0.994,0.972,0.86,0.504,0.14600000000000002,90.0,11.0,0.07310456001385612
Ana,general,v4,1,0.0,1.0,1.0,1.0,1.0,nan,nan,0.0738125707128735
Ana,general,v4,2,0.002,1.0,1.0,1.0,0.998,113.0,7.0,0.14907146009049999
P12-000,general,abrupt quit,0,0.444,0.976,0.908,0.766,0.652,81.5,7.0,0.6101182172311667
P12-000,general,abrupt quit,1,0.968,0.78,0.496,0.14800000000000002,0.062000000000000055,28.0,6.0,0.5999292840181697
P12-000,general,abrupt quit,2,0.946,0.81,0.476,0.16000000000000003,0.09199999999999997,26.0,5.0,0.6511664178199423
P12-000,general,flat 12%,0,0.17,1.0,1.0,0.996,0.962,200.0,10.0,0.21653691284378607
P12-000,general,flat 12%,1,0.758,0.996,0.98,0.892,0.62,179.0,14.0,0.2135097175511933
P12-000,general,flat 12%,2,0.644,0.998,0.99,0.9,0.6839999999999999,180.0,14.0,0.5837334653091568
P12-000,general,v3,0,0.174,1.0,1.0,0.996,0.962,200.0,10.0,0.1705563998276709
P12-000,general,v3,1,0.752,0.996,0.98,0.888,0.618,179.0,14.0,0.15407922708387933
P12-000,general,v3,2,0.634,0.998,0.99,0.914,0.698,181.0,14.0,0.43743904523254384
P12-000,general,v4,0,0.166,1.0,1.0,0.998,0.968,200.0,10.0,0.15064845304379038
P12-000,general,v4,1,0.75,0.996,0.98,0.9,0.63,180.0,14.0,0.09009245749576622
P12-000,general,v4,2,0.622,0.998,0.99,0.92,0.714,182.0,14.0,0.326650627116446
P12-001,general,abrupt quit,0,0.912,0.18999999999999995,0.10399999999999998,0.08999999999999997,0.08799999999999997,8.0,5.0,0.2645570489089615
P12-001,general,abrupt quit,1,1.0,0.0,0.0,0.0,0.0,5.0,5.0,0.26500004571469515
P12-001,general,abrupt quit,2,1.0,0.018000000000000016,0.0,0.0,0.0,6.0,5.0,0.26902179761702727
P12-001,general,flat 12%,0,0.344,0.984,0.89,0.6759999999999999,0.6579999999999999,41.0,7.0,0.07290077470221878
P12-001,general,flat 12%,1,0.996,0.8180000000000001,0.344,0.01200000000000001,0.006000000000000005,24.0,6.0,0.07287484610446293
P12-001,general,flat 12%,2,0.974,0.846,0.47,0.06000000000000005,0.03400000000000003,27.0,6.0,0.07287552193163938
P12-001,general,v3,0,0.298,0.978,0.908,0.724,0.704,42.0,7.0,0.07289786354459182
P12-001,general,v3,1,0.992,0.804,0.36,0.018000000000000016,0.010000000000000009,23.0,6.0,0.07285853952942944
P12-001,general,v3,2,0.964,0.83,0.46199999999999997,0.06999999999999995,0.04200000000000004,27.0,6.0,0.07284854127135465
P12-001,general,v4,0,0.26,0.978,0.904,0.76,0.742,41.0,7.0,0.0728785310143305
P12-001,general,v4,1,0.984,0.786,0.30200000000000005,0.02400000000000002,0.018000000000000016,21.0,6.0,0.07284828329445747
P12-001,general,v4,2,0.934,0.8240000000000001,0.474,0.10199999999999998,0.08199999999999996,26.0,6.0,0.07283629271843328
P12-002,general,abrupt quit,0,0.034,0.994,0.982,0.976,0.972,23.0,5.0,0.5665210635266307
P12-002,general,abrupt quit,1,0.838,0.834,0.552,0.31999999999999995,0.23199999999999998,27.0,5.0,0.6157865425176495
P12-002,general,abrupt quit,2,0.0,1.0,1.0,1.0,1.0,nan,nan,0.5612392691668409
P12-002,general,flat 12%,0,0.006,1.0,1.0,1.0,1.0,229.0,8.0,0.12985218458565218
P12-002,general,flat 12%,1,0.404,1.0,0.996,0.96,0.842,186.0,12.0,0.27653378598391876
P12-002,general,flat 12%,2,0.0,1.0,1.0,1.0,1.0,nan,nan,0.09758016434192351
P12-002,general,v3,0,0.006,1.0,1.0,1.0,1.0,229.0,8.0,0.08072571699229136
P12-002,general,v3,1,0.404,1.0,0.996,0.96,0.84,185.0,12.0,0.20038445799283355
P12-002,general,v3,2,0.0,1.0,1.0,1.0,1.0,nan,nan,0.07405923119478208
P12-002,general,v4,0,0.006,1.0,1.0,1.0,1.0,229.0,8.0,0.11674936089116295
P12-002,general,v4,1,0.402,1.0,0.996,0.96,0.842,186.0,12.0,0.14271602283887985
P12-002,general,v4,2,0.0,1.0,1.0,1.0,1.0,nan,nan,0.07336546425532164
P12-003,general,abrupt quit,0,0.38,0.8220000000000001,0.706,0.644,0.632,14.0,5.0,0.26334098904634573
P12-003,general,abrupt quit,1,0.854,0.34199999999999997,0.17400000000000004,0.15200000000000002,0.14800000000000002,9.0,5.0,0.2590124997616071
P12-003,general,abrupt quit,2,0.028,0.984,0.972,0.972,0.972,10.0,5.0,0.2740183210634485
P12-003,general,flat 12%,0,0.07,0.996,0.988,0.962,0.956,80.0,8.0,0.072857926867128
P12-003,general,flat 12%,1,0.276,0.994,0.946,0.784,0.738,51.0,7.0,0.0728264587378773
P12-003,general,flat 12%,2,0.0,1.0,1.0,1.0,1.0,nan,nan,0.07289504315492856
P12-003,general,v3,0,0.066,0.996,0.988,0.966,0.96,85.0,8.0,0.0728951429836644
P12-003,general,v3,1,0.248,0.994,0.946,0.81,0.766,50.5,7.0,0.07281996428643245
P12-003,general,v3,2,0.0,1.0,1.0,1.0,1.0,nan,nan,0.07286936746273198
P12-003,general,v4,0,0.064,0.996,0.986,0.966,0.962,82.5,8.0,0.07286881880993024
P12-003,general,v4,1,0.232,0.994,0.944,0.8200000000000001,0.782,46.0,7.0,0.0728179861789976
P12-003,general,v4,2,0.0,1.0,1.0,1.0,1.0,nan,nan,0.07284580110435912
P12-004,general,abrupt quit,0,0.216,0.898,0.806,0.788,0.784,14.0,5.0,0.2704241815866988
P12-004,general,abrupt quit,1,0.98,0.694,0.348,0.10599999999999998,0.038000000000000034,20.0,5.0,0.2976598190955665
P12-004,general,abrupt quit,2,1.0,0.138,0.008000000000000007,0.0020000000000000018,0.0,8.0,5.0,0.2878951702296697
P12-004,general,flat 12%,0,0.02,1.0,0.998,0.982,0.98,51.5,6.0,0.07305046306653884
P12-004,general,flat 12%,1,0.782,0.984,0.94,0.744,0.494,163.0,14.0,0.07641231448806463
P12-004,general,flat 12%,2,1.0,0.744,0.354,0.008000000000000007,0.0,22.0,6.0,0.07389667626267693
P12-004,general,v3,0,0.02,1.0,0.996,0.982,0.98,40.5,6.0,0.0728963027497952
P12-004,general,v3,1,0.762,0.984,0.94,0.756,0.524,165.0,14.0,0.07355851401064795
P12-004,general,v3,2,1.0,0.732,0.33999999999999997,0.010000000000000009,0.0,21.5,5.5,0.07388414753551942
P12-004,general,v4,0,0.02,1.0,0.994,0.982,0.98,36.0,6.0,0.07286532732124995
P12-004,general,v4,1,0.756,0.984,0.9359999999999999,0.748,0.534,165.0,14.0,0.0731855083317613
P12-004,general,v4,2,1.0,0.728,0.33599999999999997,0.010000000000000009,0.0,21.0,5.0,0.0734936993005324
P12-005,general,abrupt quit,0,1.0,0.0,0.0,0.0,0.0,4.0,5.0,0.4615678872451169
P12-005,general,abrupt quit,1,1.0,0.0,0.0,0.0,0.0,4.0,5.0,0.47809409946958425
P12-005,general,abrupt quit,2,1.0,0.0,0.0,0.0,0.0,4.0,5.0,0.4617921075223802
P12-005,general,flat 12%,0,1.0,0.974,0.772,0.02200000000000002,0.0,41.0,7.0,0.11020431402981956
P12-005,general,flat 12%,1,1.0,0.626,0.14600000000000002,0.0,0.0,17.5,5.0,0.19626012000538262
P12-005,general,flat 12%,2,1.0,0.376,0.01200000000000001,0.0,0.0,12.0,5.0,0.12283215967803784
P12-005,general,v3,0,1.0,0.958,0.752,0.038000000000000034,0.0,41.0,7.0,0.09557834034046375
P12-005,general,v3,1,1.0,0.634,0.14600000000000002,0.0,0.0,18.0,5.0,0.15371895359675425
P12-005,general,v3,2,1.0,0.388,0.016000000000000014,0.0,0.0,12.0,5.0,0.10232663205821935
P12-005,general,v4,0,1.0,0.964,0.74,0.062000000000000055,0.0,41.0,7.0,0.08555400490946785
P12-005,general,v4,1,1.0,0.612,0.14,0.0,0.0,17.0,5.0,0.09929342464030533
P12-005,general,v4,2,1.0,0.366,0.016000000000000014,0.0,0.0,12.0,5.0,0.08682898383711246
P12-006,general,abrupt quit,0,1.0,0.03600000000000003,0.0,0.0,0.0,6.0,5.0,0.3117661425914763
P12-006,general,abrupt quit,1,1.0,0.5680000000000001,0.238,0.02400000000000002,0.0040000000000000036,16.0,5.0,0.34850070145523404
P12-006,general,abrupt quit,2,1.0,0.030000000000000027,0.0020000000000000018,0.0,0.0,6.0,5.0,0.3566479975088366
P12-006,general,flat 12%,0,1.0,0.43200000000000005,0.05400000000000005,0.0,0.0,12.0,5.0,0.09908023719338432
P12-006,general,flat 12%,1,0.992,0.956,0.812,0.45599999999999996,0.136,75.0,10.0,0.45319768286105244
P12-006,general,flat 12%,2,1.0,0.44799999999999995,0.04800000000000004,0.0,0.0,12.0,5.0,0.34684006420070945
P12-006,general,v3,0,1.0,0.42400000000000004,0.06399999999999995,0.0,0.0,12.0,5.0,0.09518769984810904
P12-006,general,v3,1,0.992,0.956,0.832,0.5,0.15400000000000003,88.5,12.0,0.20747113681971852
P12-006,general,v3,2,1.0,0.44399999999999995,0.06000000000000005,0.0,0.0,12.0,5.0,0.16746605777341472
P12-006,general,v4,0,1.0,0.42600000000000005,0.07199999999999995,0.0,0.0,12.0,5.0,0.08361719080595686
P12-006,general,v4,1,0.99,0.96,0.85,0.542,0.17200000000000004,102.0,12.0,0.10391474247777444
P12-006,general,v4,2,1.0,0.45399999999999996,0.06799999999999995,0.0,0.0,12.0,5.0,0.09249195806322352
P12-007,general,abrupt quit,0,1.0,0.30000000000000004,0.04200000000000004,0.0,0.0,11.0,5.0,0.5607485550968256
P12-007,general,abrupt quit,1,0.992,0.594,0.25,0.09399999999999997,0.016000000000000014,16.0,5.0,0.5944211105454476
P12-007,general,abrupt quit,2,1.0,0.0,0.0,0.0,0.0,5.0,5.0,0.565727929671055
P12-007,general,flat 12%,0,0.962,0.976,0.898,0.558,0.18400000000000005,97.0,12.0,0.3648354545240877
P12-007,general,flat 12%,1,0.792,0.988,0.948,0.784,0.508,169.0,14.0,0.5284779269920952
P12-007,general,flat 12%,2,1.0,0.43400000000000005,0.026000000000000023,0.0,0.0,12.0,5.0,0.3504556650900815
P12-007,general,v3,0,0.96,0.974,0.888,0.5720000000000001,0.19999999999999996,103.0,12.0,0.2286381350950003
P12-007,general,v3,1,0.794,0.988,0.946,0.788,0.51,169.0,14.0,0.45295607600319343
P12-007,general,v3,2,1.0,0.42000000000000004,0.03200000000000003,0.0,0.0,12.0,5.0,0.19692802958814537
P12-007,general,v4,0,0.958,0.976,0.894,0.61,0.22399999999999998,118.0,13.0,0.1565543899797005
P12-007,general,v4,1,0.784,0.988,0.948,0.808,0.536,172.0,14.0,0.18540866343654205
P12-007,general,v4,2,1.0,0.42600000000000005,0.03200000000000003,0.0,0.0,12.0,5.0,0.1193523134454646
P12-008,general,abrupt quit,0,0.982,0.372,0.128,0.04800000000000004,0.03200000000000003,11.0,5.0,0.5323129617158237
P12-008,general,abrupt quit,1,0.978,0.14,0.03400000000000003,0.02200000000000002,0.02200000000000002,8.0,5.0,0.5303236371999633
P12-008,general,abrupt quit,2,0.998,0.13,0.01200000000000001,0.0040000000000000036,0.0020000000000000018,8.0,5.0,0.5439109667237801
P12-008,general,flat 12%,0,0.606,0.996,0.982,0.886,0.648,174.0,13.0,0.07378440554409549
P12-008,general,flat 12%,1,0.04,1.0,1.0,0.998,0.978,175.0,8.0,0.08071099618646893
P12-008,general,flat 12%,2,0.648,0.996,0.986,0.906,0.594,172.0,13.0,0.0760772630443427
P12-008,general,v3,0,0.594,0.994,0.98,0.896,0.6659999999999999,176.0,13.0,0.073429681517164
P12-008,general,v3,1,0.028,1.0,1.0,0.998,0.986,179.0,8.5,0.07506454377146732
P12-008,general,v3,2,0.602,0.996,0.986,0.912,0.64,173.0,13.0,0.07399995289116279
P12-008,general,v4,0,0.58,0.994,0.978,0.9,0.6839999999999999,176.0,13.0,0.07303120909603622
P12-008,general,v4,1,0.024,1.0,1.0,0.998,0.988,179.0,8.0,0.07392492925790095
P12-008,general,v4,2,0.59,0.996,0.986,0.916,0.6599999999999999,174.0,13.0,0.07341985925557193
P12-009,general,abrupt quit,0,0.546,0.922,0.782,0.622,0.512,46.0,6.0,0.3939494517342843
P12-009,general,abrupt quit,1,0.126,0.982,0.958,0.908,0.888,50.0,7.0,0.41161543807545964
P12-009,general,abrupt quit,2,0.996,0.30400000000000005,0.06399999999999995,0.014000000000000012,0.014000000000000012,10.0,5.0,0.4208884719782955
P12-009,general,flat 12%,0,0.222,1.0,0.996,0.986,0.922,196.0,11.0,0.12160660830378589
P12-009,general,flat 12%,1,0.024,1.0,1.0,1.0,0.994,193.5,9.0,0.10150320570640958
P12-009,general,flat 12%,2,0.66,0.998,0.97,0.8160000000000001,0.5820000000000001,169.0,13.0,0.0759064827418765
P12-009,general,v3,0,0.22,1.0,0.994,0.984,0.924,196.5,11.0,0.07420619985499488
P12-009,general,v3,1,0.024,1.0,1.0,1.0,0.994,193.5,9.0,0.09924790184666599
P12-009,general,v3,2,0.64,0.998,0.97,0.836,0.612,171.0,13.0,0.07326137012438949
P12-009,general,v4,0,0.22,1.0,0.992,0.982,0.924,196.5,11.0,0.07370726480822276
P12-009,general,v4,1,0.024,1.0,1.0,1.0,0.994,193.5,9.0,0.09679338126290937
P12-009,general,v4,2,0.588,0.998,0.972,0.882,0.6779999999999999,175.0,13.0,0.07285926718694014
P12-010,general,abrupt quit,0,0.004,1.0,0.996,0.996,0.996,16.0,5.0,0.4549806796557243
P12-010,general,abrupt quit,1,1.0,0.43200000000000005,0.06000000000000005,0.0,0.0,12.0,5.0,0.5197494524440235
P12-010,general,abrupt quit,2,0.994,0.54,0.21999999999999997,0.03600000000000003,0.016000000000000014,14.0,5.0,0.5124580138070816
P12-010,general,flat 12%,0,0.0,1.0,1.0,1.0,1.0,nan,nan,0.1693466911259882
P12-010,general,flat 12%,1,1.0,0.9319999999999999,0.776,0.32799999999999996,0.04400000000000004,63.0,10.0,0.2730711022267802
P12-010,general,flat 12%,2,0.764,0.998,0.978,0.848,0.534,172.0,14.0,0.2488978828964158
P12-010,general,v3,0,0.0,1.0,1.0,1.0,1.0,nan,nan,0.1307133236191138
P12-010,general,v3,1,1.0,0.9299999999999999,0.79,0.33199999999999996,0.04600000000000004,66.0,10.0,0.21432768102582034
P12-010,general,v3,2,0.746,0.998,0.974,0.872,0.5680000000000001,173.0,14.0,0.1423255190996593
P12-010,general,v4,0,0.0,1.0,1.0,1.0,1.0,nan,nan,0.1261095513309235
P12-010,general,v4,1,1.0,0.9299999999999999,0.79,0.35,0.04600000000000004,67.0,10.0,0.19820468804520952
P12-010,general,v4,2,0.73,0.998,0.974,0.878,0.5900000000000001,175.0,14.0,0.13155124264960094
P12-011,general,abrupt quit,0,1.0,0.17400000000000004,0.018000000000000016,0.0,0.0,9.0,5.0,0.35645927082968376
P12-011,general,abrupt quit,1,1.0,0.278,0.04200000000000004,0.0020000000000000018,0.0,10.0,5.0,0.3455724340293067
P12-011,general,abrupt quit,2,1.0,0.20799999999999996,0.020000000000000018,0.0,0.0,9.0,5.0,0.2687184370227029
P12-011,general,flat 12%,0,0.992,0.89,0.5720000000000001,0.10599999999999998,0.02200000000000002,33.0,7.0,0.10927572122004026
P12-011,general,flat 12%,1,1.0,0.852,0.54,0.06799999999999995,0.0020000000000000018,32.0,7.0,0.11897334827001171
P12-011,general,flat 12%,2,1.0,0.736,0.36,0.014000000000000012,0.0,22.0,5.0,0.07285016513828035
P12-011,general,v3,0,0.994,0.882,0.5700000000000001,0.11199999999999999,0.02400000000000002,33.0,7.0,0.0891440874174706
P12-011,general,v3,1,1.0,0.844,0.534,0.06999999999999995,0.0020000000000000018,32.0,7.0,0.12825770262423652
P12-011,general,v3,2,1.0,0.73,0.33999999999999997,0.016000000000000014,0.0,21.0,5.0,0.0728417285540871
P12-011,general,v4,0,0.992,0.88,0.554,0.11399999999999999,0.03200000000000003,32.0,7.0,0.07989009073096065
P12-011,general,v4,1,1.0,0.84,0.526,0.07199999999999995,0.0020000000000000018,31.0,7.0,0.11762996379101065
P12-011,general,v4,2,1.0,0.724,0.33999999999999997,0.014000000000000012,0.0,20.5,5.0,0.07283384389109582
P12-012,general,abrupt quit,0,0.536,0.898,0.718,0.5800000000000001,0.504,27.0,6.0,0.6296958547367757
P12-012,general,abrupt quit,1,1.0,0.17800000000000005,0.010000000000000009,0.0,0.0,8.5,5.0,0.661004461736296
P12-012,general,abrupt quit,2,1.0,0.36,0.05600000000000005,0.0040000000000000036,0.0,11.0,5.0,0.6030811422807187
P12-012,general,flat 12%,0,0.146,1.0,0.998,0.982,0.9359999999999999,190.0,10.0,0.3049717193040352
P12-012,general,flat 12%,1,0.906,0.996,0.948,0.6699999999999999,0.236,116.0,13.0,0.7035190841560054
P12-012,general,flat 12%,2,0.996,0.966,0.856,0.45199999999999996,0.07199999999999995,77.0,11.0,0.11624089178752639
P12-012,general,v3,0,0.144,1.0,0.998,0.982,0.9359999999999999,189.5,10.0,0.2675202058099766
P12-012,general,v3,1,0.886,0.988,0.958,0.736,0.28200000000000003,152.0,13.0,0.44209269844531474
P12-012,general,v3,2,0.996,0.964,0.858,0.46199999999999997,0.07599999999999996,80.0,11.0,0.13141153132654326
P12-012,general,v4,0,0.138,1.0,0.998,0.984,0.944,193.0,10.0,0.17628393718048774
P12-012,general,v4,1,0.872,0.992,0.96,0.756,0.31599999999999995,159.5,14.0,0.30748705934833975
P12-012,general,v4,2,0.996,0.966,0.856,0.47,0.07799999999999996,81.0,11.0,0.08798126623037106
P12-013,general,abrupt quit,0,0.806,0.878,0.6659999999999999,0.41200000000000003,0.266,37.0,6.0,0.5607607873759168
P12-013,general,abrupt quit,1,1.0,0.494,0.126,0.0040000000000000036,0.0,13.0,5.0,0.49592504288816897
P12-013,general,abrupt quit,2,0.46,0.962,0.86,0.726,0.6,67.0,7.0,0.48757818785171714
P12-013,general,flat 12%,0,0.434,0.996,0.992,0.962,0.8160000000000001,185.0,13.0,0.5565750679621695
P12-013,general,flat 12%,1,0.992,0.974,0.87,0.504,0.12,89.5,11.0,0.1308923905995386
P12-013,general,flat 12%,2,0.16,0.996,0.996,0.986,0.944,199.0,10.5,0.21298638463964603
P12-013,general,v3,0,0.42,0.996,0.992,0.964,0.8280000000000001,186.5,13.0,0.43481081755879936
P12-013,general,v3,1,0.99,0.972,0.872,0.51,0.126,90.0,11.0,0.11185185698085731
P12-013,general,v3,2,0.162,0.996,0.996,0.986,0.942,198.0,11.0,0.08102270417754964
P12-013,general,v4,0,0.422,0.996,0.992,0.966,0.8280000000000001,187.0,13.0,0.358700614301689
P12-013,general,v4,1,0.992,0.972,0.872,0.522,0.128,92.0,11.0,0.10835698113615533
P12-013,general,v4,2,0.16,0.996,0.996,0.986,0.944,199.0,10.5,0.07586980484543271
P12-014,general,abrupt quit,0,1.0,0.19399999999999995,0.008000000000000007,0.0,0.0,8.0,5.0,0.505707837581479
P12-014,general,abrupt quit,1,1.0,0.30400000000000005,0.028000000000000025,0.0,0.0,10.0,5.0,0.544805416195689
P12-014,general,abrupt quit,2,1.0,0.014000000000000012,0.0020000000000000018,0.0,0.0,6.0,5.0,0.5321144383645895
P12-014,general,flat 12%,0,1.0,0.87,0.55,0.06000000000000005,0.0040000000000000036,33.0,7.0,0.2456217295030686
P12-014,general,flat 12%,1,1.0,0.908,0.634,0.11599999999999999,0.0020000000000000018,39.0,7.0,0.47245414568255584
P12-014,general,flat 12%,2,1.0,0.386,0.050000000000000044,0.0,0.0,12.0,5.0,0.23579359743274408
P12-014,general,v3,0,1.0,0.85,0.52,0.06999999999999995,0.0040000000000000036,31.0,7.0,0.22442582912048548
P12-014,general,v3,1,1.0,0.896,0.622,0.10999999999999999,0.0020000000000000018,37.0,7.0,0.3574443656213717
P12-014,general,v3,2,1.0,0.4,0.05600000000000005,0.0,0.0,12.0,5.0,0.10678615081801557
P12-014,general,v4,0,1.0,0.856,0.544,0.07599999999999996,0.0040000000000000036,32.0,7.0,0.1338122320490257
P12-014,general,v4,1,1.0,0.898,0.628,0.14200000000000002,0.006000000000000005,39.0,7.0,0.1959627015649431
P12-014,general,v4,2,1.0,0.404,0.05400000000000005,0.0,0.0,12.0,5.0,0.11359575860225146
P12-015,general,abrupt quit,0,0.554,0.496,0.44599999999999995,0.44599999999999995,0.44599999999999995,8.0,5.0,0.24783229443757793
P12-015,general,abrupt quit,1,0.04,0.964,0.96,0.96,0.96,9.0,5.0,0.2481138211580861
P12-015,general,abrupt quit,2,0.196,0.848,0.812,0.804,0.804,10.5,5.0,0.2666684881864685
P12-015,general,flat 12%,0,0.004,1.0,1.0,0.996,0.996,68.0,5.0,0.07286683908637992
P12-015,general,flat 12%,1,0.0,1.0,1.0,1.0,1.0,nan,nan,0.07282489162505035
P12-015,general,flat 12%,2,0.012,1.0,0.998,0.99,0.988,69.0,7.5,0.07302352648408439
P12-015,general,v3,0,0.002,1.0,1.0,0.998,0.998,52.0,5.0,0.07283011500089509
P12-015,general,v3,1,0.0,1.0,1.0,1.0,1.0,nan,nan,0.07281759093681495
P12-015,general,v3,2,0.008,1.0,1.0,0.994,0.992,81.5,8.5,0.07293014058028258
P12-015,general,v4,0,0.0,1.0,1.0,1.0,1.0,nan,nan,0.07282398973061988
P12-015,general,v4,1,0.0,1.0,1.0,1.0,1.0,nan,nan,0.07281738028144524
P12-015,general,v4,2,0.006,1.0,0.998,0.996,0.994,75.0,7.0,0.0728623347241052
P12-016,general,abrupt quit,0,1.0,0.06799999999999995,0.0040000000000000036,0.0,0.0,7.0,5.0,0.48157531811250454
P12-016,general,abrupt quit,1,1.0,0.05600000000000005,0.0,0.0,0.0,7.0,5.0,0.4583199362902153
P12-016,general,abrupt quit,2,1.0,0.398,0.07799999999999996,0.008000000000000007,0.0,12.0,5.0,0.4774317254789757
P12-016,general,flat 12%,0,1.0,0.884,0.5720000000000001,0.08999999999999997,0.006000000000000005,32.0,7.0,0.09636978286595876
P12-016,general,flat 12%,1,1.0,0.714,0.32799999999999996,0.0020000000000000018,0.0,22.0,6.0,0.09452029423144803
P12-016,general,flat 12%,2,1.0,0.956,0.8240000000000001,0.4,0.062000000000000055,71.0,10.0,0.0779526516943918
P12-016,general,v3,0,1.0,0.878,0.5820000000000001,0.10999999999999999,0.006000000000000005,34.0,7.0,0.07702266583748796
P12-016,general,v3,1,1.0,0.714,0.32199999999999995,0.0020000000000000018,0.0,22.0,5.0,0.09740476767234041
P12-016,general,v3,2,1.0,0.952,0.8260000000000001,0.402,0.06599999999999995,71.0,11.0,0.07430669583899441
P12-016,general,v4,0,1.0,0.896,0.634,0.136,0.008000000000000007,37.0,8.0,0.07325745580560328
P12-016,general,v4,1,1.0,0.714,0.346,0.0040000000000000036,0.0,22.0,5.5,0.08331404339764303
P12-016,general,v4,2,1.0,0.954,0.84,0.43400000000000005,0.07599999999999996,78.0,11.0,0.07299048026436927
P12-017,general,abrupt quit,0,1.0,0.062000000000000055,0.0,0.0,0.0,7.0,5.0,0.407618022810017
P12-017,general,abrupt quit,1,0.838,0.79,0.562,0.33599999999999997,0.246,28.0,6.0,0.4362641726254596
P12-017,general,abrupt quit,2,1.0,0.10399999999999998,0.006000000000000005,0.0,0.0,7.0,5.0,0.42077139194549784
P12-017,general,flat 12%,0,1.0,0.6779999999999999,0.20999999999999996,0.0040000000000000036,0.0,17.0,5.0,0.08920939768413405
P12-017,general,flat 12%,1,0.426,1.0,0.988,0.952,0.836,191.0,11.0,0.1811337044903376
P12-017,general,flat 12%,2,1.0,0.712,0.28400000000000003,0.006000000000000005,0.0,19.0,5.0,0.19795205744908073
P12-017,general,v3,0,1.0,0.648,0.19999999999999996,0.0040000000000000036,0.0,17.0,5.0,0.07724578628326917
P12-017,general,v3,1,0.416,1.0,0.988,0.952,0.844,192.0,11.0,0.13897327075005916
P12-017,general,v3,2,1.0,0.704,0.274,0.006000000000000005,0.0,18.0,5.0,0.12445086603933342
P12-017,general,v4,0,1.0,0.652,0.19799999999999995,0.0020000000000000018,0.0,17.0,5.0,0.08449350542006984
P12-017,general,v4,1,0.41,1.0,0.986,0.954,0.848,193.0,11.0,0.10795763323369545
P12-017,general,v4,2,1.0,0.698,0.274,0.010000000000000009,0.0,18.0,5.0,0.09982545616986516
P12-018,general,abrupt quit,0,0.79,0.6759999999999999,0.44999999999999996,0.31399999999999995,0.254,17.0,5.0,0.3272245913078655
P12-018,general,abrupt quit,1,0.99,0.552,0.262,0.06000000000000005,0.018000000000000016,15.0,5.0,0.34388282217258515
P12-018,general,abrupt quit,2,0.602,0.878,0.736,0.5740000000000001,0.45799999999999996,36.0,6.0,0.31482193791940294
P12-018,general,flat 12%,0,0.274,1.0,0.994,0.96,0.882,187.0,13.0,0.08437498987403647
P12-018,general,flat 12%,1,0.878,0.984,0.9319999999999999,0.704,0.378,161.0,13.0,0.14735125376941627
P12-018,general,flat 12%,2,0.234,0.996,0.994,0.98,0.926,198.0,12.0,0.07444652714090672
P12-018,general,v3,0,0.266,1.0,0.996,0.97,0.892,189.0,13.0,0.07871154335250419
P12-018,general,v3,1,0.872,0.984,0.9299999999999999,0.734,0.402,166.0,14.0,0.14873981851068852
P12-018,general,v3,2,0.224,0.996,0.994,0.984,0.9339999999999999,200.0,12.0,0.07556851109881557
P12-018,general,v4,0,0.254,1.0,0.996,0.978,0.902,192.0,12.0,0.07604204423073047
P12-018,general,v4,1,0.864,0.986,0.944,0.778,0.44599999999999995,171.0,14.0,0.0903763814500983
P12-018,general,v4,2,0.222,0.996,0.994,0.986,0.9359999999999999,200.0,11.0,0.07408039631489449
P12-019,general,abrupt quit,0,0.008,0.998,0.994,0.994,0.992,15.0,5.0,0.3935692848268333
P12-019,general,abrupt quit,1,0.78,0.45599999999999996,0.276,0.246,0.23199999999999998,10.5,5.0,0.40066132940054533
P12-019,general,abrupt quit,2,1.0,0.02200000000000002,0.0,0.0,0.0,6.0,5.0,0.4063027474376041
P12-019,general,flat 12%,0,0.0,1.0,1.0,1.0,1.0,nan,nan,0.07321222534249161
P12-019,general,flat 12%,1,0.068,1.0,0.998,0.984,0.964,174.5,9.0,0.07311360420915791
P12-019,general,flat 12%,2,0.838,0.99,0.956,0.6579999999999999,0.29800000000000004,102.0,11.0,0.07421394455402686
P12-019,general,v3,0,0.0,1.0,1.0,1.0,1.0,nan,nan,0.07300993445269088
P12-019,general,v3,1,0.064,1.0,0.998,0.986,0.968,181.5,9.0,0.07340734073617383
P12-019,general,v3,2,0.812,0.99,0.952,0.6859999999999999,0.33199999999999996,110.0,12.0,0.08204899379212571
P12-019,general,v4,0,0.0,1.0,1.0,1.0,1.0,nan,nan,0.07284045240826187
P12-019,general,v4,1,0.062,1.0,0.998,0.986,0.97,184.0,9.0,0.07294496993805744
P12-019,general,v4,2,0.8,0.99,0.944,0.72,0.382,137.5,12.0,0.07467832344418879
P12-020,general,abrupt quit,0,1.0,0.0,0.0,0.0,0.0,5.0,5.0,0.3113668843907895
P12-020,general,abrupt quit,1,0.982,0.07199999999999995,0.018000000000000016,0.018000000000000016,0.018000000000000016,8.0,5.0,0.3166365419295142
P12-020,general,abrupt quit,2,1.0,0.0,0.0,0.0,0.0,5.0,5.0,0.30595052791672295
P12-020,general,flat 12%,0,1.0,0.774,0.348,0.0020000000000000018,0.0,23.0,6.0,0.07470176564935715
P12-020,general,flat 12%,1,0.074,0.998,0.978,0.926,0.926,47.0,6.0,0.07560480687535398
P12-020,general,flat 12%,2,0.92,0.962,0.768,0.16400000000000003,0.09199999999999997,46.0,7.5,0.07712312305225999
P12-020,general,v3,0,1.0,0.754,0.32399999999999995,0.0020000000000000018,0.0,22.0,6.0,0.07445460305360896
P12-020,general,v3,1,0.066,0.998,0.98,0.9339999999999999,0.9339999999999999,46.0,6.0,0.07479022690832626
P12-020,general,v3,2,0.9,0.956,0.756,0.18200000000000005,0.11199999999999999,44.0,7.0,0.07543422059715787
P12-020,general,v4,0,1.0,0.726,0.28,0.0020000000000000018,0.0,20.5,5.0,0.07422043518340449
P12-020,general,v4,1,0.058,0.996,0.978,0.942,0.942,36.0,6.0,0.07446770094379918
P12-020,general,v4,2,0.888,0.95,0.736,0.19399999999999995,0.122,42.0,7.0,0.07461038581789858
P12-021,general,abrupt quit,0,0.62,0.708,0.508,0.42400000000000004,0.39,14.0,5.0,0.42530989871280667
P12-021,general,abrupt quit,1,1.0,0.384,0.14200000000000002,0.02200000000000002,0.006000000000000005,11.0,5.0,0.43711382601510496
P12-021,general,abrupt quit,2,1.0,0.0,0.0,0.0,0.0,4.0,5.0,0.46128234046783934
P12-021,general,flat 12%,0,0.08,1.0,1.0,0.988,0.964,184.0,9.0,0.07481722267726454
P12-021,general,flat 12%,1,0.904,0.996,0.98,0.8220000000000001,0.364,166.0,13.0,0.07498994441115081
P12-021,general,flat 12%,2,1.0,0.806,0.32999999999999996,0.0,0.0,24.0,6.0,0.07998675566215119
P12-021,general,v3,0,0.08,1.0,1.0,0.988,0.964,184.0,9.0,0.07483813740472689
P12-021,general,v3,1,0.888,0.996,0.978,0.8180000000000001,0.386,166.0,13.0,0.0760007369353134
P12-021,general,v3,2,1.0,0.808,0.34199999999999997,0.0,0.0,24.0,6.0,0.07619242784412483
P12-021,general,v4,0,0.076,1.0,1.0,0.988,0.968,185.5,9.0,0.07415045643250973
P12-021,general,v4,1,0.876,0.996,0.976,0.8200000000000001,0.41200000000000003,168.0,14.0,0.07411067642984559
P12-021,general,v4,2,1.0,0.8160000000000001,0.31999999999999995,0.0020000000000000018,0.0,24.0,6.0,0.07468258822477647
P12-022,general,abrupt quit,0,0.988,0.37,0.08199999999999996,0.02400000000000002,0.018000000000000016,11.0,5.0,0.6369376923421037
P12-022,general,abrupt quit,1,0.998,0.392,0.04800000000000004,0.006000000000000005,0.0020000000000000018,11.0,5.0,0.6576165222137429
P12-022,general,abrupt quit,2,0.968,0.704,0.29400000000000004,0.10599999999999998,0.04400000000000004,19.0,5.0,0.6440714677745623
P12-022,general,flat 12%,0,0.448,0.996,0.978,0.898,0.712,170.0,12.0,0.1338079484292095
P12-022,general,flat 12%,1,0.7,0.998,0.986,0.898,0.534,169.0,13.0,0.3608068261574304
P12-022,general,flat 12%,2,0.674,0.996,0.984,0.908,0.636,177.0,13.0,0.1566763112685262
P12-022,general,v3,0,0.428,0.996,0.98,0.912,0.738,171.0,12.0,0.10425180902146114
P12-022,general,v3,1,0.678,1.0,0.988,0.904,0.5700000000000001,171.0,13.0,0.18692963674422414
P12-022,general,v3,2,0.648,0.994,0.982,0.91,0.6659999999999999,178.5,13.0,0.11154555295237589
P12-022,general,v4,0,0.408,0.996,0.98,0.9319999999999999,0.766,175.0,12.0,0.0766959532371344
P12-022,general,v4,1,0.638,1.0,0.988,0.926,0.62,173.0,13.0,0.11866530781686513
P12-022,general,v4,2,0.632,0.994,0.982,0.918,0.696,181.0,13.0,0.08575614166767109
P12-023,general,abrupt quit,0,1.0,0.020000000000000018,0.0,0.0,0.0,6.0,5.0,0.514939671664967
P12-023,general,abrupt quit,1,0.768,0.5740000000000001,0.32799999999999996,0.25,0.238,12.0,5.0,0.5160237638892399
P12-023,general,abrupt quit,2,0.828,0.546,0.28600000000000003,0.20999999999999996,0.18999999999999995,12.0,5.0,0.517665907826661
P12-023,general,flat 12%,0,0.848,0.996,0.968,0.74,0.33999999999999997,139.0,13.0,0.07557833011204684
P12-023,general,flat 12%,1,0.082,1.0,1.0,1.0,0.962,183.0,9.0,0.07341718572098199
P12-023,general,flat 12%,2,0.196,1.0,0.996,0.984,0.922,188.5,10.5,0.07360395731919567
P12-023,general,v3,0,0.846,0.994,0.958,0.748,0.35,149.0,13.0,0.07361963976261554
P12-023,general,v3,1,0.082,1.0,1.0,1.0,0.962,183.0,9.0,0.0730569333525738
P12-023,general,v3,2,0.198,1.0,0.996,0.984,0.922,189.0,10.0,0.07328577349158027
P12-023,general,v4,0,0.804,0.994,0.966,0.78,0.41800000000000004,164.0,13.0,0.07305284206948892
P12-023,general,v4,1,0.074,1.0,1.0,1.0,0.968,185.0,10.0,0.07293993626492257
P12-023,general,v4,2,0.194,1.0,0.996,0.984,0.922,189.0,10.0,0.07301450098089879
P12-024,general,abrupt quit,0,1.0,0.536,0.20399999999999996,0.016000000000000014,0.0040000000000000036,14.0,5.0,0.5087258396959649
P12-024,general,abrupt quit,1,0.934,0.688,0.346,0.15200000000000002,0.08799999999999997,19.0,5.0,0.5382281733511889
P12-024,general,abrupt quit,2,0.232,0.95,0.882,0.8220000000000001,0.786,28.0,5.0,0.5478352329921508
P12-024,general,flat 12%,0,0.894,0.992,0.958,0.762,0.41600000000000004,165.0,14.0,0.07880435450872725
P12-024,general,flat 12%,1,0.496,0.998,0.992,0.956,0.762,181.0,12.0,0.08210851699015942
P12-024,general,flat 12%,2,0.04,1.0,1.0,0.996,0.986,191.5,9.0,0.12423713136683256
P12-024,general,v3,0,0.882,0.992,0.956,0.778,0.43600000000000005,166.0,14.0,0.07619753097377047
P12-024,general,v3,1,0.486,0.998,0.992,0.96,0.77,181.0,12.0,0.07527706575751392
P12-024,general,v3,2,0.04,1.0,1.0,0.996,0.986,191.5,9.0,0.07867643071277663
P12-024,general,v4,0,0.884,0.992,0.954,0.776,0.43999999999999995,167.0,14.0,0.07566781975105064
P12-024,general,v4,1,0.486,0.998,0.992,0.956,0.772,182.0,12.0,0.07433710589139575
P12-024,general,v4,2,0.04,1.0,1.0,0.996,0.986,191.5,9.0,0.07408832155091338
P12-025,general,abrupt quit,0,0.428,0.86,0.752,0.656,0.6,20.5,5.0,0.40737049669159553
P12-025,general,abrupt quit,1,0.152,0.908,0.862,0.852,0.85,12.0,5.0,0.4152843437092312
P12-025,general,abrupt quit,2,0.996,0.16800000000000004,0.04200000000000004,0.020000000000000018,0.008000000000000007,8.0,5.0,0.4248546362529818
P12-025,general,flat 12%,0,0.092,1.0,1.0,1.0,0.96,185.0,9.0,0.0797991920617932
P12-025,general,flat 12%,1,0.004,1.0,1.0,1.0,1.0,216.0,7.5,0.07573314829986533
P12-025,general,flat 12%,2,0.578,0.996,0.984,0.906,0.6779999999999999,175.0,13.0,0.0791892794831387
P12-025,general,v3,0,0.092,1.0,1.0,1.0,0.96,185.0,9.0,0.0748606605960147
P12-025,general,v3,1,0.004,1.0,1.0,1.0,1.0,216.0,7.5,0.07388917972522002
P12-025,general,v3,2,0.574,0.996,0.986,0.918,0.694,177.0,13.0,0.07623722203304817
P12-025,general,v4,0,0.09,1.0,1.0,1.0,0.962,187.0,9.0,0.07345581787878219
P12-025,general,v4,1,0.004,1.0,1.0,1.0,1.0,216.0,7.5,0.07306841901744288
P12-025,general,v4,2,0.542,0.996,0.984,0.928,0.726,179.0,13.0,0.07402225479700775
P12-026,general,abrupt quit,0,1.0,0.32599999999999996,0.05400000000000005,0.0020000000000000018,0.0,11.0,5.0,0.4454870187775566
P12-026,general,abrupt quit,1,0.952,0.732,0.43000000000000005,0.18999999999999995,0.07999999999999996,23.0,5.0,0.5160388683717418
P12-026,general,abrupt quit,2,1.0,0.5840000000000001,0.21199999999999997,0.02400000000000002,0.0020000000000000018,16.0,5.0,0.5229517138774673
P12-026,general,flat 12%,0,1.0,0.954,0.756,0.242,0.018000000000000016,53.0,9.0,0.2065106568751801
P12-026,general,flat 12%,1,0.642,0.994,0.976,0.884,0.6639999999999999,178.0,13.0,0.4044925781224663
P12-026,general,flat 12%,2,0.988,0.97,0.876,0.5860000000000001,0.17800000000000005,108.0,13.0,0.4801639102620343
P12-026,general,v3,0,1.0,0.948,0.758,0.274,0.026000000000000023,54.5,9.0,0.07902724618438772
P12-026,general,v3,1,0.632,0.994,0.976,0.886,0.6779999999999999,179.0,13.0,0.3221015640060235
P12-026,general,v3,2,0.986,0.97,0.876,0.5840000000000001,0.18400000000000005,108.0,12.0,0.4165828747609188
P12-026,general,v4,0,1.0,0.942,0.762,0.278,0.03200000000000003,54.0,9.0,0.07781996013338044
P12-026,general,v4,1,0.634,0.994,0.972,0.886,0.6799999999999999,179.0,13.0,0.3192627900827354
P12-026,general,v4,2,0.986,0.968,0.872,0.5900000000000001,0.18600000000000005,112.0,12.0,0.29426934777477187
P12-027,general,abrupt quit,0,1.0,0.43400000000000005,0.10799999999999998,0.0040000000000000036,0.0,12.0,5.0,0.4390282518829176
P12-027,general,abrupt quit,1,1.0,0.256,0.016000000000000014,0.0,0.0,10.0,5.0,0.40647323660308543
P12-027,general,abrupt quit,2,1.0,0.45399999999999996,0.10199999999999998,0.0020000000000000018,0.0,13.0,5.0,0.411645558626376
P12-027,general,flat 12%,0,1.0,0.9359999999999999,0.778,0.31399999999999995,0.040000000000000036,59.0,9.0,0.27299039252147517
P12-027,general,flat 12%,1,1.0,0.71,0.274,0.010000000000000009,0.0,20.0,5.0,0.18932045347758963
P12-027,general,flat 12%,2,1.0,0.918,0.696,0.22799999999999998,0.008000000000000007,47.0,8.0,0.4074752508986954
P12-027,general,v3,0,1.0,0.9359999999999999,0.78,0.32599999999999996,0.05800000000000005,61.0,9.0,0.21882373373776132
P12-027,general,v3,1,1.0,0.704,0.274,0.014000000000000012,0.0,20.0,5.0,0.18746053057823953
P12-027,general,v3,2,1.0,0.906,0.6839999999999999,0.23399999999999999,0.010000000000000009,46.0,8.0,0.17206756472095397
P12-027,general,v4,0,1.0,0.9359999999999999,0.778,0.33799999999999997,0.06599999999999995,62.0,9.0,0.203876200802951
P12-027,general,v4,1,1.0,0.704,0.278,0.014000000000000012,0.0,20.0,5.0,0.15399311348546707
P12-027,general,v4,2,1.0,0.91,0.6859999999999999,0.23199999999999998,0.01200000000000001,46.0,8.0,0.1348384588573489
P12-028,general,abrupt quit,0,0.66,0.728,0.55,0.43999999999999995,0.38,15.0,5.0,0.28726485092675147
P12-028,general,abrupt quit,1,0.834,0.32599999999999996,0.19199999999999995,0.16800000000000004,0.16600000000000004,9.0,5.0,0.27243528520612426
P12-028,general,abrupt quit,2,1.0,0.14200000000000002,0.02200000000000002,0.0,0.0,8.0,5.0,0.26969712280019764
P12-028,general,flat 12%,0,0.256,0.99,0.968,0.918,0.846,169.5,11.0,0.08789352050196542
P12-028,general,flat 12%,1,0.196,0.99,0.958,0.85,0.8160000000000001,43.5,7.0,0.07330484489488498
P12-028,general,flat 12%,2,1.0,0.8220000000000001,0.42000000000000004,0.030000000000000027,0.0020000000000000018,27.0,6.0,0.07380083251928249
P12-028,general,v3,0,0.256,0.99,0.97,0.918,0.848,170.0,11.0,0.08177093619999654
P12-028,general,v3,1,0.186,0.988,0.962,0.86,0.8260000000000001,47.0,7.0,0.07312080811718102
P12-028,general,v3,2,1.0,0.802,0.42400000000000004,0.04200000000000004,0.0020000000000000018,27.0,6.0,0.07324509726880635
P12-028,general,v4,0,0.246,0.988,0.968,0.928,0.858,175.0,11.0,0.079862483847292
P12-028,general,v4,1,0.16,0.988,0.958,0.876,0.852,40.0,7.0,0.07300079876903531
P12-028,general,v4,2,1.0,0.808,0.41200000000000003,0.040000000000000036,0.0020000000000000018,26.0,6.0,0.07307429755486228
P12-029,general,abrupt quit,0,0.964,0.6719999999999999,0.274,0.09399999999999997,0.04800000000000004,18.0,5.0,0.5878301172378686
P12-029,general,abrupt quit,1,0.638,0.914,0.726,0.532,0.42200000000000004,38.0,6.0,0.5601573136140767
P12-029,general,abrupt quit,2,1.0,0.0040000000000000036,0.0,0.0,0.0,6.0,5.0,0.6128749703734784
P12-029,general,flat 12%,0,0.552,0.998,0.98,0.924,0.738,181.0,14.0,0.14713669028440257
P12-029,general,flat 12%,1,0.252,1.0,0.996,0.986,0.908,192.0,11.0,0.08078756021505851
P12-029,general,flat 12%,2,1.0,0.862,0.46799999999999997,0.010000000000000009,0.0,28.0,6.0,0.268067247692908
P12-029,general,v3,0,0.538,0.998,0.982,0.928,0.744,181.0,13.0,0.07557184438699371
P12-029,general,v3,1,0.252,1.0,0.994,0.982,0.908,192.0,11.0,0.08317657732483175
P12-029,general,v3,2,1.0,0.86,0.516,0.03200000000000003,0.0,31.0,7.0,0.10785757705702992
P12-029,general,v4,0,0.528,0.998,0.982,0.926,0.754,182.0,13.0,0.07583722519060887
P12-029,general,v4,1,0.242,1.0,0.996,0.986,0.914,193.0,11.0,0.07561513603924797
P12-029,general,v4,2,1.0,0.862,0.52,0.04200000000000004,0.0,31.0,7.0,0.10202393839665247
P12-030,general,abrupt quit,0,0.848,0.258,0.15400000000000003,0.15200000000000002,0.15200000000000002,8.0,5.0,0.27079061367161106
P12-030,general,abrupt quit,1,0.556,0.5860000000000001,0.46799999999999997,0.44599999999999995,0.44399999999999995,10.0,5.0,0.274719477260301
P12-030,general,abrupt quit,2,0.898,0.61,0.41200000000000003,0.256,0.138,16.0,5.0,0.2560283467343163
P12-030,general,flat 12%,0,0.04,0.996,0.98,0.962,0.96,30.0,6.0,0.07292586573011595
P12-030,general,flat 12%,1,0.03,1.0,0.998,0.976,0.972,59.0,7.0,0.07286065342757209
P12-030,general,flat 12%,2,0.63,0.964,0.91,0.702,0.542,100.0,11.0,0.07281896904123608
P12-030,general,v3,0,0.034,0.996,0.982,0.968,0.966,28.0,6.0,0.07285423124708379
P12-030,general,v3,1,0.03,1.0,0.998,0.976,0.972,59.0,7.0,0.07284138894625358
P12-030,general,v3,2,0.608,0.966,0.92,0.722,0.5680000000000001,105.0,12.0,0.0728172654074617
P12-030,general,v4,0,0.034,0.996,0.98,0.968,0.966,27.0,6.0,0.07283561279558359
P12-030,general,v4,1,0.024,1.0,0.998,0.982,0.978,61.0,6.0,0.07283851008530307
P12-030,general,v4,2,0.588,0.964,0.916,0.75,0.602,124.5,12.0,0.07281578902241903
P12-031,general,abrupt quit,0,1.0,0.0,0.0,0.0,0.0,5.0,5.0,0.521442415721389
P12-031,general,abrupt quit,1,1.0,0.07999999999999996,0.0,0.0,0.0,7.0,5.0,0.5512323733549176
P12-031,general,abrupt quit,2,0.996,0.256,0.05800000000000005,0.008000000000000007,0.0040000000000000036,10.0,5.0,0.5405817098244172
P12-031,general,flat 12%,0,1.0,0.5,0.06999999999999995,0.0,0.0,13.5,5.0,0.08195571882587116
P12-031,general,flat 12%,1,1.0,0.902,0.6719999999999999,0.15000000000000002,0.0040000000000000036,44.0,8.0,0.2394166414687049
P12-031,general,flat 12%,2,0.862,1.0,0.974,0.786,0.404,166.0,15.0,0.1295171820071931
P12-031,general,v3,0,1.0,0.45999999999999996,0.05400000000000005,0.0,0.0,13.0,5.0,0.07671705736235335
P12-031,general,v3,1,1.0,0.902,0.6779999999999999,0.15600000000000003,0.0020000000000000018,46.0,8.0,0.17571766441209147
P12-031,general,v3,2,0.856,1.0,0.972,0.786,0.402,166.5,15.0,0.10088663584285729
P12-031,general,v4,0,1.0,0.47,0.05400000000000005,0.0,0.0,13.0,5.0,0.0737201004030642
P12-031,general,v4,1,1.0,0.912,0.69,0.17200000000000004,0.0040000000000000036,46.0,9.0,0.10390717226535329
P12-031,general,v4,2,0.838,1.0,0.974,0.8140000000000001,0.45599999999999996,169.0,15.0,0.0831599403549057
P12-032,general,abrupt quit,0,0.996,0.6,0.28,0.04800000000000004,0.014000000000000012,17.0,5.0,0.48509552484104357
P12-032,general,abrupt quit,1,1.0,0.19799999999999995,0.016000000000000014,0.0,0.0,9.0,5.0,0.5022625760290278
P12-032,general,abrupt quit,2,1.0,0.20199999999999996,0.014000000000000012,0.0,0.0,9.0,5.0,0.521149119938519
P12-032,general,flat 12%,0,0.904,0.988,0.96,0.776,0.382,165.0,14.0,0.10085206657139023
P12-032,general,flat 12%,1,1.0,0.9339999999999999,0.756,0.14800000000000002,0.0020000000000000018,47.0,8.0,0.154395226651176
P12-032,general,flat 12%,2,0.998,0.942,0.83,0.31200000000000006,0.03400000000000003,61.0,9.0,0.3126872566725507
P12-032,general,v3,0,0.9,0.988,0.96,0.784,0.392,166.0,14.0,0.07795268841903114
P12-032,general,v3,1,1.0,0.9359999999999999,0.748,0.15400000000000003,0.0040000000000000036,47.0,8.0,0.15679302709839338
P12-032,general,v3,2,0.998,0.9339999999999999,0.8160000000000001,0.31799999999999995,0.040000000000000036,60.0,9.0,0.28848123797037006
P12-032,general,v4,0,0.896,0.988,0.958,0.796,0.404,166.0,14.0,0.07415543005174341
P12-032,general,v4,1,1.0,0.9339999999999999,0.746,0.15400000000000003,0.0040000000000000036,46.0,8.0,0.1301476260866833
P12-032,general,v4,2,0.998,0.9299999999999999,0.808,0.32399999999999995,0.04600000000000004,63.0,10.0,0.15634345383756176
P12-033,general,abrupt quit,0,0.996,0.694,0.348,0.07399999999999995,0.014000000000000012,20.0,5.0,0.4698249793451308
P12-033,general,abrupt quit,1,0.526,0.948,0.8260000000000001,0.63,0.542,48.0,6.0,0.47788164751985374
P12-033,general,abrupt quit,2,0.462,0.908,0.766,0.628,0.5660000000000001,28.0,5.0,0.44511465381423976
P12-033,general,flat 12%,0,0.924,0.978,0.924,0.704,0.346,162.0,13.0,0.07593593422962319
P12-033,general,flat 12%,1,0.194,0.998,0.998,0.988,0.94,194.0,10.0,0.10176045567177128
P12-033,general,flat 12%,2,0.138,1.0,0.998,0.986,0.954,188.0,10.0,0.07885520865310636
P12-033,general,v3,0,0.916,0.978,0.926,0.722,0.366,164.0,13.0,0.07704576799848539
P12-033,general,v3,1,0.192,1.0,1.0,0.988,0.942,194.5,10.0,0.07631259502483345
P12-033,general,v3,2,0.132,1.0,0.998,0.99,0.958,188.5,10.0,0.08672545832875855
P12-033,general,v4,0,0.914,0.978,0.928,0.74,0.378,165.0,13.0,0.07437599349595048
P12-033,general,v4,1,0.186,1.0,1.0,0.99,0.946,195.0,10.0,0.07295080717382418
P12-033,general,v4,2,0.122,1.0,0.998,0.992,0.964,191.0,10.0,0.07736605655136763
P12-034,general,abrupt quit,0,0.956,0.77,0.522,0.21199999999999997,0.07799999999999996,29.5,6.0,0.3351480218069226
P12-034,general,abrupt quit,1,0.594,0.916,0.792,0.5860000000000001,0.472,44.0,6.0,0.3262486593445565
P12-034,general,abrupt quit,2,0.492,0.924,0.8260000000000001,0.6719999999999999,0.5800000000000001,53.5,6.0,0.3540319446433785
P12-034,general,flat 12%,0,0.684,0.994,0.976,0.872,0.632,175.0,14.0,0.1399093764683571
P12-034,general,flat 12%,1,0.254,1.0,0.998,0.974,0.898,189.0,11.0,0.18862356686244397
P12-034,general,flat 12%,2,0.216,1.0,1.0,0.984,0.938,195.5,11.0,0.09727914018580419
P12-034,general,v3,0,0.68,0.994,0.978,0.884,0.644,176.0,14.0,0.07642239547358853
P12-034,general,v3,1,0.248,1.0,0.998,0.978,0.906,189.0,11.0,0.12465842722584275
P12-034,general,v3,2,0.206,1.0,1.0,0.986,0.944,196.0,10.0,0.07349893494183757
P12-034,general,v4,0,0.676,0.994,0.978,0.886,0.648,176.0,14.0,0.08824338827164391
P12-034,general,v4,1,0.248,1.0,0.998,0.978,0.908,189.5,11.0,0.1391564788469586
P12-034,general,v4,2,0.204,1.0,1.0,0.988,0.944,195.5,10.5,0.07328632460996842
P12-035,general,abrupt quit,0,1.0,0.06000000000000005,0.0020000000000000018,0.0,0.0,7.0,5.0,0.5502719839471122
P12-035,general,abrupt quit,1,0.986,0.656,0.28400000000000003,0.07199999999999995,0.020000000000000018,17.0,5.0,0.5685043097163982
P12-035,general,abrupt quit,2,1.0,0.07599999999999996,0.0020000000000000018,0.0,0.0,8.0,5.0,0.5567016906485356
P12-035,general,flat 12%,0,0.946,0.996,0.9319999999999999,0.612,0.22799999999999998,112.0,12.0,0.07903453773186309
P12-035,general,flat 12%,1,0.764,0.998,0.98,0.856,0.558,175.0,14.0,0.11106270041796396
P12-035,general,flat 12%,2,0.614,0.99,0.974,0.852,0.5740000000000001,165.0,13.0,0.10575834160865916
P12-035,general,v3,0,0.944,0.994,0.928,0.64,0.244,119.5,13.0,0.08509081709173394
P12-035,general,v3,1,0.764,0.998,0.98,0.856,0.5680000000000001,176.0,14.0,0.1077207433969839
P12-035,general,v3,2,0.608,0.99,0.972,0.858,0.5840000000000001,166.0,13.0,0.10279274636946345
P12-035,general,v4,0,0.93,0.996,0.922,0.638,0.274,122.0,13.0,0.07781829717822364
P12-035,general,v4,1,0.756,0.998,0.98,0.862,0.5780000000000001,176.0,13.0,0.08061353535265658
P12-035,general,v4,2,0.584,0.99,0.972,0.866,0.614,169.0,13.0,0.10382624273502539
P12-036,general,abrupt quit,0,0.486,0.972,0.896,0.704,0.552,71.0,7.0,0.3866886505579722
P12-036,general,abrupt quit,1,0.404,0.926,0.846,0.752,0.652,58.5,6.5,0.3279676753744365
P12-036,general,abrupt quit,2,0.62,0.848,0.6819999999999999,0.522,0.43799999999999994,29.0,6.0,0.3478669213627502
P12-036,general,flat 12%,0,0.162,1.0,0.998,0.994,0.944,195.0,12.0,0.1159462577840219
P12-036,general,flat 12%,1,0.136,1.0,0.998,0.996,0.962,200.0,10.0,0.07771671945364422
P12-036,general,flat 12%,2,0.228,1.0,0.998,0.982,0.912,188.0,11.0,0.11996771603914291
P12-036,general,v3,0,0.164,1.0,0.998,0.994,0.944,195.5,11.5,0.10698610067035685
P12-036,general,v3,1,0.136,1.0,0.998,0.996,0.962,200.0,10.0,0.07377128507557573
P12-036,general,v3,2,0.224,1.0,0.998,0.986,0.916,188.0,11.5,0.13451618493958462
P12-036,general,v4,0,0.16,1.0,0.998,0.994,0.946,195.5,11.5,0.10612848644194461
P12-036,general,v4,1,0.136,1.0,0.998,0.996,0.962,200.0,10.0,0.07309296071380555
P12-036,general,v4,2,0.226,1.0,0.996,0.982,0.914,188.0,11.0,0.20141330368515775
P12-037,general,abrupt quit,0,1.0,0.0,0.0,0.0,0.0,6.0,5.0,0.6126736420771075
P12-037,general,abrupt quit,1,1.0,0.122,0.0040000000000000036,0.0020000000000000018,0.0,8.0,5.0,0.5855493114704156
P12-037,general,abrupt quit,2,1.0,0.008000000000000007,0.0,0.0,0.0,7.0,5.0,0.5830647113962175
P12-037,general,flat 12%,0,0.974,0.996,0.944,0.524,0.10399999999999998,91.0,11.0,0.1004334157178437
P12-037,general,flat 12%,1,0.98,0.978,0.884,0.536,0.16000000000000003,95.0,12.0,0.0878982475520883
P12-037,general,flat 12%,2,1.0,0.852,0.54,0.03600000000000003,0.0,32.0,6.0,0.07794184614074295
P12-037,general,v3,0,0.96,0.99,0.9339999999999999,0.544,0.13,93.5,11.0,0.09505162760159747
P12-037,general,v3,1,0.98,0.974,0.884,0.5660000000000001,0.18799999999999994,97.0,12.0,0.0793470524855987
P12-037,general,v3,2,1.0,0.856,0.554,0.040000000000000036,0.0,32.0,7.0,0.07533398247166456
P12-037,general,v4,0,0.934,0.99,0.948,0.61,0.18999999999999995,106.0,13.0,0.08328484580940354
P12-037,general,v4,1,0.976,0.978,0.892,0.5840000000000001,0.20999999999999996,105.0,13.0,0.07659384267441638
P12-037,general,v4,2,1.0,0.86,0.5680000000000001,0.050000000000000044,0.0,33.0,7.0,0.07405365801799924
P12-038,general,abrupt quit,0,0.358,0.74,0.646,0.644,0.642,10.0,5.0,0.28885610607136014
P12-038,general,abrupt quit,1,0.998,0.242,0.040000000000000036,0.008000000000000007,0.0040000000000000036,10.0,5.0,0.3312225082929392
P12-038,general,abrupt quit,2,1.0,0.0,0.0,0.0,0.0,5.0,5.0,0.3012325557351717
P12-038,general,flat 12%,0,0.004,1.0,1.0,0.998,0.996,99.5,7.5,0.07289784572976421
P12-038,general,flat 12%,1,0.952,0.966,0.862,0.372,0.134,65.0,9.0,0.07285190589301638
P12-038,general,flat 12%,2,0.89,0.964,0.6719999999999999,0.14400000000000002,0.10999999999999999,36.0,7.0,0.0728383975510627
P12-038,general,v3,0,0.0,1.0,1.0,1.0,1.0,nan,nan,0.07282749353286777
P12-038,general,v3,1,0.942,0.964,0.842,0.378,0.15400000000000003,65.0,9.0,0.07286421849129976
P12-038,general,v3,2,0.852,0.942,0.712,0.18799999999999994,0.14800000000000002,39.0,7.0,0.07282775721336354
P12-038,general,v4,0,0.0,1.0,1.0,1.0,1.0,nan,nan,0.07283936503434629
P12-038,general,v4,1,0.928,0.962,0.8280000000000001,0.38,0.17400000000000004,61.0,9.0,0.07286350722978852
P12-038,general,v4,2,0.846,0.946,0.646,0.18799999999999994,0.15400000000000003,33.0,7.0,0.07282450524074136
P12-039,general,abrupt quit,0,1.0,0.25,0.018000000000000016,0.0,0.0,9.0,5.0,0.3917527277518612
P12-039,general,abrupt quit,1,0.98,0.34199999999999997,0.132,0.05600000000000005,0.03400000000000003,10.0,5.0,0.3974969974529581
P12-039,general,abrupt quit,2,0.562,0.904,0.772,0.612,0.506,41.0,6.0,0.35242602387772837
P12-039,general,flat 12%,0,1.0,0.904,0.648,0.15400000000000003,0.008000000000000007,42.0,8.0,0.1480306109095456
P12-039,general,flat 12%,1,0.628,0.996,0.958,0.848,0.648,172.5,13.0,0.18577979667012168
P12-039,general,flat 12%,2,0.182,1.0,0.998,0.986,0.938,191.0,10.0,0.13476463638688085
P12-039,general,v3,0,1.0,0.908,0.654,0.16800000000000004,0.010000000000000009,44.0,8.0,0.10591937606873059
P12-039,general,v3,1,0.604,0.996,0.964,0.874,0.6859999999999999,175.5,13.0,0.10101973884713178
P12-039,general,v3,2,0.182,1.0,0.998,0.986,0.938,191.0,10.0,0.11960312416998686
P12-039,general,v4,0,1.0,0.908,0.656,0.18000000000000005,0.010000000000000009,44.0,8.0,0.07875350356359545
P12-039,general,v4,1,0.598,0.994,0.958,0.882,0.698,178.0,13.0,0.07909579389332022
P12-039,general,v4,2,0.18,1.0,0.998,0.988,0.94,191.0,10.0,0.09589789912528868
P12-040,general,abrupt quit,0,0.95,0.47,0.13,0.06799999999999995,0.050000000000000044,13.0,5.0,0.5341618865660438
P12-040,general,abrupt quit,1,0.946,0.742,0.366,0.15600000000000003,0.08199999999999996,20.0,5.0,0.5263729256297123
P12-040,general,abrupt quit,2,1.0,0.006000000000000005,0.0,0.0,0.0,6.0,5.0,0.5266981074118959
P12-040,general,flat 12%,0,0.306,1.0,0.992,0.95,0.8160000000000001,173.0,12.0,0.08270502418695957
P12-040,general,flat 12%,1,0.542,1.0,0.99,0.912,0.75,184.0,14.0,0.07336425844824745
P12-040,general,flat 12%,2,1.0,0.956,0.838,0.17800000000000005,0.006000000000000005,53.0,8.0,0.0849040895630665
P12-040,general,v3,0,0.3,1.0,0.992,0.952,0.8220000000000001,174.0,11.0,0.07626226797843327
P12-040,general,v3,1,0.538,1.0,0.992,0.928,0.76,185.0,14.0,0.07293471756343661
P12-040,general,v3,2,1.0,0.958,0.848,0.18600000000000005,0.008000000000000007,53.0,8.0,0.09130447260214403
P12-040,general,v4,0,0.278,1.0,0.994,0.958,0.844,175.0,11.0,0.07379697982373568
P12-040,general,v4,1,0.53,1.0,0.992,0.9299999999999999,0.778,187.0,14.0,0.07286540924136786
P12-040,general,v4,2,1.0,0.956,0.856,0.244,0.016000000000000014,58.0,9.0,0.09030844161832619
P12-041,general,abrupt quit,0,1.0,0.14,0.008000000000000007,0.0,0.0,8.0,5.0,0.5791381093440513
P12-041,general,abrupt quit,1,1.0,0.16800000000000004,0.01200000000000001,0.0,0.0,9.0,5.0,0.5691722707769349
P12-041,general,abrupt quit,2,0.368,0.958,0.852,0.74,0.6699999999999999,42.0,6.0,0.5644712364147264
P12-041,general,flat 12%,0,0.948,0.994,0.928,0.606,0.19999999999999996,108.0,12.0,0.1407527458717832
P12-041,general,flat 12%,1,0.986,0.972,0.868,0.45399999999999996,0.09599999999999997,82.0,11.0,0.13006445522264476
P12-041,general,flat 12%,2,0.11,1.0,1.0,0.988,0.966,193.0,10.0,0.190835374542206
P12-041,general,v3,0,0.94,0.992,0.924,0.638,0.22999999999999998,119.0,13.0,0.08767280213812023
P12-041,general,v3,1,0.984,0.964,0.852,0.476,0.10799999999999998,84.0,11.0,0.087152373934407
P12-041,general,v3,2,0.108,1.0,1.0,0.99,0.968,193.5,10.0,0.0786364553725647
P12-041,general,v4,0,0.934,0.994,0.926,0.6759999999999999,0.272,131.0,13.0,0.0799984577391758
P12-041,general,v4,1,0.984,0.964,0.85,0.49,0.11599999999999999,86.5,11.0,0.08425844040667274
P12-041,general,v4,2,0.106,1.0,1.0,0.992,0.972,194.0,10.0,0.07414442114722519
P12-042,general,abrupt quit,0,0.608,0.944,0.858,0.6659999999999999,0.494,79.0,7.0,0.4049457182030989
P12-042,general,abrupt quit,1,1.0,0.644,0.29400000000000004,0.050000000000000044,0.0040000000000000036,18.0,5.0,0.405459175617369
P12-042,general,abrupt quit,2,0.15,0.968,0.918,0.892,0.868,25.0,5.0,0.42094317207195897
P12-042,general,flat 12%,0,0.276,1.0,0.994,0.986,0.9359999999999999,203.5,11.0,0.26736613387287567
P12-042,general,flat 12%,1,0.96,0.976,0.896,0.65,0.26,135.5,13.0,0.189166733824072
P12-042,general,flat 12%,2,0.038,1.0,1.0,1.0,0.986,205.0,8.0,0.28812843833916735
P12-042,general,v3,0,0.274,1.0,0.992,0.986,0.9359999999999999,204.0,11.0,0.09978373643014826
P12-042,general,v3,1,0.954,0.974,0.902,0.6739999999999999,0.28800000000000003,149.0,13.0,0.130033806204075
P12-042,general,v3,2,0.038,1.0,1.0,1.0,0.986,205.0,8.0,0.221778563880494
P12-042,general,v4,0,0.272,1.0,0.994,0.988,0.94,205.0,11.0,0.09179314197136379
P12-042,general,v4,1,0.954,0.974,0.902,0.6859999999999999,0.29800000000000004,157.0,14.0,0.09513713214198405
P12-042,general,v4,2,0.038,1.0,1.0,1.0,0.986,205.0,8.0,0.1734296754567618
P12-043,general,abrupt quit,0,0.008,0.996,0.994,0.994,0.992,19.0,5.0,0.3051989433992497
P12-043,general,abrupt quit,1,1.0,0.22999999999999998,0.028000000000000025,0.0,0.0,9.0,5.0,0.29511516521750547
P12-043,general,abrupt quit,2,0.994,0.774,0.488,0.118,0.018000000000000016,28.0,6.0,0.37970156708952907
P12-043,general,flat 12%,0,0.002,1.0,1.0,1.0,0.998,177.0,6.0,0.23625513731829761
P12-043,general,flat 12%,1,1.0,0.904,0.608,0.09599999999999997,0.0020000000000000018,37.0,7.0,0.13422323839778705
P12-043,general,flat 12%,2,0.88,0.996,0.962,0.802,0.43799999999999994,169.0,14.0,0.35909134691913513
P12-043,general,v3,0,0.002,1.0,1.0,1.0,0.998,177.0,6.0,0.19683330180161374
P12-043,general,v3,1,1.0,0.896,0.5920000000000001,0.09399999999999997,0.0040000000000000036,36.0,7.0,0.12633882088879678
P12-043,general,v3,2,0.876,0.992,0.96,0.81,0.44199999999999995,170.0,14.0,0.24451578833139298
P12-043,general,v4,0,0.002,1.0,1.0,1.0,0.998,177.0,6.0,0.186813365161966
P12-043,general,v4,1,1.0,0.914,0.594,0.12,0.0020000000000000018,36.0,7.0,0.0897949058265003
P12-043,general,v4,2,0.87,0.994,0.962,0.812,0.45799999999999996,171.0,14.0,0.1826459994998838
P12-044,general,abrupt quit,0,1.0,0.18000000000000005,0.006000000000000005,0.0,0.0,9.0,5.0,0.5021543764425912
P12-044,general,abrupt quit,1,1.0,0.0040000000000000036,0.0,0.0,0.0,6.0,5.0,0.5232265354100593
P12-044,general,abrupt quit,2,0.288,0.866,0.754,0.714,0.712,14.0,5.0,0.49547634781995487
P12-044,general,flat 12%,0,1.0,0.938,0.708,0.22999999999999998,0.018000000000000016,49.0,8.5,0.09263174142636532
P12-044,general,flat 12%,1,0.996,0.952,0.766,0.132,0.008000000000000007,50.0,8.0,0.07815215194924885
P12-044,general,flat 12%,2,0.002,1.0,1.0,1.0,1.0,192.0,10.0,0.07346496753220166
P12-044,general,v3,0,0.998,0.938,0.712,0.27,0.028000000000000025,50.0,9.0,0.10015198675220816
P12-044,general,v3,1,0.994,0.94,0.768,0.17200000000000004,0.016000000000000014,50.0,8.0,0.07522746363124866
P12-044,general,v3,2,0.002,1.0,1.0,1.0,1.0,192.0,10.0,0.07305071397775498
P12-044,general,v4,0,0.998,0.942,0.744,0.33199999999999996,0.04600000000000004,58.0,10.0,0.09710324241813595
P12-044,general,v4,1,0.99,0.946,0.806,0.258,0.03600000000000003,57.0,9.0,0.07322677912424047
P12-044,general,v4,2,0.0,1.0,1.0,1.0,1.0,nan,nan,0.07284414187485522
P12-045,general,abrupt quit,0,0.996,0.32599999999999996,0.08599999999999997,0.03200000000000003,0.006000000000000005,10.0,5.0,0.38221613927073983
P12-045,general,abrupt quit,1,1.0,0.008000000000000007,0.0,0.0,0.0,6.0,5.0,0.4069709124041462
P12-045,general,abrupt quit,2,1.0,0.0,0.0,0.0,0.0,5.0,5.0,0.4051430147556828
P12-045,general,flat 12%,0,0.814,0.984,0.95,0.782,0.488,170.0,14.0,0.0763127861110725
P12-045,general,flat 12%,1,0.956,0.978,0.92,0.46799999999999997,0.15600000000000003,78.0,11.0,0.08400763585330862
P12-045,general,flat 12%,2,1.0,0.848,0.518,0.04200000000000004,0.0,30.0,6.0,0.1025745219989097
P12-045,general,v3,0,0.802,0.984,0.952,0.798,0.512,172.0,14.0,0.07481693734399963
P12-045,general,v3,1,0.954,0.978,0.914,0.5,0.16400000000000003,83.0,11.0,0.08359768962814995
P12-045,general,v3,2,1.0,0.846,0.512,0.05600000000000005,0.0,30.0,7.0,0.10599542193739431
P12-045,general,v4,0,0.798,0.984,0.952,0.808,0.528,172.0,14.0,0.0740386140553616
P12-045,general,v4,1,0.948,0.978,0.912,0.516,0.18400000000000005,87.0,11.0,0.07725622043403335
P12-045,general,v4,2,1.0,0.848,0.514,0.06399999999999995,0.0,30.0,6.0,0.10100771260151598
P12-046,general,abrupt quit,0,0.014,1.0,0.994,0.992,0.99,89.0,6.0,0.3816566710776612
P12-046,general,abrupt quit,1,0.97,0.812,0.518,0.20199999999999996,0.07999999999999996,30.0,6.0,0.39222843212921654
P12-046,general,abrupt quit,2,0.99,0.762,0.45599999999999996,0.10999999999999999,0.026000000000000023,25.0,5.0,0.3939789717772201
P12-046,general,flat 12%,0,0.004,1.0,1.0,1.0,1.0,246.5,8.0,0.1539763996946416
P12-046,general,flat 12%,1,0.786,0.994,0.968,0.848,0.5820000000000001,177.0,14.0,0.12766746631540116
P12-046,general,flat 12%,2,0.836,0.982,0.938,0.796,0.532,173.0,14.0,0.16661507113208252
P12-046,general,v3,0,0.004,1.0,1.0,1.0,1.0,246.5,8.0,0.07324975834831371
P12-046,general,v3,1,0.782,0.994,0.966,0.848,0.5900000000000001,178.0,14.0,0.08399304882571579
P12-046,general,v3,2,0.834,0.982,0.94,0.798,0.532,173.0,14.0,0.13520478987823414
P12-046,general,v4,0,0.004,1.0,1.0,1.0,1.0,246.5,8.0,0.07356425523434196
P12-046,general,v4,1,0.778,0.994,0.966,0.858,0.598,179.0,14.0,0.08943320769229046
P12-046,general,v4,2,0.836,0.982,0.938,0.804,0.536,173.0,14.0,0.10482379252504792
P12-047,general,abrupt quit,0,1.0,0.17000000000000004,0.02400000000000002,0.0,0.0,8.0,5.0,0.3715136907763088
P12-047,general,abrupt quit,1,1.0,0.126,0.0040000000000000036,0.0,0.0,8.0,5.0,0.35454970376983963
P12-047,general,abrupt quit,2,1.0,0.42200000000000004,0.11599999999999999,0.0,0.0,12.0,5.0,0.29135914961651044
P12-047,general,flat 12%,0,1.0,0.872,0.508,0.04600000000000004,0.0,30.0,7.0,0.3891594457857317
P12-047,general,flat 12%,1,1.0,0.548,0.14800000000000002,0.0,0.0,15.0,5.0,0.5336544360158064
P12-047,general,flat 12%,2,0.998,0.914,0.6719999999999999,0.17000000000000004,0.008000000000000007,43.0,8.0,0.1259426400041821
P12-047,general,v3,0,1.0,0.852,0.508,0.04800000000000004,0.0,30.0,7.0,0.2490125817120299
P12-047,general,v3,1,1.0,0.542,0.14600000000000002,0.0,0.0,14.0,5.0,0.4270047193870916
P12-047,general,v3,2,0.998,0.914,0.6739999999999999,0.17800000000000005,0.01200000000000001,44.0,8.0,0.10407412689563966
P12-047,general,v4,0,1.0,0.86,0.508,0.06000000000000005,0.0,30.0,7.0,0.1338341626903573
P12-047,general,v4,1,1.0,0.55,0.15200000000000002,0.0,0.0,15.0,5.0,0.25682251413098744
P12-047,general,v4,2,0.998,0.914,0.6739999999999999,0.18600000000000005,0.01200000000000001,45.0,8.0,0.10762533909774863
P12-048,general,abrupt quit,0,0.948,0.75,0.484,0.19599999999999995,0.08799999999999997,26.0,5.0,0.37884883828956595
P12-048,general,abrupt quit,1,0.86,0.6619999999999999,0.4,0.20599999999999996,0.15000000000000002,17.0,5.0,0.3998797731533412
P12-048,general,abrupt quit,2,0.914,0.716,0.474,0.23199999999999998,0.134,23.0,5.0,0.34547677904647256
P12-048,general,flat 12%,0,0.676,0.988,0.97,0.882,0.632,174.0,14.0,0.11631297501223714
P12-048,general,flat 12%,1,0.29,0.996,0.994,0.964,0.872,183.0,12.0,0.11583340384176577
P12-048,general,flat 12%,2,0.592,0.996,0.978,0.89,0.6799999999999999,175.0,13.0,0.080581733132572
P12-048,general,v3,0,0.668,0.988,0.97,0.886,0.64,176.0,14.0,0.10161315440814878
P12-048,general,v3,1,0.29,0.996,0.994,0.962,0.872,183.0,12.0,0.0817643004519959
P12-048,general,v3,2,0.592,0.996,0.978,0.89,0.6819999999999999,175.0,13.0,0.0762578290767224
P12-048,general,v4,0,0.668,0.988,0.97,0.888,0.648,177.0,14.0,0.09825067758279016
P12-048,general,v4,1,0.278,0.996,0.994,0.966,0.884,186.0,12.0,0.1032016128523312
P12-048,general,v4,2,0.59,0.998,0.978,0.894,0.688,176.0,13.0,0.07811700682131018
P12-049,general,abrupt quit,0,0.996,0.606,0.28200000000000003,0.05800000000000005,0.016000000000000014,16.0,5.0,0.3905172477168589
P12-049,general,abrupt quit,1,1.0,0.030000000000000027,0.0020000000000000018,0.0,0.0,7.0,5.0,0.4139578398180134
P12-049,general,abrupt quit,2,0.878,0.742,0.508,0.29800000000000004,0.18600000000000005,25.0,5.0,0.40540756434411607
P12-049,general,flat 12%,0,0.86,0.982,0.952,0.78,0.41600000000000004,167.0,14.0,0.07299054785262815
P12-049,general,flat 12%,1,1.0,0.704,0.262,0.0020000000000000018,0.0,19.0,5.0,0.08323910951517488
P12-049,general,flat 12%,2,0.514,0.994,0.982,0.9299999999999999,0.78,185.0,13.0,0.07645128415937896
P12-049,general,v3,0,0.854,0.982,0.952,0.774,0.42800000000000005,167.0,14.0,0.07284093061375374
P12-049,general,v3,1,1.0,0.6819999999999999,0.248,0.0020000000000000018,0.0,19.0,5.0,0.07869767332522148
P12-049,general,v3,2,0.512,0.996,0.984,0.9319999999999999,0.782,185.5,13.0,0.0739449746439238
P12-049,general,v4,0,0.846,0.982,0.954,0.794,0.45399999999999996,169.0,14.0,0.07283948686214392
P12-049,general,v4,1,1.0,0.69,0.252,0.0020000000000000018,0.0,19.0,5.0,0.07385099550673335
P12-049,general,v4,2,0.508,0.994,0.982,0.9359999999999999,0.788,187.0,13.0,0.07335219746102284
P12-050,general,abrupt quit,0,1.0,0.28,0.05400000000000005,0.0,0.0,9.5,5.0,0.32625958380927744
P12-050,general,abrupt quit,1,1.0,0.628,0.242,0.04200000000000004,0.0,16.0,5.0,0.3217907923692287
P12-050,general,abrupt quit,2,1.0,0.014000000000000012,0.0,0.0,0.0,6.0,5.0,0.39144028518982943
P12-050,general,flat 12%,0,1.0,0.9339999999999999,0.74,0.18400000000000005,0.016000000000000014,47.0,8.0,0.08250952144199541
P12-050,general,flat 12%,1,0.972,0.99,0.894,0.63,0.22399999999999998,126.5,13.0,0.3069593137262596
P12-050,general,flat 12%,2,1.0,0.514,0.08999999999999997,0.0,0.0,14.0,5.0,0.29982075340529624
P12-050,general,v3,0,1.0,0.9299999999999999,0.73,0.18799999999999994,0.018000000000000016,48.0,8.0,0.09502020437347991
P12-050,general,v3,1,0.972,0.988,0.89,0.626,0.22599999999999998,126.5,13.0,0.16505727016055438
P12-050,general,v3,2,1.0,0.508,0.09799999999999998,0.0,0.0,14.0,5.0,0.26302033583438644
P12-050,general,v4,0,1.0,0.924,0.726,0.19999999999999996,0.018000000000000016,49.0,8.0,0.07882334561630411
P12-050,general,v4,1,0.968,0.988,0.898,0.642,0.25,138.0,13.0,0.1493237817421018
P12-050,general,v4,2,1.0,0.512,0.10199999999999998,0.0,0.0,14.0,5.0,0.21567653928264208
P12-051,general,abrupt quit,0,0.908,0.42800000000000005,0.18600000000000005,0.10799999999999998,0.09599999999999997,11.0,5.0,0.3484085674820142
P12-051,general,abrupt quit,1,0.85,0.554,0.28200000000000003,0.19799999999999995,0.16600000000000004,13.0,5.0,0.2822824233784271
P12-051,general,abrupt quit,2,0.336,0.72,0.6639999999999999,0.6639999999999999,0.6639999999999999,9.0,5.0,0.2809891036447514
P12-051,general,flat 12%,0,0.26,0.99,0.964,0.838,0.778,72.0,8.5,0.07476066639822676
P12-051,general,flat 12%,1,0.37,0.982,0.942,0.8160000000000001,0.722,90.0,9.0,0.07283419448831474
P12-051,general,flat 12%,2,0.0,1.0,1.0,1.0,1.0,nan,nan,0.0728433031102308
P12-051,general,v3,0,0.252,0.99,0.964,0.844,0.786,73.0,9.0,0.07436076257101487
P12-051,general,v3,1,0.348,0.982,0.944,0.8280000000000001,0.744,90.5,9.0,0.07283097662169868
P12-051,general,v3,2,0.0,1.0,1.0,1.0,1.0,nan,nan,0.07283609495906518
P12-051,general,v4,0,0.242,0.99,0.96,0.852,0.798,72.0,9.0,0.07408727576073837
P12-051,general,v4,1,0.33,0.982,0.942,0.838,0.764,92.0,9.0,0.0728260690878757
P12-051,general,v4,2,0.0,1.0,1.0,1.0,1.0,nan,nan,0.07282794003665982
P12-052,general,abrupt quit,0,0.952,0.21399999999999997,0.052000000000000046,0.04800000000000004,0.04800000000000004,9.0,5.0,0.3477090730408128
P12-052,general,abrupt quit,1,0.866,0.5,0.20799999999999996,0.15000000000000002,0.14,12.0,5.0,0.3293318237805781
P12-052,general,abrupt quit,2,0.898,0.37,0.134,0.10199999999999998,0.10199999999999998,11.0,5.0,0.30839966362850635
P12-052,general,flat 12%,0,0.024,1.0,1.0,0.978,0.978,62.0,6.5,0.07295605178927822
P12-052,general,flat 12%,1,0.31,0.994,0.964,0.8200000000000001,0.754,71.0,9.0,0.07288832470983464
P12-052,general,flat 12%,2,0.07,0.998,0.988,0.9359999999999999,0.9299999999999999,53.0,7.0,0.07283144246156215
P12-052,general,v3,0,0.022,1.0,1.0,0.98,0.98,66.0,7.0,0.07291259363364466
P12-052,general,v3,1,0.29,0.994,0.966,0.832,0.774,71.0,9.0,0.07288413954457174
P12-052,general,v3,2,0.056,0.998,0.99,0.948,0.944,49.5,6.5,0.07282758027271619
P12-052,general,v4,0,0.02,1.0,1.0,0.982,0.982,62.0,7.0,0.07283863050851336
P12-052,general,v4,1,0.268,0.992,0.964,0.848,0.8,70.0,9.5,0.07282215587165664
P12-052,general,v4,2,0.04,0.998,0.99,0.964,0.96,40.5,6.0,0.07282212032005242
P12-053,general,abrupt quit,0,1.0,0.0,0.0,0.0,0.0,5.0,5.0,0.41466000051105056
P12-053,general,abrupt quit,1,1.0,0.06599999999999995,0.01200000000000001,0.0020000000000000018,0.0,7.0,5.0,0.41028670292460634
P12-053,general,abrupt quit,2,1.0,0.29600000000000004,0.05800000000000005,0.0020000000000000018,0.0,10.0,5.0,0.4127574714935073
P12-053,general,flat 12%,0,1.0,0.534,0.07399999999999995,0.0,0.0,14.0,5.0,0.14708028407305285
P12-053,general,flat 12%,1,0.64,1.0,0.968,0.792,0.558,166.0,13.0,0.32053912564278686
P12-053,general,flat 12%,2,0.99,0.966,0.856,0.45399999999999996,0.124,77.0,11.0,0.14089346621789267
P12-053,general,v3,0,1.0,0.506,0.08399999999999996,0.0,0.0,14.0,5.0,0.08816714516829771
P12-053,general,v3,1,0.606,1.0,0.978,0.836,0.602,168.0,13.0,0.11652270174295964
P12-053,general,v3,2,0.988,0.964,0.852,0.482,0.128,81.5,11.0,0.09945388237901309
P12-053,general,v4,0,1.0,0.496,0.09199999999999997,0.0,0.0,13.0,5.0,0.08600790465947405
P12-053,general,v4,1,0.596,1.0,0.976,0.848,0.622,169.0,13.0,0.08887859287341626
P12-053,general,v4,2,0.988,0.964,0.848,0.486,0.13,82.5,11.0,0.10031867985654452
P12-054,general,abrupt quit,0,1.0,0.09199999999999997,0.0020000000000000018,0.0,0.0,8.0,5.0,0.3944377035432006
P12-054,general,abrupt quit,1,1.0,0.07799999999999996,0.0,0.0,0.0,8.0,5.0,0.39292485815560807
P12-054,general,abrupt quit,2,1.0,0.0,0.0,0.0,0.0,5.0,5.0,0.4103399473889817
P12-054,general,flat 12%,0,1.0,0.6659999999999999,0.17000000000000004,0.0020000000000000018,0.0,17.0,5.0,0.25205793164323664
P12-054,general,flat 12%,1,1.0,0.43400000000000005,0.07399999999999995,0.0,0.0,12.0,5.0,0.3869919929403898
P12-054,general,flat 12%,2,1.0,0.20799999999999996,0.006000000000000005,0.0,0.0,10.0,5.0,0.3232169872714101
P12-054,general,v3,0,1.0,0.656,0.17000000000000004,0.0020000000000000018,0.0,16.0,5.0,0.18177240088948987
P12-054,general,v3,1,1.0,0.42600000000000005,0.06799999999999995,0.0,0.0,12.0,5.0,0.2795835971088545
P12-054,general,v3,2,1.0,0.17600000000000005,0.0020000000000000018,0.0,0.0,10.0,5.0,0.23970293841898693
P12-054,general,v4,0,1.0,0.652,0.19199999999999995,0.0040000000000000036,0.0,16.0,5.0,0.1335304249485677
P12-054,general,v4,1,1.0,0.43999999999999995,0.06999999999999995,0.0,0.0,12.0,5.0,0.22769980780644727
P12-054,general,v4,2,1.0,0.18000000000000005,0.0020000000000000018,0.0,0.0,10.0,5.0,0.268776198471225
P12-055,general,abrupt quit,0,1.0,0.006000000000000005,0.0,0.0,0.0,6.0,5.0,0.37773753640969
P12-055,general,abrupt quit,1,1.0,0.14200000000000002,0.0040000000000000036,0.0,0.0,9.0,5.0,0.4214492699176339
P12-055,general,abrupt quit,2,1.0,0.008000000000000007,0.0,0.0,0.0,6.0,5.0,0.4109292627303299
P12-055,general,flat 12%,0,1.0,0.39,0.03200000000000003,0.0,0.0,12.0,5.0,0.07291030018627098
P12-055,general,flat 12%,1,0.994,0.94,0.738,0.17200000000000004,0.03600000000000003,47.0,8.0,0.07500236547033423
P12-055,general,flat 12%,2,0.84,0.964,0.77,0.22199999999999998,0.16400000000000003,41.0,7.0,0.07410563367626277
P12-055,general,v3,0,1.0,0.374,0.030000000000000027,0.0,0.0,11.0,5.0,0.07285682393763615
P12-055,general,v3,1,0.992,0.9339999999999999,0.712,0.19199999999999995,0.04200000000000004,45.5,8.0,0.07493788100116738
P12-055,general,v3,2,0.784,0.956,0.768,0.274,0.22399999999999998,42.0,8.0,0.07352749226445343
P12-055,general,v4,0,1.0,0.376,0.028000000000000025,0.0,0.0,11.0,5.0,0.07283598224700305
P12-055,general,v4,1,0.988,0.9359999999999999,0.708,0.19399999999999995,0.04800000000000004,44.0,8.0,0.07389200041163324
P12-055,general,v4,2,0.754,0.9359999999999999,0.744,0.30400000000000005,0.252,42.0,7.0,0.07333976719489
P12-056,general,abrupt quit,0,1.0,0.18999999999999995,0.016000000000000014,0.0,0.0,9.0,5.0,0.4136835121615119
P12-056,general,abrupt quit,1,1.0,0.41200000000000003,0.10999999999999999,0.0020000000000000018,0.0,12.0,5.0,0.4103515519120158
P12-056,general,abrupt quit,2,0.998,0.6819999999999999,0.32799999999999996,0.06799999999999995,0.006000000000000005,20.0,5.0,0.3632976396846084
P12-056,general,flat 12%,0,1.0,0.876,0.5920000000000001,0.10199999999999998,0.0040000000000000036,34.0,7.0,0.2138433673983885
P12-056,general,flat 12%,1,1.0,0.952,0.81,0.356,0.038000000000000034,67.5,10.0,0.21493109586715498
P12-056,general,flat 12%,2,0.916,0.984,0.948,0.742,0.38,164.0,14.0,0.1196263037935289
P12-056,general,v3,0,1.0,0.866,0.5900000000000001,0.11599999999999999,0.0040000000000000036,35.0,7.0,0.08991677829089906
P12-056,general,v3,1,1.0,0.948,0.804,0.358,0.03600000000000003,65.5,10.0,0.1416373077683074
P12-056,general,v3,2,0.914,0.984,0.948,0.736,0.38,164.0,14.0,0.10464133158644284
P12-056,general,v4,0,1.0,0.86,0.5720000000000001,0.128,0.006000000000000005,33.0,7.0,0.09031290145568494
P12-056,general,v4,1,1.0,0.948,0.802,0.358,0.03600000000000003,64.0,10.0,0.13390816358453672
P12-056,general,v4,2,0.914,0.986,0.956,0.752,0.39,165.0,14.0,0.0827922612160441
P12-057,general,abrupt quit,0,1.0,0.5720000000000001,0.16600000000000004,0.006000000000000005,0.0,15.0,5.0,0.4098702301201942
P12-057,general,abrupt quit,1,1.0,0.09999999999999998,0.006000000000000005,0.0,0.0,8.0,5.0,0.42629350537024213
P12-057,general,abrupt quit,2,1.0,0.6579999999999999,0.28,0.04200000000000004,0.0020000000000000018,18.0,5.0,0.4185720028695279
P12-057,general,flat 12%,0,0.994,0.958,0.838,0.42200000000000004,0.09799999999999998,73.0,10.0,0.09806568486867562
P12-057,general,flat 12%,1,1.0,0.764,0.29800000000000004,0.0040000000000000036,0.0,21.0,6.0,0.17046729616916256
P12-057,general,flat 12%,2,0.944,0.988,0.9339999999999999,0.718,0.33199999999999996,163.0,14.0,0.09513341956140375
P12-057,general,v3,0,0.996,0.958,0.83,0.406,0.08599999999999997,71.0,10.0,0.07606695343036074
P12-057,general,v3,1,1.0,0.75,0.30200000000000005,0.0040000000000000036,0.0,22.0,6.0,0.10301548566162355
P12-057,general,v3,2,0.942,0.988,0.9299999999999999,0.722,0.33599999999999997,164.0,14.0,0.08727202029416203
P12-057,general,v4,0,0.996,0.958,0.832,0.42000000000000004,0.09599999999999997,73.5,10.5,0.07417053239571214
P12-057,general,v4,1,1.0,0.754,0.30000000000000004,0.006000000000000005,0.0,21.0,6.0,0.10491246409584054
P12-057,general,v4,2,0.936,0.988,0.9299999999999999,0.73,0.348,165.0,14.0,0.08217822021238708
P12-058,general,abrupt quit,0,0.922,0.368,0.15000000000000002,0.08999999999999997,0.08199999999999996,10.0,5.0,0.28162614835291666
P12-058,general,abrupt quit,1,0.086,0.96,0.922,0.916,0.914,14.0,5.0,0.2779061360016898
P12-058,general,abrupt quit,2,0.524,0.886,0.712,0.5900000000000001,0.524,26.0,6.0,0.29175051671369445
P12-058,general,flat 12%,0,0.46,0.986,0.94,0.716,0.62,66.5,9.0,0.07285917613650406
P12-058,general,flat 12%,1,0.002,1.0,1.0,1.0,0.998,179.0,6.0,0.07289015712681968
P12-058,general,flat 12%,2,0.2,0.998,0.988,0.958,0.902,181.0,11.0,0.07535529597597124
P12-058,general,v3,0,0.428,0.982,0.9319999999999999,0.746,0.654,67.5,9.0,0.07292037707123145
P12-058,general,v3,1,0.002,1.0,1.0,1.0,0.998,179.0,6.0,0.07290810936763736
P12-058,general,v3,2,0.192,0.998,0.988,0.96,0.906,181.0,11.0,0.07322540527422106
P12-058,general,v4,0,0.398,0.98,0.926,0.752,0.6859999999999999,65.0,9.0,0.07286123177593862
P12-058,general,v4,1,0.002,1.0,1.0,1.0,0.998,179.0,6.0,0.07288098897183981
P12-058,general,v4,2,0.186,0.998,0.99,0.966,0.916,183.0,11.0,0.07290815650265492
P12-059,general,abrupt quit,0,1.0,0.026000000000000023,0.0,0.0,0.0,6.0,5.0,0.30712148938624584
P12-059,general,abrupt quit,1,0.264,0.956,0.896,0.804,0.762,46.5,6.0,0.3064452508220028
P12-059,general,abrupt quit,2,1.0,0.0020000000000000018,0.0,0.0,0.0,6.0,5.0,0.3122377683148053
P12-059,general,flat 12%,0,0.998,0.948,0.736,0.18200000000000005,0.01200000000000001,49.0,8.0,0.07545710987387921
P12-059,general,flat 12%,1,0.082,1.0,1.0,0.996,0.966,194.0,10.0,0.07375168706582358
P12-059,general,flat 12%,2,1.0,0.8160000000000001,0.396,0.014000000000000012,0.0,25.0,6.0,0.07617804861790267
P12-059,general,v3,0,0.996,0.942,0.752,0.22999999999999998,0.018000000000000016,55.0,9.0,0.07730200389827513
P12-059,general,v3,1,0.082,1.0,1.0,0.996,0.966,194.0,10.0,0.07295821906609812
P12-059,general,v3,2,1.0,0.796,0.41200000000000003,0.02200000000000002,0.0,25.0,6.0,0.07400703578306556
P12-059,general,v4,0,0.994,0.942,0.782,0.30200000000000005,0.028000000000000025,62.0,9.0,0.07549384561905625
P12-059,general,v4,1,0.082,1.0,1.0,0.996,0.966,194.0,10.0,0.07283757353865938
P12-059,general,v4,2,1.0,0.802,0.43799999999999994,0.03400000000000003,0.0020000000000000018,26.0,6.0,0.07334632182816347
