config,person,pk,front,relief_boost,pregap_cut,expected_risk,relapsed,mean_excess,budget_used
0,0,True,0.0,1.0,1.0,0.062377531796161345,0,-0.07918034483562247,0.9239155067983374
0,1,True,0.0,1.0,1.0,0.06305262931527744,0,0.006843105638216263,0.9517714269406994
0,2,True,0.0,1.0,1.0,0.06225178994633762,0,-0.15414878888214362,0.9002302873981244
0,3,True,0.0,1.0,1.0,0.06640598971438427,0,-0.02173850873924814,0.9747523773067305
0,4,True,0.0,1.0,1.0,0.06157265970662007,0,-0.02712866961411045,0.9640252585101465
0,5,True,0.0,1.0,1.0,0.10548848263566935,1,-0.03505943687223268,0.9512820124547289
0,6,True,0.0,1.0,1.0,0.10705719232645983,0,-0.007859701771208141,0.9668835882249581
0,7,True,0.0,1.0,1.0,0.14975102200687274,0,-0.09896663250565062,0.8865235028073193
0,8,True,0.0,1.0,1.0,0.14129616338141016,0,-0.0454259518399186,0.9539805106462175
0,9,True,0.0,1.0,1.0,0.06197741310512206,0,-0.07411269358803171,0.9484060490932434
0,10,True,0.0,1.0,1.0,0.06115293748049677,0,-0.20211928115617683,0.8774952630308893
0,11,True,0.0,1.0,1.0,0.09395438153053814,0,-0.07817271859278901,0.9453083787996819
0,12,True,0.0,1.0,1.0,0.06206838057948583,0,-0.19052654736859187,0.8952840601462221
0,13,True,0.0,1.0,1.0,0.34246988017687785,1,-0.03435079899657749,0.9239328857587269
0,14,True,0.0,1.0,1.0,0.06797386049405962,0,-0.03331692966397513,0.9785593223530809
0,15,True,0.0,1.0,1.0,0.06422646186787284,0,-0.08031739078419513,0.8946673562674091
0,16,True,0.0,1.0,1.0,0.07672526522370227,0,-0.09350365552113879,0.9123360323410279
0,17,True,0.0,1.0,1.0,0.06296908343483709,0,-0.10994768464138537,0.9524782201014503
0,18,True,0.0,1.0,1.0,0.06240457692663115,0,-0.13077805842929677,0.8988462646560968
0,19,True,0.0,1.0,1.0,0.06108457677145018,1,-0.17115291029420363,0.9086588985089974
0,20,True,0.0,1.0,1.0,0.14512986013098783,0,-0.05300595029454534,0.9425918557952957
0,21,True,0.0,1.0,1.0,0.06915074785413688,1,-0.09915687263860547,0.8955115993376735
0,22,True,0.0,1.0,1.0,0.061557314463575485,0,-0.02574827550882629,0.9494613058951137
0,23,True,0.0,1.0,1.0,0.2959899368100807,0,-0.05182175171670884,0.9341281040381034
0,24,True,0.0,1.0,1.0,0.07220537379374992,0,-0.16886902762383024,0.9019180096217472
0,25,True,0.0,1.0,1.0,0.06308304603106452,0,-0.18710352953597675,0.9308806246641381
0,26,True,0.0,1.0,1.0,0.07951418000520061,0,-0.04184897711520668,0.9759505211989526
0,27,True,0.0,1.0,1.0,0.062192031518905844,0,-0.04306025084789778,0.9320576359557255
0,28,True,0.0,1.0,1.0,0.09914834120244476,0,-0.21273303816148129,0.8809967748926436
0,29,True,0.0,1.0,1.0,0.08922092916165647,0,-0.055068410376267155,0.9494458891156665
0,30,True,0.0,1.0,1.0,0.13006767452656287,1,-0.12950057152987288,0.8719386301733817
0,31,True,0.0,1.0,1.0,0.17756343293263321,0,-0.0832898959130738,0.8960395718912816
0,32,True,0.0,1.0,1.0,0.06580855347872272,0,-0.04185239440398193,0.9541009038014555
0,33,True,0.0,1.0,1.0,0.06151871644847107,0,-0.21087697923004678,0.9214180045718287
0,34,True,0.0,1.0,1.0,0.06678835881933909,0,-0.05667984264643333,0.9784352770773422
0,35,True,0.0,1.0,1.0,0.06142209408646504,0,-0.040989126599450386,0.9840282524689888
0,36,True,0.0,1.0,1.0,0.09741570954400791,0,-0.0709594150908352,0.9596670829018957
0,37,True,0.0,1.0,1.0,0.08782536581213196,0,-0.056301991664205214,0.9791819215994627
0,38,True,0.0,1.0,1.0,0.06130202500703841,0,-0.12231793406441754,0.9193284595671226
0,39,True,0.0,1.0,1.0,0.0888953140201465,0,-0.0744676114059275,0.97434398392404
1,0,True,0.0,1.0,0.7,0.06185341079908724,0,-0.08318429460352346,0.9210663614202861
1,1,True,0.0,1.0,0.7,0.06262095790104516,0,-0.000820974688808585,0.9448532108669604
1,2,True,0.0,1.0,0.7,0.06157622644170879,0,-0.15238772437831227,0.8949192332812922
1,3,True,0.0,1.0,0.7,0.06334775813025029,0,-0.023197825018639994,0.9655268679334893
1,4,True,0.0,1.0,0.7,0.06134574693884243,0,-0.031830537384066215,0.9563425333229361
1,5,True,0.0,1.0,0.7,0.10223039891337093,0,-0.038897517064416416,0.9441329664043767
1,6,True,0.0,1.0,0.7,0.1019487831445215,0,-0.011438260335873111,0.9608947356906622
1,7,True,0.0,1.0,0.7,0.15672233354685372,0,-0.09708912065465317,0.8828644549838077
1,8,True,0.0,1.0,0.7,0.13788665497445585,0,-0.04990689846021215,0.9459857159776998
1,9,True,0.0,1.0,0.7,0.06167283925296885,0,-0.07924321091064529,0.941326442251529
1,10,True,0.0,1.0,0.7,0.06115884572712582,0,-0.20215764072357884,0.8728059686031537
1,11,True,0.0,1.0,0.7,0.08989533889891288,0,-0.07971246086796205,0.9373526645254101
1,12,True,0.0,1.0,0.7,0.061833875110958614,0,-0.18880437321356547,0.8964699370847643
1,13,True,0.0,1.0,0.7,0.32437825874260917,1,-0.0382399516451591,0.9064240295175253
1,14,True,0.0,1.0,0.7,0.06876360174324636,0,-0.03331802074418501,0.973891295747363
1,15,True,0.0,1.0,0.7,0.06386609503803253,0,-0.0854403101527969,0.8974552777583402
1,16,True,0.0,1.0,0.7,0.0776579721887618,0,-0.09583349759431646,0.9000959622951633
1,17,True,0.0,1.0,0.7,0.06269843409196296,0,-0.11736261498300195,0.9443139343804571
1,18,True,0.0,1.0,0.7,0.06172571578997321,0,-0.13687570720626263,0.8947596424707291
1,19,True,0.0,1.0,0.7,0.06108698297372783,0,-0.17403269283705586,0.9019176189596787
1,20,True,0.0,1.0,0.7,0.14055069863931158,0,-0.055015621052437895,0.9288077746022623
1,21,True,0.0,1.0,0.7,0.06929454217017639,0,-0.10435731494550213,0.8898174863247321
1,22,True,0.0,1.0,0.7,0.06153352472085316,0,-0.03007336929034958,0.9458417397236698
1,23,True,0.0,1.0,0.7,0.32164411762501666,1,-0.05364303512087746,0.9286612048449494
1,24,True,0.0,1.0,0.7,0.06985707229535276,0,-0.1719594395084734,0.8888448058781646
1,25,True,0.0,1.0,0.7,0.06263511721672466,0,-0.19097335758974968,0.9227887268852732
1,26,True,0.0,1.0,0.7,0.07556213969217507,0,-0.04874545258128108,0.9671453943727445
1,27,True,0.0,1.0,0.7,0.06194652276009949,0,-0.04732286755673222,0.9282073050421822
1,28,True,0.0,1.0,0.7,0.0981150650747925,0,-0.21452754544408525,0.8710845618873598
1,29,True,0.0,1.0,0.7,0.07290351683237728,0,-0.06307899162270203,0.9390983873252167
1,30,True,0.0,1.0,0.7,0.11953132015332779,1,-0.13685465199389943,0.8688253873388201
1,31,True,0.0,1.0,0.7,0.18859717938977805,0,-0.08104249262603863,0.8941317013956773
1,32,True,0.0,1.0,0.7,0.06486139804047375,0,-0.04685284581048824,0.9453964294969167
1,33,True,0.0,1.0,0.7,0.06158479043861409,0,-0.2119334677111813,0.9221293697833508
1,34,True,0.0,1.0,0.7,0.0644791303740786,0,-0.06080115663308503,0.9709860153711869
1,35,True,0.0,1.0,0.7,0.061458681967923146,0,-0.04064077008421312,0.9773438213184413
1,36,True,0.0,1.0,0.7,0.0933731062599632,0,-0.0747050044974729,0.9527469145981442
1,37,True,0.0,1.0,0.7,0.08766747818334242,0,-0.0602526144556747,0.9714206669091738
1,38,True,0.0,1.0,0.7,0.06126127513585422,0,-0.127481170089695,0.907031325125433
1,39,True,0.0,1.0,0.7,0.0888842987623677,0,-0.07563235328588278,0.966148142722336
2,0,True,0.0,1.0,0.5,0.06164690931868888,0,-0.0907789457317653,0.905661710579016
2,1,True,0.0,1.0,0.5,0.06190991965342629,0,-0.003293447105604344,0.9312484929621381
2,2,True,0.0,1.0,0.5,0.06116492837997134,0,-0.16664808010882487,0.8864806788305639
2,3,True,0.0,1.0,0.5,0.06419977198080129,0,-0.02784935868698667,0.9577725734535982
2,4,True,0.0,1.0,0.5,0.06127090392313461,0,-0.035355937922353885,0.949263145701022
2,5,True,0.0,1.0,0.5,0.10164541906515867,0,-0.04206881111655419,0.9292653397659406
2,6,True,0.0,1.0,0.5,0.10241997234855726,0,-0.01225943862153314,0.9503973527904072
2,7,True,0.0,1.0,0.5,0.14356758073607467,0,-0.10653780243915906,0.8639239193207129
2,8,True,0.0,1.0,0.5,0.13658772235942462,0,-0.052516536952099804,0.936604978337454
2,9,True,0.0,1.0,0.5,0.06153498869291241,0,-0.08333570522805894,0.9308376285241992
2,10,True,0.0,1.0,0.5,0.061154968831534595,0,-0.20490224810355442,0.858512018189321
2,11,True,0.0,1.0,0.5,0.08922202714378846,0,-0.07854096567167562,0.9279083625148755
2,12,True,0.0,1.0,0.5,0.06162883506220196,0,-0.19308806719226887,0.8840528352883359
2,13,True,0.0,1.0,0.5,0.3382839320101444,1,-0.03890780253211422,0.8960461019964687
2,14,True,0.0,1.0,0.5,0.06761551315645431,0,-0.03404848580118375,0.9661954723646685
2,15,True,0.0,1.0,0.5,0.06362204089713519,0,-0.08702223526689035,0.8883919581153339
2,16,True,0.0,1.0,0.5,0.07581144765434966,0,-0.10011621305441698,0.8894326244198946
2,17,True,0.0,1.0,0.5,0.0625858871642746,0,-0.12006643481446169,0.9327834777031543
2,18,True,0.0,1.0,0.5,0.06146639845205171,0,-0.14139253745770547,0.8846665327598484
2,19,True,0.0,1.0,0.5,0.061079221501906034,0,-0.17666878990477897,0.8914021472419519
2,20,True,0.0,1.0,0.5,0.13162405009581102,0,-0.05629948240169291,0.9166684143040613
2,21,True,0.0,1.0,0.5,0.0695195791885711,0,-0.10207666587757447,0.8806668934419098
2,22,True,0.0,1.0,0.5,0.0615603629420991,0,-0.03104935589893311,0.9360466850885584
2,23,True,0.0,1.0,0.5,0.2734725265003596,0,-0.056138267613798594,0.9196769124551557
2,24,True,0.0,1.0,0.5,0.06890512093564205,0,-0.17377292170446956,0.8785412865996729
2,25,True,0.0,1.0,0.5,0.06253920981716354,0,-0.19279528615279282,0.9129412835319006
2,26,True,0.0,1.0,0.5,0.07468106384192119,0,-0.05395827192091293,0.9578546057416465
2,27,True,0.0,1.0,0.5,0.06172166292858827,0,-0.04779012447329081,0.9139604754594443
2,28,True,0.0,1.0,0.5,0.0974296525305881,0,-0.21586142726590252,0.8622191709372828
2,29,True,0.0,1.0,0.5,0.06947094367999374,0,-0.06563589386731195,0.9306928572880782
2,30,True,0.0,1.0,0.5,0.10919708861276534,1,-0.14146472840439991,0.8595404446235277
2,31,True,0.0,1.0,0.5,0.15564411153153912,0,-0.08452001860635752,0.8874340144016916
2,32,True,0.0,1.0,0.5,0.06454847937875308,0,-0.05025780414253352,0.9344906887678047
2,33,True,0.0,1.0,0.5,0.061534980794386795,0,-0.21427477215399998,0.9031596375689982
2,34,True,0.0,1.0,0.5,0.06273423293870461,0,-0.0660200630560697,0.9622039165452059
2,35,True,0.0,1.0,0.5,0.06144321103473527,0,-0.04169841111684515,0.9675894249333477
2,36,True,0.0,1.0,0.5,0.09090824367446182,0,-0.07924593914219566,0.9413118848663574
2,37,True,0.0,1.0,0.5,0.08772776945432481,0,-0.06118600416768546,0.9611992602293254
2,38,True,0.0,1.0,0.5,0.0612422149918449,0,-0.12976014970368818,0.8966145297047693
2,39,True,0.0,1.0,0.5,0.08888617077080241,0,-0.07623688614884849,0.953629626219732
3,0,True,0.0,1.5,1.0,0.06225215554186869,0,-0.08087809502034773,0.9246752056807984
3,1,True,0.0,1.5,1.0,0.06337463299597279,0,0.004870737816464109,0.9472588822273765
3,2,True,0.0,1.5,1.0,0.06293569244862451,0,-0.15581440076338204,0.8933565812869051
3,3,True,0.0,1.5,1.0,0.06577657940331705,0,-0.021120606473879845,0.9709693668437149
3,4,True,0.0,1.5,1.0,0.061629215319930264,0,-0.025903807876255958,0.9631836553559073
3,5,True,0.0,1.5,1.0,0.10134107614952204,0,-0.03574766769851887,0.9445069396145523
3,6,True,0.0,1.5,1.0,0.10855902682039331,0,-0.00815180397849347,0.9649262642923643
3,7,True,0.0,1.5,1.0,0.15858774477826854,0,-0.09691168447491709,0.883059457852305
3,8,True,0.0,1.5,1.0,0.14138945384025725,0,-0.045465236489769606,0.9522710655904432
3,9,True,0.0,1.5,1.0,0.06195805654492548,0,-0.07494518074800072,0.9457783754099383
3,10,True,0.0,1.5,1.0,0.061157153232727524,0,-0.20357918179033058,0.8757277939215986
3,11,True,0.0,1.5,1.0,0.10076522495878748,0,-0.07855525741106521,0.940192367587954
3,12,True,0.0,1.5,1.0,0.06207865087122022,0,-0.19172019310971974,0.8888507709579596
3,13,True,0.0,1.5,1.0,0.36028461565616554,1,-0.03702688422686242,0.9151665656129194
3,14,True,0.0,1.5,1.0,0.07068379951739323,1,-0.032465520519593394,0.9801285817263315
3,15,True,0.0,1.5,1.0,0.06435626079685486,0,-0.0846007773124578,0.8885633928718799
3,16,True,0.0,1.5,1.0,0.06862570533918377,0,-0.09651315677320013,0.8968818974728704
3,17,True,0.0,1.5,1.0,0.06313561203004359,0,-0.1098182946397771,0.9499353711449996
3,18,True,0.0,1.5,1.0,0.062354080561912606,0,-0.1357000593628349,0.8961292280942544
3,19,True,0.0,1.5,1.0,0.06108274846320938,1,-0.17301679535725414,0.902245387553864
3,20,True,0.0,1.5,1.0,0.13286170533723196,0,-0.05449910817005167,0.9342078996789164
3,21,True,0.0,1.5,1.0,0.06174406387969822,0,-0.1054822217161644,0.8857018583350788
3,22,True,0.0,1.5,1.0,0.061622654625998474,0,-0.026408471670987244,0.9514608313288994
3,23,True,0.0,1.5,1.0,0.28465718889657243,0,-0.05355179136043757,0.9297054397552134
3,24,True,0.0,1.5,1.0,0.07199550845380465,0,-0.1701904982268522,0.8979923999869324
3,25,True,0.0,1.5,1.0,0.06314096521385737,0,-0.18759660610467896,0.9320469028085919
3,26,True,0.0,1.5,1.0,0.07802931359007181,0,-0.04325813513738183,0.9746694835805072
3,27,True,0.0,1.5,1.0,0.06239980155210367,0,-0.04560392338390488,0.9187466923590869
3,28,True,0.0,1.5,1.0,0.09796480349530601,0,-0.2154227290433812,0.8735992901120476
3,29,True,0.0,1.5,1.0,0.08877959964730342,0,-0.05803161260945112,0.9450304434679013
3,30,True,0.0,1.5,1.0,0.10451134939611273,0,-0.13635799064619997,0.8982038406853776
3,31,True,0.0,1.5,1.0,0.17043339767611587,0,-0.08692238865135253,0.8949447765280175
3,32,True,0.0,1.5,1.0,0.0661233510343332,0,-0.04237919015447563,0.9508592574814513
3,33,True,0.0,1.5,1.0,0.061498583465512735,0,-0.21068565622696328,0.9286466186467855
3,34,True,0.0,1.5,1.0,0.06814717508514834,0,-0.05426652196409386,0.9775460868875313
3,35,True,0.0,1.5,1.0,0.06132398192801025,0,-0.04126519687822124,0.9807797714298729
3,36,True,0.0,1.5,1.0,0.1007654641876724,0,-0.07051850744861478,0.9547183393589762
3,37,True,0.0,1.5,1.0,0.08819241511129805,0,-0.05613257504596049,0.9770907011882876
3,38,True,0.0,1.5,1.0,0.06133733371163297,0,-0.12381431477772807,0.9136389047702862
3,39,True,0.0,1.5,1.0,0.0889032020303564,0,-0.07453448584486319,0.9723820456622269
4,0,True,0.0,1.5,0.7,0.06194619019590941,0,-0.0860417990734695,0.9141680927422091
4,1,True,0.0,1.5,0.7,0.06326439177218546,0,0.00032097891722124,0.9414454394564975
4,2,True,0.0,1.5,0.7,0.06528793591122117,0,-0.15919853223641764,0.8924058110816182
4,3,True,0.0,1.5,0.7,0.06502306175460837,0,-0.025183367857118933,0.9646227935095301
4,4,True,0.0,1.5,0.7,0.06140194508301666,0,-0.030259886333149584,0.9549520532374144
4,5,True,0.0,1.5,0.7,0.10053950384803856,0,-0.04001548373706383,0.9273113138558158
4,6,True,0.0,1.5,0.7,0.10279314564779385,0,-0.01138092785135578,0.9599182007936591
4,7,True,0.0,1.5,0.7,0.1503875967617646,0,-0.10043988499783635,0.8765585797176848
4,8,True,0.0,1.5,0.7,0.13844742029705936,0,-0.04887578811534889,0.9437714515596063
4,9,True,0.0,1.5,0.7,0.06175410146399429,0,-0.07960875291416357,0.9377304842577677
4,10,True,0.0,1.5,0.7,0.06115017668518874,0,-0.2051265072349359,0.8618233823995733
4,11,True,0.0,1.5,0.7,0.09255075227609832,0,-0.08070254423115931,0.9344802771219076
4,12,True,0.0,1.5,0.7,0.061622868073912596,0,-0.1920676139521492,0.8908989932821789
4,13,True,0.0,1.5,0.7,0.27844181038662363,1,-0.046878731994388745,0.9058960834919197
4,14,True,0.0,1.5,0.7,0.06950208033098693,0,-0.03260006828071524,0.9729275063661942
4,15,True,0.0,1.5,0.7,0.06398814801036301,0,-0.08716746071011713,0.8905842765676381
4,16,True,0.0,1.5,0.7,0.07154615569684464,0,-0.10002492271351708,0.9063044792450814
4,17,True,0.0,1.5,0.7,0.06280611925802626,0,-0.11680581689922442,0.9409699934147308
4,18,True,0.0,1.5,0.7,0.06170889242395472,0,-0.14238000895921082,0.8867972837827851
4,19,True,0.0,1.5,0.7,0.06108678504093712,0,-0.17412723346193876,0.8979257865056588
4,20,True,0.0,1.5,0.7,0.11763739265168172,0,-0.058281647958810655,0.921459483677956
4,21,True,0.0,1.5,0.7,0.06181799891178208,1,-0.10094738057936876,0.8903699260428335
4,22,True,0.0,1.5,0.7,0.061573162402440595,0,-0.030425137008778167,0.9406071448742828
4,23,True,0.0,1.5,0.7,0.2841909768711942,0,-0.05663488977685308,0.9230215673613598
4,24,True,0.0,1.5,0.7,0.06988121485529875,0,-0.17317193224278957,0.8832509632400775
4,25,True,0.0,1.5,0.7,0.0627197629908336,0,-0.19068981586575967,0.9200597721030686
4,26,True,0.0,1.5,0.7,0.07754574238873446,0,-0.049232318006686815,0.9671061494847005
4,27,True,0.0,1.5,0.7,0.06160008131516759,0,-0.049260186892794655,0.9144807604075793
4,28,True,0.0,1.5,0.7,0.09736056589455999,0,-0.21702184697970459,0.8686108524376853
4,29,True,0.0,1.5,0.7,0.07894216332677828,0,-0.06191885368143378,0.934423642225342
4,30,True,0.0,1.5,0.7,0.0968421125553125,0,-0.1412098285153929,0.8669610094225435
4,31,True,0.0,1.5,0.7,0.14452311315066135,0,-0.08923542848988027,0.9005668039733477
4,32,True,0.0,1.5,0.7,0.06513514558581646,0,-0.047087880847835474,0.9412051847784619
4,33,True,0.0,1.5,0.7,0.061554592880126435,0,-0.21322815453762553,0.9212054937820889
4,34,True,0.0,1.5,0.7,0.06522401159247393,0,-0.059504821464885775,0.9691119019495152
4,35,True,0.0,1.5,0.7,0.06131756244492137,0,-0.04155292029222395,0.9739988199549514
4,36,True,0.0,1.5,0.7,0.09524926320521554,0,-0.07499226635546201,0.9469500857315447
4,37,True,0.0,1.5,0.7,0.08798063208505291,0,-0.05854819478053729,0.9711362331291538
4,38,True,0.0,1.5,0.7,0.06129436459857007,0,-0.1280843559558174,0.8985602166631883
4,39,True,0.0,1.5,0.7,0.08888863673160818,0,-0.0762333727827162,0.9640436069810502
5,0,True,0.0,1.5,0.5,0.061667202787817677,1,-0.09095789839666847,0.9021747826191209
5,1,True,0.0,1.5,0.5,0.062304356477354994,0,-0.003334625156837407,0.9267216707411726
5,2,True,0.0,1.5,0.5,0.061435169191293215,0,-0.16948004760332167,0.8745193431541401
5,3,True,0.0,1.5,0.5,0.06289283353964137,0,-0.027582571641161915,0.9528211027237483
5,4,True,0.0,1.5,0.5,0.06130906383264112,0,-0.03416762076655105,0.9474286406971789
5,5,True,0.0,1.5,0.5,0.10000091098158359,0,-0.04019659399613133,0.9188009170951106
5,6,True,0.0,1.5,0.5,0.09936372000518012,0,-0.012911385039648967,0.9486290229076608
5,7,True,0.0,1.5,0.5,0.1456638964399456,0,-0.10318142118838848,0.8637168948524855
5,8,True,0.0,1.5,0.5,0.13718388717869645,0,-0.051902713417778176,0.9348676554127984
5,9,True,0.0,1.5,0.5,0.06158820972070522,0,-0.08357862510788855,0.9256642586350706
5,10,True,0.0,1.5,0.5,0.06115095798307524,0,-0.20493997082837803,0.8556095020203002
5,11,True,0.0,1.5,0.5,0.08823422333172504,0,-0.08108631443013845,0.9269804472851376
5,12,True,0.0,1.5,0.5,0.06148263975629942,0,-0.19599426719209742,0.8764796474114336
5,13,True,0.0,1.5,0.5,0.26912959222207844,1,-0.049540965475358,0.9041699258945931
5,14,True,0.0,1.5,0.5,0.06843930247426944,0,-0.03386676193540811,0.9631422508811257
5,15,True,0.0,1.5,0.5,0.06367947241762728,0,-0.09202253891261654,0.8828865645728046
5,16,True,0.0,1.5,0.5,0.07663104524731845,0,-0.10250458062543112,0.8825939711741538
5,17,True,0.0,1.5,0.5,0.06266192591007724,0,-0.11923642972401262,0.9285659753575733
5,18,True,0.0,1.5,0.5,0.061470399006335885,0,-0.1450754094881184,0.8733773375584373
5,19,True,0.0,1.5,0.5,0.06108508557242287,0,-0.17547892017325914,0.8886974534286581
5,20,True,0.0,1.5,0.5,0.1262813934349234,0,-0.058866074776727846,0.9125422598917746
5,21,True,0.0,1.5,0.5,0.061632127512741164,0,-0.10315579859936926,0.8813569736072033
5,22,True,0.0,1.5,0.5,0.06161836436305013,0,-0.03029083019928088,0.9266148562768386
5,23,True,0.0,1.5,0.5,0.2770944163978605,1,-0.056245742981907224,0.9112660698471505
5,24,True,0.0,1.5,0.5,0.06890942281381296,0,-0.1749259665395755,0.8717347451647866
5,25,True,0.0,1.5,0.5,0.06254835156822713,0,-0.19218512725772668,0.9107238052049683
5,26,True,0.0,1.5,0.5,0.07640327794016566,0,-0.05100582727778961,0.9547039909715731
5,27,True,0.0,1.5,0.5,0.061360023497492366,0,-0.05176631578818951,0.8966521825863301
5,28,True,0.0,1.5,0.5,0.09693991744062713,0,-0.218342421422755,0.857904645298457
5,29,True,0.0,1.5,0.5,0.070577600481877,0,-0.0661139483372546,0.9245939773439692
5,30,True,0.0,1.5,0.5,0.09699588051447472,0,-0.14316782357596036,0.8525309458327016
5,31,True,0.0,1.5,0.5,0.15538413000341778,0,-0.08612036311955124,0.8773026912695345
5,32,True,0.0,1.5,0.5,0.06479804464204963,0,-0.05039415744454904,0.9293811292365459
5,33,True,0.0,1.5,0.5,0.06152456934258277,0,-0.21556364370831974,0.905566442829295
5,34,True,0.0,1.5,0.5,0.06311015047243695,0,-0.06354629368732709,0.9607034533765919
5,35,True,0.0,1.5,0.5,0.061306615617388704,1,-0.041949719486311994,0.9670004243624393
5,36,True,0.0,1.5,0.5,0.09310066192697464,0,-0.07746790261323984,0.9332588583889823
5,37,True,0.0,1.5,0.5,0.08810785373124452,0,-0.06010279123632439,0.9585525000861755
5,38,True,0.0,1.5,0.5,0.061272282050588545,0,-0.13261701416604374,0.8839352390578687
5,39,True,0.0,1.5,0.5,0.0888940671276266,0,-0.07686982961102422,0.9509421142016483
6,0,True,0.0,2.0,1.0,0.06229223157816677,0,-0.0826542001434141,0.9211191169708385
6,1,True,0.0,2.0,1.0,0.06292374550340607,0,0.007140822555121104,0.9454273675610597
6,2,True,0.0,2.0,1.0,0.06243524444998294,0,-0.15688036301366454,0.8945479825339097
6,3,True,0.0,2.0,1.0,0.07573572572690157,0,-0.01714680564304049,0.9691425942704693
6,4,True,0.0,2.0,1.0,0.06163907962750104,0,-0.026740563440974755,0.964639906553432
6,5,True,0.0,2.0,1.0,0.10303903594746855,0,-0.037687507175044,0.9335206617763494
6,6,True,0.0,2.0,1.0,0.11506418819380326,0,-0.006076105518998865,0.9659875573264946
6,7,True,0.0,2.0,1.0,0.13882644700872826,0,-0.10014532723911529,0.8618809930026414
6,8,True,0.0,2.0,1.0,0.14188170310308534,0,-0.04645421995775253,0.9508602873132708
6,9,True,0.0,2.0,1.0,0.0625815180641549,0,-0.07240877849279556,0.9410481696091527
6,10,True,0.0,2.0,1.0,0.06115414210418968,0,-0.20424777397824206,0.8714839940860546
6,11,True,0.0,2.0,1.0,0.09310929353983444,0,-0.07999880834383391,0.9355764617790034
6,12,True,0.0,2.0,1.0,0.06202212145027264,0,-0.1959804904013504,0.8821660573016082
6,13,True,0.0,2.0,1.0,0.31208138589728385,1,-0.04410412512683476,0.9004147677284421
6,14,True,0.0,2.0,1.0,0.07128009999282114,1,-0.031971051226348315,0.9781500442084187
6,15,True,0.0,2.0,1.0,0.06469623087547449,0,-0.08625087535738,0.8827764264985302
6,16,True,0.0,2.0,1.0,0.0674290755807968,0,-0.09679123825205688,0.9068048568248754
6,17,True,0.0,2.0,1.0,0.06339206012937271,0,-0.10848155479682445,0.9466374758368079
6,18,True,0.0,2.0,1.0,0.06252313615050775,0,-0.13860751124670997,0.8874377123895936
6,19,True,0.0,2.0,1.0,0.06108632538385794,0,-0.1732711315841237,0.8980766692660029
6,20,True,0.0,2.0,1.0,0.13277458149957844,1,-0.05566263721734753,0.9282628721394548
6,21,True,0.0,2.0,1.0,0.06212181763286806,1,-0.10574523292866243,0.872901752443467
6,22,True,0.0,2.0,1.0,0.061616818317342115,1,-0.028536029833146008,0.9499106805667159
6,23,True,0.0,2.0,1.0,0.2824284880752226,0,-0.05349529904822999,0.9242441208426128
6,24,True,0.0,2.0,1.0,0.07203362868224017,0,-0.17094235609503539,0.8934082579408021
6,25,True,0.0,2.0,1.0,0.06284458279304517,0,-0.18788343954312461,0.9270993639261959
6,26,True,0.0,2.0,1.0,0.08335093857730946,0,-0.040572903575293716,0.9723558797175957
6,27,True,0.0,2.0,1.0,0.06217354219809579,0,-0.0442021080314289,0.9077682037647324
6,28,True,0.0,2.0,1.0,0.0981065286617886,0,-0.21702912448814188,0.8686953311376531
6,29,True,0.0,2.0,1.0,0.10711062787861547,0,-0.0550550596441251,0.9423357357664928
6,30,True,0.0,2.0,1.0,0.11039597358922693,0,-0.13763585858105734,0.8664530034114676
6,31,True,0.0,2.0,1.0,0.18034312981059109,0,-0.08567585972991638,0.8863730167483931
6,32,True,0.0,2.0,1.0,0.0670429017268046,0,-0.041515656567095535,0.9464789912690524
6,33,True,0.0,2.0,1.0,0.061513082894014914,0,-0.21328448332781244,0.9219816699721924
6,34,True,0.0,2.0,1.0,0.07372427807824722,0,-0.05178353753880952,0.9733455599014731
6,35,True,0.0,2.0,1.0,0.06133029220172126,0,-0.0402562803082918,0.9810081741367065
6,36,True,0.0,2.0,1.0,0.11218920166441859,0,-0.06898368361087732,0.9521080257313722
6,37,True,0.0,2.0,1.0,0.08873225845081734,0,-0.05490368837486384,0.9751795564267064
6,38,True,0.0,2.0,1.0,0.06138477682252219,0,-0.12349405884280083,0.9057966725787809
6,39,True,0.0,2.0,1.0,0.08892134916609118,0,-0.07410928241381873,0.9703209219354754
7,0,True,0.0,2.0,0.7,0.061991222959967174,0,-0.08836038266746672,0.9080456986849464
7,1,True,0.0,2.0,0.7,0.06299298966160838,0,0.0004617940688641721,0.9330440731758863
7,2,True,0.0,2.0,0.7,0.0620642489896398,0,-0.1594754631150112,0.8861482875560517
7,3,True,0.0,2.0,0.7,0.0642266767684494,0,-0.024284716247939063,0.9628907462318871
7,4,True,0.0,2.0,0.7,0.06136173554122115,0,-0.03175889584873409,0.9577112282924427
7,5,True,0.0,2.0,0.7,0.10181558851797712,1,-0.04159281497779187,0.9250536574169183
7,6,True,0.0,2.0,0.7,0.10686930424680252,0,-0.009598648658581734,0.9573516229468476
7,7,True,0.0,2.0,0.7,0.14827372957074736,0,-0.10223582280515148,0.8668992027804034
7,8,True,0.0,2.0,0.7,0.13920487160842676,0,-0.04831540070700572,0.9420538304769482
7,9,True,0.0,2.0,0.7,0.06188144884579949,0,-0.0788341831514386,0.9331724930925559
7,10,True,0.0,2.0,0.7,0.06114964275057844,0,-0.20587012245019232,0.8559329759491345
7,11,True,0.0,2.0,0.7,0.09426778936534463,0,-0.08108247133012618,0.9318134259574093
7,12,True,0.0,2.0,0.7,0.06158443299513461,0,-0.193557176450638,0.8818388065109876
7,13,True,0.0,2.0,0.7,0.27128850122905934,1,-0.04464283456674701,0.8969086630315521
7,14,True,0.0,2.0,0.7,0.06857954816717937,0,-0.03259662269335567,0.9692549846749573
7,15,True,0.0,2.0,0.7,0.0641711371856113,0,-0.08672511773213754,0.882708064779407
7,16,True,0.0,2.0,0.7,0.0668042709069172,0,-0.1010367771754184,0.8837149598623704
7,17,True,0.0,2.0,0.7,0.06296746286047294,0,-0.11536500303404106,0.9369478070753432
7,18,True,0.0,2.0,0.7,0.06178195775073858,0,-0.14310813795979735,0.8774745972432081
7,19,True,0.0,2.0,0.7,0.061085001067800904,0,-0.17517069555596415,0.8917231409594173
7,20,True,0.0,2.0,0.7,0.1289320256568408,0,-0.058001834503199685,0.9166908239780173
7,21,True,0.0,2.0,0.7,0.06168308223977559,0,-0.1048975341759921,0.8805998114191368
7,22,True,0.0,2.0,0.7,0.06161339236259655,0,-0.02945360038677537,0.9395580893973682
7,23,True,0.0,2.0,0.7,0.28796802262462784,0,-0.056615029816619346,0.9161243479046576
7,24,True,0.0,2.0,0.7,0.0702282986756605,0,-0.17295541417653476,0.8839703144751007
7,25,True,0.0,2.0,0.7,0.06274949937635999,0,-0.1908476912560394,0.9210607738378078
7,26,True,0.0,2.0,0.7,0.07866611586415628,0,-0.04721843287599549,0.965564864655564
7,27,True,0.0,2.0,0.7,0.06193728715277946,0,-0.0489690610447851,0.912385435234036
7,28,True,0.0,2.0,0.7,0.09744999438315083,0,-0.21857970312224545,0.8580539950633644
7,29,True,0.0,2.0,0.7,0.07840616641622156,0,-0.062568404808698,0.9330574999341281
7,30,True,0.0,2.0,0.7,0.10104289885510787,0,-0.14255221729717382,0.8537690892314752
7,31,True,0.0,2.0,0.7,0.16894254477369375,0,-0.08908047108925692,0.8777976064623114
7,32,True,0.0,2.0,0.7,0.06578919402127492,0,-0.04618634927055322,0.9359827033941661
7,33,True,0.0,2.0,0.7,0.0615505319393419,0,-0.21392935033129742,0.9175963714269246
7,34,True,0.0,2.0,0.7,0.06642280384340415,0,-0.05571928501959518,0.9670410891118372
7,35,True,0.0,2.0,0.7,0.06134073731216971,0,-0.041022228924813504,0.9753986841541941
7,36,True,0.0,2.0,0.7,0.09997132533053033,0,-0.07287615052405604,0.9421540546908561
7,37,True,0.0,2.0,0.7,0.08846644247438296,0,-0.05745412736779919,0.9688745153153695
7,38,True,0.0,2.0,0.7,0.061339268270476865,0,-0.12748436413017883,0.888315394684225
7,39,True,0.0,2.0,0.7,0.08890801621178113,0,-0.07619856441894256,0.9621029376479411
8,0,True,0.0,2.0,0.5,0.06177134016474195,0,-0.08898686579311776,0.8881473286903764
8,1,True,0.0,2.0,0.5,0.06240270286261207,0,-0.00206879302635552,0.9225277754703877
8,2,True,0.0,2.0,0.5,0.06114024214679925,0,-0.16992651711451023,0.8649890432518454
8,3,True,0.0,2.0,0.5,0.062986189063159,0,-0.026666157735238036,0.9510624057945126
8,4,True,0.0,2.0,0.5,0.06129716593073675,0,-0.03440469336705614,0.9455207113942924
8,5,True,0.0,2.0,0.5,0.10216954482210017,0,-0.03912981529450752,0.9116271536494932
8,6,True,0.0,2.0,0.5,0.10208241130049822,0,-0.011709145987496975,0.9493605203087614
8,7,True,0.0,2.0,0.5,0.14380115625317946,0,-0.10480093184971559,0.8524367307479197
8,8,True,0.0,2.0,0.5,0.1380504717858555,0,-0.05124050239253931,0.9317133724974075
8,9,True,0.0,2.0,0.5,0.06152893464440268,0,-0.0837203494812606,0.9219425680744361
8,10,True,0.0,2.0,0.5,0.06114773656080563,0,-0.20712619505988725,0.8447211895622025
8,11,True,0.0,2.0,0.5,0.09565809917954415,0,-0.08155572087067876,0.9146175921249485
8,12,True,0.0,2.0,0.5,0.061445066560078976,0,-0.19718494640769596,0.8652768206699737
8,13,True,0.0,2.0,0.5,0.2746445010845765,1,-0.04766994902834473,0.8759984951226224
8,14,True,0.0,2.0,0.5,0.06879933232986457,0,-0.03304682028790345,0.9592599272082395
8,15,True,0.0,2.0,0.5,0.06377847521436464,0,-0.09036524152181513,0.8714512825606107
8,16,True,0.0,2.0,0.5,0.06541501436596087,0,-0.10471281772422306,0.8705594641093215
8,17,True,0.0,2.0,0.5,0.06278019861112427,0,-0.1182064850766684,0.9241386618124849
8,18,True,0.0,2.0,0.5,0.06150087741933352,0,-0.14500691608068902,0.8621384539782501
8,19,True,0.0,2.0,0.5,0.061083728017408134,0,-0.17639030845878836,0.8801253880009483
8,20,True,0.0,2.0,0.5,0.12650300897534505,0,-0.05968606377861031,0.9061223623503317
8,21,True,0.0,2.0,0.5,0.06163726335621256,0,-0.10635934868636511,0.8647987821892649
8,22,True,0.0,2.0,0.5,0.06165407530234057,0,-0.031753682467729145,0.9270246672356166
8,23,True,0.0,2.0,0.5,0.236926000341401,0,-0.059106165326436866,0.8940884650368554
8,24,True,0.0,2.0,0.5,0.06898700134774949,0,-0.17570682043690486,0.8643362515517529
8,25,True,0.0,2.0,0.5,0.06255812508313796,0,-0.19220973836654537,0.9083312637918126
8,26,True,0.0,2.0,0.5,0.07820160962021017,0,-0.050429114527346046,0.9526431480384232
8,27,True,0.0,2.0,0.5,0.06144131521973928,0,-0.05002436410363452,0.8894271984351378
8,28,True,0.0,2.0,0.5,0.09696662658445543,0,-0.22008692989552,0.8469267780750858
8,29,True,0.0,2.0,0.5,0.07413287962178539,0,-0.06778013544443269,0.9164321039089534
8,30,True,0.0,2.0,0.5,0.09591081970292281,0,-0.14574781330497955,0.8398165856070917
8,31,True,0.0,2.0,0.5,0.1574575730755019,0,-0.09046987270752234,0.8694137945665324
8,32,True,0.0,2.0,0.5,0.06534926458767742,0,-0.049574221165662596,0.9232367636813108
8,33,True,0.0,2.0,0.5,0.06151853659844653,0,-0.2161848329985373,0.9001180766684791
8,34,True,0.0,2.0,0.5,0.06358586094211205,0,-0.06163714550400511,0.9578192491339348
8,35,True,0.0,2.0,0.5,0.06131680054692523,0,-0.04199722727747265,0.9643205022368687
8,36,True,0.0,2.0,0.5,0.09541949065421818,0,-0.07566106417139214,0.929507364697093
8,37,True,0.0,2.0,0.5,0.0886710624254714,0,-0.058731847855085395,0.9551572819262862
8,38,True,0.0,2.0,0.5,0.06131226914124932,0,-0.13233459512710538,0.873015865224901
8,39,True,0.0,2.0,0.5,0.0889231461766895,0,-0.0766241566056142,0.947007023971197
9,0,True,0.5,1.0,1.0,0.06276463177876401,0,-0.07933765482489626,0.920155252107302
9,1,True,0.5,1.0,1.0,0.0633550411491256,0,0.003940643358905927,0.9406398786769351
9,2,True,0.5,1.0,1.0,0.06375333582190024,0,-0.15228518357451587,0.8933570780597694
9,3,True,0.5,1.0,1.0,0.06994485679634466,0,-0.017726505047499994,0.9681132825837845
9,4,True,0.5,1.0,1.0,0.06167738726248995,0,-0.02626288590042314,0.9581784610916647
9,5,True,0.5,1.0,1.0,0.11404745851643072,0,-0.03259178580255811,0.9414350632252487
9,6,True,0.5,1.0,1.0,0.12754437317707812,0,-0.007287348425853559,0.9632254610538532
9,7,True,0.5,1.0,1.0,0.2520705243460972,0,-0.08990407553879977,0.8689551645387027
9,8,True,0.5,1.0,1.0,0.14555890028364327,0,-0.04559570699621807,0.9491032606975424
9,9,True,0.5,1.0,1.0,0.06296257850298548,0,-0.07099251760116194,0.9402749987893054
9,10,True,0.5,1.0,1.0,0.06117084527276262,0,-0.20170192213533433,0.8739599956409907
9,11,True,0.5,1.0,1.0,0.09621180273577823,0,-0.07834170189662033,0.9309753553025234
9,12,True,0.5,1.0,1.0,0.0624377957100698,0,-0.18812391936679704,0.8840064675822451
9,13,True,0.5,1.0,1.0,0.32675096071526366,1,-0.03646871944659463,0.90678764980044
9,14,True,0.5,1.0,1.0,0.0678407450537325,0,-0.03256828441844693,0.9785867136932822
9,15,True,0.5,1.0,1.0,0.06529120156147361,0,-0.077025052726238,0.8942700983808852
9,16,True,0.5,1.0,1.0,0.07340974087159191,0,-0.09235741651659422,0.8936777026634206
9,17,True,0.5,1.0,1.0,0.06398936283104173,0,-0.10794526192240902,0.9470911555323073
9,18,True,0.5,1.0,1.0,0.06266803348334615,0,-0.12896747402569111,0.8895624581648155
9,19,True,0.5,1.0,1.0,0.06109326015841299,1,-0.1717970571887542,0.9021685229534688
9,20,True,0.5,1.0,1.0,0.14683779793550233,0,-0.052746338309528636,0.9373992739728545
9,21,True,0.5,1.0,1.0,0.07014711399078577,1,-0.10059841577403315,0.8728492972369024
9,22,True,0.5,1.0,1.0,0.0625768733867974,0,-0.02871561962395484,0.9487643001231932
9,23,True,0.5,1.0,1.0,0.34720508667636363,1,-0.04798327006570372,0.9293707562768299
9,24,True,0.5,1.0,1.0,0.07273303797323805,0,-0.16888230869190368,0.8948664381150724
9,25,True,0.5,1.0,1.0,0.06294843209708112,0,-0.18922829569852553,0.9244819120127398
9,26,True,0.5,1.0,1.0,0.09036904805440626,0,-0.0414148618082302,0.9708328867198388
9,27,True,0.5,1.0,1.0,0.06397809346676475,0,-0.041786976961679545,0.9219012464185988
9,28,True,0.5,1.0,1.0,0.10062835631880351,0,-0.21292879148669697,0.8727779459881794
9,29,True,0.5,1.0,1.0,0.0982733132225827,0,-0.05643894012987616,0.9420176220261078
9,30,True,0.5,1.0,1.0,0.13620364624934145,0,-0.1311891920024764,0.8559569271292544
9,31,True,0.5,1.0,1.0,0.17763059553176785,0,-0.08321486645493203,0.8960543782965963
9,32,True,0.5,1.0,1.0,0.0731602000062459,0,-0.0378875859259192,0.9520518988508558
9,33,True,0.5,1.0,1.0,0.06153613105995348,0,-0.20924035930197513,0.923965995037731
9,34,True,0.5,1.0,1.0,0.07316628197038266,0,-0.05129386136618757,0.9737733254339439
9,35,True,0.5,1.0,1.0,0.061362895822043906,0,-0.04156449463909545,0.9798226030547895
9,36,True,0.5,1.0,1.0,0.1162669418607386,0,-0.06597162322761674,0.9522267463318157
9,37,True,0.5,1.0,1.0,0.09032544587885827,0,-0.056566210131907504,0.9740505238644194
9,38,True,0.5,1.0,1.0,0.06162986624017652,0,-0.12078713535144829,0.9080063178330025
9,39,True,0.5,1.0,1.0,0.08898668329622306,0,-0.07307895438922497,0.9704828745496967
10,0,True,0.5,1.0,0.7,0.061969296799374685,0,-0.08349790824830405,0.9040405530775022
10,1,True,0.5,1.0,0.7,0.0648241927653741,0,0.0005610699274971936,0.9342701310954606
10,2,True,0.5,1.0,0.7,0.06347780876066134,0,-0.1511081531736681,0.8869086440528567
10,3,True,0.5,1.0,0.7,0.06594021546119444,0,-0.023530723334329005,0.9645400156515306
10,4,True,0.5,1.0,0.7,0.061534558698231434,1,-0.029943451979624915,0.9487375104894349
10,5,True,0.5,1.0,0.7,0.1126095142413771,0,-0.03746393435741111,0.9321108493590148
10,6,True,0.5,1.0,0.7,0.11880803682648633,0,-0.012226820171601828,0.9574564860409581
10,7,True,0.5,1.0,0.7,0.15487242414018465,0,-0.10044302312086327,0.867636212241884
10,8,True,0.5,1.0,0.7,0.14219319181618129,0,-0.049125128635278,0.9408282453027297
10,9,True,0.5,1.0,0.7,0.06242588621188139,0,-0.07744999117248653,0.932458877351322
10,10,True,0.5,1.0,0.7,0.06115710505772587,0,-0.20324021775169238,0.8612993844229738
10,11,True,0.5,1.0,0.7,0.09351396484995211,0,-0.07899571336557684,0.9269430542621478
10,12,True,0.5,1.0,0.7,0.06207710542103495,0,-0.18853862493356274,0.871365457130615
10,13,True,0.5,1.0,0.7,0.2691353670399199,1,-0.04271278596885926,0.9100942397304296
10,14,True,0.5,1.0,0.7,0.06914628114971078,0,-0.032491437514655684,0.9712716864026301
10,15,True,0.5,1.0,0.7,0.06449783834187428,0,-0.08302074247968183,0.8910859017257975
10,16,True,0.5,1.0,0.7,0.07206946378185541,0,-0.09302945483530367,0.8897805057581603
10,17,True,0.5,1.0,0.7,0.06349768325123695,0,-0.11483115237838139,0.9389879391691944
10,18,True,0.5,1.0,0.7,0.06186288986102162,0,-0.13609439202920084,0.886733494331604
10,19,True,0.5,1.0,0.7,0.06108016101344904,0,-0.17488816612089217,0.8917982132260652
10,20,True,0.5,1.0,0.7,0.13745317487486153,0,-0.05424111179988725,0.9209057492458386
10,21,True,0.5,1.0,0.7,0.07077765934377123,0,-0.10218069363227615,0.8758197893485254
10,22,True,0.5,1.0,0.7,0.06256964530253617,0,-0.029858915313400954,0.9392019838082377
10,23,True,0.5,1.0,0.7,0.318263216915311,0,-0.054335492030518615,0.9195362358090045
10,24,True,0.5,1.0,0.7,0.07032071719736599,0,-0.17195560118910272,0.8808939415643753
10,25,True,0.5,1.0,0.7,0.06276845007417875,0,-0.19083753260567457,0.9190555480193989
10,26,True,0.5,1.0,0.7,0.08829936168233876,0,-0.046261433292770375,0.9627793819152293
10,27,True,0.5,1.0,0.7,0.06255733514677653,0,-0.048073593725523556,0.9198004432120371
10,28,True,0.5,1.0,0.7,0.09959524690996924,0,-0.21466326209288678,0.8657175852206569
10,29,True,0.5,1.0,0.7,0.08000860677230681,0,-0.06038417030219326,0.9312734284842435
10,30,True,0.5,1.0,0.7,0.12107934321697378,0,-0.13580867752306347,0.8568644596755846
10,31,True,0.5,1.0,0.7,0.1721008037552687,0,-0.0851575317756706,0.8840159544196561
10,32,True,0.5,1.0,0.7,0.06984815816208334,0,-0.04440581806844081,0.9401141694377297
10,33,True,0.5,1.0,0.7,0.06163076191489969,0,-0.20994800149166026,0.9136148355011893
10,34,True,0.5,1.0,0.7,0.06605432439585834,0,-0.05788104310635296,0.9659545106215813
10,35,True,0.5,1.0,0.7,0.06134656313174425,0,-0.04161369933294739,0.9725473290991364
10,36,True,0.5,1.0,0.7,0.10572339715153634,0,-0.07307068526331498,0.9438096829057718
10,37,True,0.5,1.0,0.7,0.09005312552180056,0,-0.0583295617729316,0.9690142289553642
10,38,True,0.5,1.0,0.7,0.06153385123294641,0,-0.12472711983938213,0.8942903996119607
10,39,True,0.5,1.0,0.7,0.08897077979197121,0,-0.07563342285700739,0.9624722031517183
11,0,True,0.5,1.0,0.5,0.061662670181063084,0,-0.087091815977392,0.8937767649107414
11,1,True,0.5,1.0,0.5,0.06329617751424443,0,-0.0007105916285463135,0.9240536493016855
11,2,True,0.5,1.0,0.5,0.0613615805154174,0,-0.16624048133369715,0.8724844946380589
11,3,True,0.5,1.0,0.5,0.0652721242459453,0,-0.025978688461668082,0.9543729060320997
11,4,True,0.5,1.0,0.5,0.06140034057235988,0,-0.03399034860962576,0.9397955449086735
11,5,True,0.5,1.0,0.5,0.11142717787816125,0,-0.04105803967473026,0.9217614935420512
11,6,True,0.5,1.0,0.5,0.11730890412964934,0,-0.011914055176418102,0.9471633364216278
11,7,True,0.5,1.0,0.5,0.1620978099562107,0,-0.09918048258148879,0.8496555108896879
11,8,True,0.5,1.0,0.5,0.1405755971056143,0,-0.05221436578957487,0.9316449774681743
11,9,True,0.5,1.0,0.5,0.06196937818281745,0,-0.081672710541359,0.9259897569962695
11,10,True,0.5,1.0,0.5,0.061153939096675325,0,-0.20526280649968245,0.8527110004941566
11,11,True,0.5,1.0,0.5,0.0918506481022977,0,-0.08108752898659317,0.920828390732209
11,12,True,0.5,1.0,0.5,0.06195373807509985,0,-0.19448225490858703,0.8659408168657211
11,13,True,0.5,1.0,0.5,0.29671002130692725,1,-0.04435536252189426,0.8866543235736521
11,14,True,0.5,1.0,0.5,0.0685873597591996,0,-0.03421125483641255,0.9624072417917318
11,15,True,0.5,1.0,0.5,0.06396556888760219,0,-0.08835099682905895,0.8793658879911762
11,16,True,0.5,1.0,0.5,0.06657552955458657,0,-0.09882428911601723,0.8912574145484129
11,17,True,0.5,1.0,0.5,0.0632634866543117,0,-0.11750081387345522,0.9269195641743136
11,18,True,0.5,1.0,0.5,0.06153655785481271,0,-0.14046668783514069,0.8761068330276028
11,19,True,0.5,1.0,0.5,0.06108567123988262,0,-0.17593447299245202,0.8844650622103605
11,20,True,0.5,1.0,0.5,0.13538114823109781,0,-0.054846548836435666,0.9115005121566229
11,21,True,0.5,1.0,0.5,0.07221175614789554,0,-0.10388489755923493,0.8759490885501257
11,22,True,0.5,1.0,0.5,0.06268281340366988,1,-0.030990293712055732,0.9294802467857596
11,23,True,0.5,1.0,0.5,0.28135098463215524,1,-0.05279666538236826,0.91100416847001
11,24,True,0.5,1.0,0.5,0.06926694189717875,0,-0.173912197509217,0.8696553331183587
11,25,True,0.5,1.0,0.5,0.06254598649663323,0,-0.19234461374154846,0.9071641674310142
11,26,True,0.5,1.0,0.5,0.08841650943995571,0,-0.051560769960100936,0.9538367267809977
11,27,True,0.5,1.0,0.5,0.06270786261295058,0,-0.04799013684675276,0.905959412482241
11,28,True,0.5,1.0,0.5,0.09881272615047332,0,-0.21625318195824791,0.8512505789504187
11,29,True,0.5,1.0,0.5,0.07279708127301898,0,-0.06678713688556001,0.9204101921881945
11,30,True,0.5,1.0,0.5,0.11389594024168215,1,-0.13973134147787125,0.8490152870635757
11,31,True,0.5,1.0,0.5,0.16417952001411107,0,-0.08634484006592444,0.8773058838432243
11,32,True,0.5,1.0,0.5,0.06923065713596177,0,-0.04803282789365024,0.9286644126967567
11,33,True,0.5,1.0,0.5,0.061611397700991444,0,-0.21340316173687038,0.9045983641706031
11,34,True,0.5,1.0,0.5,0.06364983996041296,0,-0.06263546281371764,0.9574243526551021
11,35,True,0.5,1.0,0.5,0.0613586178585529,1,-0.04247965196557578,0.9660677541766449
11,36,True,0.5,1.0,0.5,0.09802258468205838,0,-0.07414799202514166,0.9330532606371362
11,37,True,0.5,1.0,0.5,0.09000920478202012,0,-0.06066699168553225,0.9579416097452368
11,38,True,0.5,1.0,0.5,0.061491896157329196,0,-0.12977567005948423,0.8817160084919662
11,39,True,0.5,1.0,0.5,0.08898830375587885,0,-0.07617654136373662,0.9492357178583688
12,0,True,0.5,1.5,1.0,0.062338496471935345,0,-0.08165849890256469,0.9212129552274986
12,1,True,0.5,1.5,1.0,0.06370064567718703,0,0.002501788757526882,0.9416922000424368
12,2,True,0.5,1.5,1.0,0.06299948365441443,0,-0.15440725011642972,0.8978314909276991
12,3,True,0.5,1.5,1.0,0.06499919213895544,0,-0.0208178332021934,0.9660900050978984
12,4,True,0.5,1.5,1.0,0.061679964041915114,0,-0.02544547848062316,0.9569296290987354
12,5,True,0.5,1.5,1.0,0.11118511723020297,0,-0.03719636579556569,0.9325878750260459
12,6,True,0.5,1.5,1.0,0.12548549863294212,0,-0.008620266935350895,0.9600885631455905
12,7,True,0.5,1.5,1.0,0.13716347211413893,0,-0.099627289691562,0.8648994366251453
12,8,True,0.5,1.5,1.0,0.14633243753146508,0,-0.04562414094795234,0.9482433368771952
12,9,True,0.5,1.5,1.0,0.062211612362627844,0,-0.07630594583727218,0.9450704751975009
12,10,True,0.5,1.5,1.0,0.06114923196790145,0,-0.20421719592267762,0.8739559766289466
12,11,True,0.5,1.5,1.0,0.09116120939230066,0,-0.08021631625720865,0.9373666211810169
12,12,True,0.5,1.5,1.0,0.0619507978026983,0,-0.1956176805078514,0.8851184218267858
12,13,True,0.5,1.5,1.0,0.2624105054308594,1,-0.04635336581145106,0.9101799808012369
12,14,True,0.5,1.5,1.0,0.0689876704700676,0,-0.0314950406118866,0.9753488478675523
12,15,True,0.5,1.5,1.0,0.06471759501986718,0,-0.0863231470626195,0.8841498120594186
12,16,True,0.5,1.5,1.0,0.06750044388549614,0,-0.09767740588972829,0.892551104799624
12,17,True,0.5,1.5,1.0,0.06409504780079334,0,-0.11011194786629933,0.9446685323288746
12,18,True,0.5,1.5,1.0,0.06219520700766579,0,-0.13936828708377946,0.8896752374145458
12,19,True,0.5,1.5,1.0,0.061083963094574756,0,-0.17288945843367207,0.8992594204817967
12,20,True,0.5,1.5,1.0,0.1383593780644523,1,-0.05542817822073614,0.9295007628327654
12,21,True,0.5,1.5,1.0,0.061830221995772594,0,-0.10310529791789451,0.8857172439021735
12,22,True,0.5,1.5,1.0,0.0621803674562007,0,-0.02918091435257686,0.9472689140029866
12,23,True,0.5,1.5,1.0,0.2836990539941864,0,-0.0523603589080599,0.925713218370977
12,24,True,0.5,1.5,1.0,0.0719699126527753,0,-0.17146231823754632,0.8922555835524592
12,25,True,0.5,1.5,1.0,0.06315315006689914,0,-0.18840835819853807,0.92181890132605
12,26,True,0.5,1.5,1.0,0.09079549226341332,0,-0.04351033031443859,0.968410356869784
12,27,True,0.5,1.5,1.0,0.06178932638501666,0,-0.04971475848582447,0.9106527126806042
12,28,True,0.5,1.5,1.0,0.09788985649637683,0,-0.2166718046619634,0.8700064931869912
12,29,True,0.5,1.5,1.0,0.08371467763794993,0,-0.05872903513672905,0.9411750146767633
12,30,True,0.5,1.5,1.0,0.10151780141690203,0,-0.13783264850516827,0.8703380574949658
12,31,True,0.5,1.5,1.0,0.18627700577118922,0,-0.08230297824192243,0.8913190765700263
12,32,True,0.5,1.5,1.0,0.0682062425067479,0,-0.042261469061205696,0.946825563501338
12,33,True,0.5,1.5,1.0,0.0614645595534673,0,-0.21336597324023893,0.9220845150714573
12,34,True,0.5,1.5,1.0,0.07287377880793067,0,-0.05344612993738571,0.9727878784438366
12,35,True,0.5,1.5,1.0,0.06131762689273579,0,-0.04241067370802206,0.9785587227731326
12,36,True,0.5,1.5,1.0,0.108708544008836,0,-0.07078538051799715,0.9489764595193133
12,37,True,0.5,1.5,1.0,0.09039797400202754,0,-0.0571315421669863,0.9737902999755513
12,38,True,0.5,1.5,1.0,0.06139768322466821,0,-0.1251998108888473,0.8998930867492387
12,39,True,0.5,1.5,1.0,0.08897127867724897,0,-0.07495840045133685,0.9692474158667596
13,0,True,0.5,1.5,0.7,0.06198587134079392,0,-0.0872087839265176,0.9103644157153964
13,1,True,0.5,1.5,0.7,0.06207654849469013,0,-0.001851429601315578,0.9321261728180922
13,2,True,0.5,1.5,0.7,0.062015894579045217,0,-0.16190893273066628,0.8848752093532624
13,3,True,0.5,1.5,0.7,0.06448713825882546,0,-0.024752780782644052,0.9624583453887692
13,4,True,0.5,1.5,0.7,0.06156828674881387,0,-0.029597225185716492,0.9492195124188384
13,5,True,0.5,1.5,0.7,0.11836601555753856,0,-0.037880673151498796,0.9198547667299857
13,6,True,0.5,1.5,0.7,0.11878010380170823,0,-0.011210863101467575,0.956872036659867
13,7,True,0.5,1.5,0.7,0.1482114541735684,0,-0.10194676492099267,0.8714580604499367
13,8,True,0.5,1.5,0.7,0.1428981196214193,0,-0.049045382259656385,0.9396762008034294
13,9,True,0.5,1.5,0.7,0.061901472019627035,0,-0.07939427957579046,0.9339643285489038
13,10,True,0.5,1.5,0.7,0.06114465049278095,0,-0.20598862108177698,0.8580845501077388
13,11,True,0.5,1.5,0.7,0.09130937745886969,0,-0.08195322562617165,0.9278944835142832
13,12,True,0.5,1.5,0.7,0.06153068505898396,0,-0.19332864198204017,0.885816475854934
13,13,True,0.5,1.5,0.7,0.2943610019527495,1,-0.04505988998818702,0.8996759645618629
13,14,True,0.5,1.5,0.7,0.06827233393771237,0,-0.03348117290522118,0.9681971459181724
13,15,True,0.5,1.5,0.7,0.0641036699920946,0,-0.08689953376903663,0.88528164948072
13,16,True,0.5,1.5,0.7,0.06667191581862608,0,-0.09988965540765302,0.8882203696613694
13,17,True,0.5,1.5,0.7,0.06360850890325775,0,-0.11650194941865821,0.9362162025064567
13,18,True,0.5,1.5,0.7,0.06169266127000761,0,-0.14119785791317843,0.8812149560112457
13,19,True,0.5,1.5,0.7,0.06108468761491448,0,-0.17556344211882774,0.8919655454018043
13,20,True,0.5,1.5,0.7,0.13334609539841702,0,-0.05739740859845229,0.9211954934969054
13,21,True,0.5,1.5,0.7,0.061859301910299536,1,-0.10229878967887583,0.8792710527699161
13,22,True,0.5,1.5,0.7,0.06216740187609027,0,-0.02889568560639852,0.9394148995495839
13,23,True,0.5,1.5,0.7,0.2944531320790498,1,-0.054116894149335557,0.9210197833943796
13,24,True,0.5,1.5,0.7,0.07005839417720494,0,-0.17437900891355698,0.8770993653618872
13,25,True,0.5,1.5,0.7,0.06283372968679313,0,-0.19109004282083195,0.915740926146198
13,26,True,0.5,1.5,0.7,0.08922971537073943,0,-0.046660473459077305,0.9630730027571013
13,27,True,0.5,1.5,0.7,0.06175223104727556,0,-0.05031526532022297,0.9106648342283123
13,28,True,0.5,1.5,0.7,0.09738566289979123,0,-0.21793904735702338,0.8632146483018313
13,29,True,0.5,1.5,0.7,0.07806669295271362,0,-0.06441604545015485,0.9303019168059752
13,30,True,0.5,1.5,0.7,0.10079146857896704,0,-0.1408749808874475,0.8616899203654543
13,31,True,0.5,1.5,0.7,0.19184686972794196,0,-0.08559082509939818,0.8785127847410619
13,32,True,0.5,1.5,0.7,0.06712056437282798,0,-0.04679558727874387,0.9374211038714056
13,33,True,0.5,1.5,0.7,0.06159507462277802,0,-0.2133720688363971,0.9145395739740064
13,34,True,0.5,1.5,0.7,0.06631434479013598,0,-0.0569448560295484,0.9634588262674695
13,35,True,0.5,1.5,0.7,0.061305123281710894,0,-0.042249581062667796,0.9719131117656479
13,36,True,0.5,1.5,0.7,0.10233484983167951,0,-0.07524249586584296,0.9409594454102879
13,37,True,0.5,1.5,0.7,0.09015772482703754,0,-0.05858998999956471,0.9673043870059569
13,38,True,0.5,1.5,0.7,0.06135475889079445,0,-0.12937430927450355,0.8923115124692306
13,39,True,0.5,1.5,0.7,0.08895869586717575,0,-0.07690010930271862,0.9616647580413673
14,0,True,0.5,1.5,0.5,0.061778561096783924,0,-0.08982657289998727,0.8996285550153907
14,1,True,0.5,1.5,0.5,0.06221398146945578,0,-0.003107780690574221,0.9256959436072775
14,2,True,0.5,1.5,0.5,0.0613479094711743,0,-0.17242019348193915,0.8686495432811544
14,3,True,0.5,1.5,0.5,0.06286258259806354,0,-0.02759427570767467,0.9479483605393277
14,4,True,0.5,1.5,0.5,0.06139640998749485,0,-0.033632464560056294,0.939485329715821
14,5,True,0.5,1.5,0.5,0.10967053290290807,0,-0.041360761029686624,0.9119872170190161
14,6,True,0.5,1.5,0.5,0.10939426445884848,0,-0.014411683289000752,0.9465610834322855
14,7,True,0.5,1.5,0.5,0.14411238398980775,0,-0.10457871045190978,0.8580379515357212
14,8,True,0.5,1.5,0.5,0.14118561446597977,0,-0.05231536116893611,0.930066515724001
14,9,True,0.5,1.5,0.5,0.061753308361811476,0,-0.08351609641494072,0.9223136444000198
14,10,True,0.5,1.5,0.5,0.061142015599833344,0,-0.20650831066876774,0.8467595548555171
14,11,True,0.5,1.5,0.5,0.08710016512102559,0,-0.08324126968395801,0.918384057054297
14,12,True,0.5,1.5,0.5,0.061612845345136114,0,-0.20068908245335726,0.8645656153682992
14,13,True,0.5,1.5,0.5,0.31129586518898744,1,-0.04503360344109737,0.8855228364730705
14,14,True,0.5,1.5,0.5,0.06838055048952818,0,-0.03448656194288997,0.9603707662653638
14,15,True,0.5,1.5,0.5,0.06366909405249233,0,-0.09335042364354551,0.8765203218587994
14,16,True,0.5,1.5,0.5,0.06513072822868005,0,-0.10583241026425128,0.8775812567874797
14,17,True,0.5,1.5,0.5,0.06335641268235614,0,-0.11886453997627257,0.9233957572891367
14,18,True,0.5,1.5,0.5,0.06144902778137884,0,-0.14619968828635865,0.8683713153028192
14,19,True,0.5,1.5,0.5,0.061082622561704936,0,-0.17641233490102876,0.881257075137088
14,20,True,0.5,1.5,0.5,0.13175930327246232,0,-0.059982421674058255,0.9073937400297059
14,21,True,0.5,1.5,0.5,0.06168342934498494,0,-0.10460687299167896,0.8715325821899925
14,22,True,0.5,1.5,0.5,0.06228205285923294,0,-0.029868101293545748,0.9255735488317168
14,23,True,0.5,1.5,0.5,0.2695393639362679,1,-0.05737669007709549,0.9006331244322675
14,24,True,0.5,1.5,0.5,0.06905477776323543,0,-0.1757121355453133,0.8733253369185524
14,25,True,0.5,1.5,0.5,0.06256195042102508,0,-0.1933182919861081,0.9042044222165472
14,26,True,0.5,1.5,0.5,0.08792557228419429,0,-0.051735737753735266,0.949922633012291
14,27,True,0.5,1.5,0.5,0.06137092722801152,0,-0.053411698304401234,0.8946423595181021
14,28,True,0.5,1.5,0.5,0.09692523107458795,0,-0.2195774869886563,0.8523759731666658
14,29,True,0.5,1.5,0.5,0.07204842815909418,0,-0.06795077270574607,0.9181193788547651
14,30,True,0.5,1.5,0.5,0.09544856427832171,0,-0.14415665376893064,0.8494422205237118
14,31,True,0.5,1.5,0.5,0.16422018703864782,0,-0.09034933896624789,0.8823096367351946
14,32,True,0.5,1.5,0.5,0.06667321831261164,0,-0.048977610840149996,0.9251188662459356
14,33,True,0.5,1.5,0.5,0.061578229895031145,0,-0.2131116786954023,0.9006133670864402
14,34,True,0.5,1.5,0.5,0.06462895797054502,0,-0.061227327834477006,0.9538646363638643
14,35,True,0.5,1.5,0.5,0.06131236636471149,0,-0.04311050613622881,0.9639360951156499
14,36,True,0.5,1.5,0.5,0.09932957993911296,0,-0.07611106720473883,0.9297363328424524
14,37,True,0.5,1.5,0.5,0.09013046185642148,0,-0.060439681581721645,0.9552082836556489
14,38,True,0.5,1.5,0.5,0.061328149098815454,0,-0.13337455735724316,0.8781371700713573
14,39,True,0.5,1.5,0.5,0.08898281552287568,0,-0.07728968520710529,0.9471597964690114
15,0,True,0.5,2.0,1.0,0.062488555160561066,0,-0.0842159515803407,0.9077372708112831
15,1,True,0.5,2.0,1.0,0.06264053546607329,0,0.004452599602108639,0.9387710553313094
15,2,True,0.5,2.0,1.0,0.06149246496685945,0,-0.15967605090857762,0.8846792376119527
15,3,True,0.5,2.0,1.0,0.06694545907870797,0,-0.016859448701505034,0.9650789516750786
15,4,True,0.5,2.0,1.0,0.06179535135263203,0,-0.025506959887196833,0.9577034756290115
15,5,True,0.5,2.0,1.0,0.11266456684956838,0,-0.0396033403351194,0.9308872629114668
15,6,True,0.5,2.0,1.0,0.13739424564471503,0,-0.006439084793768158,0.9614114128158525
15,7,True,0.5,2.0,1.0,0.1376913355475492,0,-0.10149778706303327,0.8570051103347899
15,8,True,0.5,2.0,1.0,0.14869081647754023,0,-0.04453881425572742,0.9461797596567895
15,9,True,0.5,2.0,1.0,0.062388491046847294,0,-0.07541110632754294,0.941418282081197
15,10,True,0.5,2.0,1.0,0.06114802980403866,0,-0.20626137641896927,0.8644320176225856
15,11,True,0.5,2.0,1.0,0.09203245579738129,0,-0.08127840974345849,0.9316409865038179
15,12,True,0.5,2.0,1.0,0.06191347874028419,0,-0.1973348687291802,0.8765740395146413
15,13,True,0.5,2.0,1.0,0.3050942532395644,1,-0.04575673082782051,0.8956837289609032
15,14,True,0.5,2.0,1.0,0.07065534488164749,0,-0.032202355956567265,0.974205296840132
15,15,True,0.5,2.0,1.0,0.06526060630647867,0,-0.0873502731618905,0.87997812628793
15,16,True,0.5,2.0,1.0,0.06810432731785965,0,-0.09710771467103725,0.8977350813767502
15,17,True,0.5,2.0,1.0,0.06452878578807186,0,-0.10869864692639498,0.9410617086774765
15,18,True,0.5,2.0,1.0,0.06232027980100341,0,-0.13970568111225812,0.881889806206868
15,19,True,0.5,2.0,1.0,0.061084696489023926,0,-0.1742091134183245,0.8930522113960593
15,20,True,0.5,2.0,1.0,0.13758880500142145,0,-0.056662780638349626,0.9195132524349039
15,21,True,0.5,2.0,1.0,0.06192886098086903,0,-0.106514599401444,0.8794164572756975
15,22,True,0.5,2.0,1.0,0.06232306163617729,0,-0.02797624593272839,0.9475380045211756
15,23,True,0.5,2.0,1.0,0.3140425613647956,0,-0.053351643114297784,0.9197249012795835
15,24,True,0.5,2.0,1.0,0.07204025319315122,0,-0.17218611673176365,0.8873116305892985
15,25,True,0.5,2.0,1.0,0.06318593428800046,0,-0.18905289011105303,0.9204472648730505
15,26,True,0.5,2.0,1.0,0.09539928469562897,0,-0.0409353255649158,0.968653245657433
15,27,True,0.5,2.0,1.0,0.061518156627159315,0,-0.046208681472379776,0.905348275921381
15,28,True,0.5,2.0,1.0,0.09793830362827083,0,-0.2179061675599932,0.8635961381603794
15,29,True,0.5,2.0,1.0,0.08993170581493037,0,-0.057871167555106344,0.9356195753131892
15,30,True,0.5,2.0,1.0,0.106542592126747,0,-0.13875423536089662,0.8631024032107806
15,31,True,0.5,2.0,1.0,0.17600782687557315,0,-0.08669876203808047,0.8822576758143402
15,32,True,0.5,2.0,1.0,0.06945114754419146,0,-0.04131179269028784,0.9420149443474668
15,33,True,0.5,2.0,1.0,0.061460307347244725,0,-0.21365024059286433,0.9219260198758537
15,34,True,0.5,2.0,1.0,0.07532652136453977,0,-0.049816544796304624,0.9689151894991895
15,35,True,0.5,2.0,1.0,0.06133960336250588,0,-0.04132665478590374,0.9781546983415251
15,36,True,0.5,2.0,1.0,0.12003645848547517,0,-0.06813557853730491,0.9456034904447527
15,37,True,0.5,2.0,1.0,0.09101089217898728,0,-0.05618206473109032,0.9724384831944224
15,38,True,0.5,2.0,1.0,0.06145744358807359,0,-0.12436480128008388,0.8986195328238765
15,39,True,0.5,2.0,1.0,0.08900012285790337,0,-0.07433613917800792,0.9662735098151026
16,0,True,0.5,2.0,0.7,0.0621349170104617,0,-0.08976645083465824,0.9046476611530807
16,1,True,0.5,2.0,0.7,0.06221715907405079,0,-0.0010009317438496408,0.9271828874421868
16,2,True,0.5,2.0,0.7,0.0611402434783076,0,-0.16935886804305506,0.8759318374805337
16,3,True,0.5,2.0,0.7,0.06503996143856494,0,-0.023227125379880663,0.9550189102668406
16,4,True,0.5,2.0,0.7,0.061533724300601444,0,-0.028817730862744233,0.9436234204256936
16,5,True,0.5,2.0,0.7,0.11309688712603927,0,-0.03787459207608696,0.9170141769278676
16,6,True,0.5,2.0,0.7,0.12199174088001774,0,-0.009176871847109002,0.9551292897965237
16,7,True,0.5,2.0,0.7,0.13373034771058123,0,-0.10418131418902282,0.8482759215262232
16,8,True,0.5,2.0,0.7,0.14453232296019536,0,-0.04833161441014951,0.9370442187022291
16,9,True,0.5,2.0,0.7,0.06217172495758749,0,-0.07828525269913565,0.9288173313498969
16,10,True,0.5,2.0,0.7,0.06114229212242428,0,-0.20702570744275942,0.8504381281174251
16,11,True,0.5,2.0,0.7,0.0899889789862447,0,-0.08403964539466992,0.9244592753837761
16,12,True,0.5,2.0,0.7,0.061500174729795076,0,-0.19469110577639112,0.8753252290766828
16,13,True,0.5,2.0,0.7,0.28488162919716664,1,-0.04796502099865826,0.8851735041276093
16,14,True,0.5,2.0,0.7,0.06885151984905402,0,-0.03275270564717241,0.9653626476385132
16,15,True,0.5,2.0,0.7,0.06432676747271882,0,-0.09017546074888187,0.8736727774310401
16,16,True,0.5,2.0,0.7,0.06708752542979302,0,-0.09971229323897382,0.8917418580859634
16,17,True,0.5,2.0,0.7,0.06392116742024889,0,-0.11498000547583957,0.9318242668432271
16,18,True,0.5,2.0,0.7,0.061762101330328556,0,-0.14235038505239944,0.8692597220897256
16,19,True,0.5,2.0,0.7,0.061084465072489325,0,-0.17591984889272133,0.8871152652547841
16,20,True,0.5,2.0,0.7,0.1357484249963885,0,-0.05719865000473395,0.9153939898662997
16,21,True,0.5,2.0,0.7,0.061766254093347794,0,-0.10674685574300322,0.8733224828903812
16,22,True,0.5,2.0,0.7,0.062298247865758105,0,-0.02985057189169497,0.9304934643765713
16,23,True,0.5,2.0,0.7,0.3026508635542101,1,-0.05364107208267325,0.90958921812702
16,24,True,0.5,2.0,0.7,0.07018457225388652,0,-0.17511430669889366,0.8704093871067851
16,25,True,0.5,2.0,0.7,0.06294330816223326,0,-0.1915921319047912,0.9126323390482531
16,26,True,0.5,2.0,0.7,0.08996836202602287,0,-0.046603322487608005,0.9591342880270654
16,27,True,0.5,2.0,0.7,0.06141199889504423,0,-0.051904089521924775,0.8996474819953655
16,28,True,0.5,2.0,0.7,0.0974407950009557,0,-0.21966266984163488,0.8528498942355313
16,29,True,0.5,2.0,0.7,0.07975850401451656,0,-0.06361169921114412,0.9254329602928623
16,30,True,0.5,2.0,0.7,0.09872601523386582,0,-0.14359156024087782,0.8507574652977195
16,31,True,0.5,2.0,0.7,0.17518687633289365,0,-0.09083315586462547,0.8774647673768673
16,32,True,0.5,2.0,0.7,0.06810862219396507,0,-0.045823094532685245,0.9316788141825845
16,33,True,0.5,2.0,0.7,0.06144014912928286,0,-0.21380365401515905,0.9101519820287092
16,34,True,0.5,2.0,0.7,0.06739325786797301,0,-0.0567980081851725,0.9615890957118832
16,35,True,0.5,2.0,0.7,0.061324810972123944,1,-0.042100337934167405,0.9703323222331834
16,36,True,0.5,2.0,0.7,0.10634684564451169,0,-0.07297961220585229,0.9360106511246654
16,37,True,0.5,2.0,0.7,0.09064807898641769,0,-0.05846036154197717,0.96290433859352
16,38,True,0.5,2.0,0.7,0.0614064397216052,0,-0.12838026992554544,0.8818615284623481
16,39,True,0.5,2.0,0.7,0.08898647686925698,0,-0.07654907259364623,0.9581113542197117
17,0,True,0.5,2.0,0.5,0.06197150193726497,0,-0.08977947880575111,0.8795302204492753
17,1,True,0.5,2.0,0.5,0.062357501150523076,0,-0.0026607874619580204,0.9207712009738224
17,2,True,0.5,2.0,0.5,0.06114292302306068,0,-0.17025581200386494,0.8644911652986106
17,3,True,0.5,2.0,0.5,0.0637970679948916,0,-0.026593160857015172,0.9474614021735808
17,4,True,0.5,2.0,0.5,0.06143650123329358,0,-0.031971991477331846,0.9382698101465702
17,5,True,0.5,2.0,0.5,0.11172254494869638,0,-0.04438438532638723,0.9046656388742049
17,6,True,0.5,2.0,0.5,0.11789225268078918,1,-0.0128920373630226,0.9436507104584188
17,7,True,0.5,2.0,0.5,0.14282515094578208,0,-0.10603086896773933,0.8459411150633436
17,8,True,0.5,2.0,0.5,0.1425184804384969,0,-0.051676983763996834,0.9267098749855778
17,9,True,0.5,2.0,0.5,0.06186126461832331,0,-0.08290219623116897,0.9163146181142717
17,10,True,0.5,2.0,0.5,0.061142063562674265,0,-0.20690549120890825,0.8374463837668875
17,11,True,0.5,2.0,0.5,0.08849687637278347,0,-0.0851499783875776,0.9132572195062688
17,12,True,0.5,2.0,0.5,0.06157121596616266,0,-0.20187255606242457,0.8517078537843737
17,13,True,0.5,2.0,0.5,0.30669750876628465,1,-0.04734110799477596,0.8733042684263688
17,14,True,0.5,2.0,0.5,0.06843725762621733,0,-0.033807746642544,0.9534461030095661
17,15,True,0.5,2.0,0.5,0.06384463633108928,0,-0.09157034671762607,0.8644510464213762
17,16,True,0.5,2.0,0.5,0.0653951509624745,0,-0.10430187668931662,0.8691924710404305
17,17,True,0.5,2.0,0.5,0.06360994170114664,0,-0.11731244018126241,0.9179327880755616
17,18,True,0.5,2.0,0.5,0.061474354142803445,0,-0.14679530027375584,0.8556363804659982
17,19,True,0.5,2.0,0.5,0.06108211106851802,0,-0.1776025443967316,0.8763124405679616
17,20,True,0.5,2.0,0.5,0.13366157843663595,0,-0.06079215158391457,0.8983491903380161
17,21,True,0.5,2.0,0.5,0.06170060803926736,0,-0.10640752619292779,0.8630366073037528
17,22,True,0.5,2.0,0.5,0.062468297738261125,0,-0.02863389717359052,0.9203287404137559
17,23,True,0.5,2.0,0.5,0.2643342272852526,0,-0.057526772784405204,0.8912430486241495
17,24,True,0.5,2.0,0.5,0.06919163159230046,0,-0.17694649850089847,0.8567721364346848
17,25,True,0.5,2.0,0.5,0.06254963114265888,0,-0.19267455998949776,0.9010823983205967
17,26,True,0.5,2.0,0.5,0.09004074026284792,0,-0.05064347729281571,0.9458780457676196
17,27,True,0.5,2.0,0.5,0.06124604026221259,0,-0.05513641292569353,0.8836335991283917
17,28,True,0.5,2.0,0.5,0.09697224975125252,0,-0.22066233296329565,0.8426091511197455
17,29,True,0.5,2.0,0.5,0.0744994390271061,0,-0.06604690557671226,0.9095891230625792
17,30,True,0.5,2.0,0.5,0.09442776852999157,0,-0.14678564653013307,0.8363915241252292
17,31,True,0.5,2.0,0.5,0.16478121349742947,0,-0.09056344357254423,0.861560824662343
17,32,True,0.5,2.0,0.5,0.06750572773426877,0,-0.04820775948580928,0.9182202491206095
17,33,True,0.5,2.0,0.5,0.061550100644370276,0,-0.21386304875178988,0.8967161044459039
17,34,True,0.5,2.0,0.5,0.06771196836205151,0,-0.060417431331003114,0.9506814658037037
17,35,True,0.5,2.0,0.5,0.061331673285076604,0,-0.04238687212380424,0.9623507650190832
17,36,True,0.5,2.0,0.5,0.10303794449634185,0,-0.07534548668291527,0.9221417154070163
17,37,True,0.5,2.0,0.5,0.09056267915153426,0,-0.05928814070204115,0.9511787909547786
17,38,True,0.5,2.0,0.5,0.0613752581519067,0,-0.1331075857609844,0.8668736155547268
17,39,True,0.5,2.0,0.5,0.08901402421883786,0,-0.07710904242576828,0.9426032085512199
18,0,True,1.0,1.0,1.0,0.06354194756553477,0,-0.07517972965280321,0.9014015644664486
18,1,True,1.0,1.0,1.0,0.06753541016310438,0,0.007419072634554144,0.9208422577444053
18,2,True,1.0,1.0,1.0,0.06322759246131338,0,-0.14995716364568426,0.8673999399106487
18,3,True,1.0,1.0,1.0,0.0781483677839131,0,-0.012680027145681252,0.9530852153331816
18,4,True,1.0,1.0,1.0,0.06254168101635316,0,-0.022064676471644496,0.9410682609909508
18,5,True,1.0,1.0,1.0,0.10262983370091527,0,-0.03235555053891215,0.9167199377920897
18,6,True,1.0,1.0,1.0,0.16700241261725868,0,-0.0043736283060979726,0.9439520875738223
18,7,True,1.0,1.0,1.0,0.29821027769440833,0,-0.08655827489171487,0.842130364705607
18,8,True,1.0,1.0,1.0,0.15218558166103857,0,-0.04316787572011701,0.929729330643046
18,9,True,1.0,1.0,1.0,0.06650990317379657,0,-0.06779266445222965,0.9206253403133384
18,10,True,1.0,1.0,1.0,0.06116085450424469,0,-0.20430625898488258,0.8508346616529587
18,11,True,1.0,1.0,1.0,0.102176964974252,0,-0.07792827066563932,0.9198868974415626
18,12,True,1.0,1.0,1.0,0.06341886470869751,0,-0.18271147657195452,0.8580299400660438
18,13,True,1.0,1.0,1.0,0.3900926730143992,1,-0.03102911544551713,0.8794407730620519
18,14,True,1.0,1.0,1.0,0.07255942576074914,0,-0.03062522676306246,0.9630318593990287
18,15,True,1.0,1.0,1.0,0.07260347909303799,0,-0.07297691412544123,0.8729742939014424
18,16,True,1.0,1.0,1.0,0.0804201638065446,0,-0.08626941421033382,0.8748590600114005
18,17,True,1.0,1.0,1.0,0.0697141594403784,0,-0.10289139846073717,0.926636432903084
18,18,True,1.0,1.0,1.0,0.06326920313233575,0,-0.1310359152487805,0.8671946220612047
18,19,True,1.0,1.0,1.0,0.06112307414011353,0,-0.17030694606167163,0.8812570500020983
18,20,True,1.0,1.0,1.0,0.18478352063090975,0,-0.05147039558532931,0.9084298525827298
18,21,True,1.0,1.0,1.0,0.0720364682975474,0,-0.1000075144716264,0.857295054607562
18,22,True,1.0,1.0,1.0,0.06301049625240884,0,-0.027701060627021226,0.9311352209796442
18,23,True,1.0,1.0,1.0,0.39667093646855744,1,-0.0434676333114531,0.9046878189452546
18,24,True,1.0,1.0,1.0,0.0743433145678033,0,-0.17007540761521073,0.8701491618997313
18,25,True,1.0,1.0,1.0,0.06332552621868259,0,-0.18992897811661633,0.8995631738549036
18,26,True,1.0,1.0,1.0,0.1309308606655637,0,-0.033342366898719694,0.9586635190312401
18,27,True,1.0,1.0,1.0,0.072798860871787,0,-0.043144450225476264,0.8956174627129879
18,28,True,1.0,1.0,1.0,0.10835750400721122,0,-0.21367054697369398,0.8497856664822441
18,29,True,1.0,1.0,1.0,0.12036076768733062,0,-0.05094849045694119,0.9156566619587038
18,30,True,1.0,1.0,1.0,0.13331603916004764,0,-0.13236250017501175,0.8437053612913676
18,31,True,1.0,1.0,1.0,0.1846951809630114,0,-0.085078361016802,0.8699048593557244
18,32,True,1.0,1.0,1.0,0.09866953799178357,0,-0.03160265811768783,0.9324878787868242
18,33,True,1.0,1.0,1.0,0.061500208555396174,0,-0.2120863685302901,0.8983529043949159
18,34,True,1.0,1.0,1.0,0.08727338995884337,0,-0.044642735666307665,0.9566547280845605
18,35,True,1.0,1.0,1.0,0.06158625201529755,0,-0.039104841490971466,0.9644894925436972
18,36,True,1.0,1.0,1.0,0.15253895254590122,0,-0.06269786909489664,0.9268713714991478
18,37,True,1.0,1.0,1.0,0.1048350661767844,0,-0.051316795822253305,0.9576582815715955
18,38,True,1.0,1.0,1.0,0.06336180648643674,0,-0.11536266401308307,0.8784448351066164
18,39,True,1.0,1.0,1.0,0.0895363965554854,0,-0.0709315902903741,0.9508313171976552
19,0,True,1.0,1.0,0.7,0.06399138416092587,0,-0.08045175900462956,0.885750140319786
19,1,True,1.0,1.0,0.7,0.06736583124648798,0,0.006077534071077251,0.9142419923619965
19,2,True,1.0,1.0,0.7,0.0632993941973844,1,-0.15459564286512253,0.8578863592091953
19,3,True,1.0,1.0,0.7,0.07053175975456416,0,-0.019017729262021024,0.9441396363905836
19,4,True,1.0,1.0,0.7,0.06209310861562656,0,-0.02682001319131519,0.9313533474618809
19,5,True,1.0,1.0,0.7,0.09917177038867697,0,-0.03557201515931441,0.9055046854161446
19,6,True,1.0,1.0,0.7,0.1554717083932715,0,-0.006210219208603278,0.9350817020866184
19,7,True,1.0,1.0,0.7,0.27399020168810284,0,-0.09081436391433659,0.8350974029805804
19,8,True,1.0,1.0,0.7,0.1476671866140511,0,-0.046190347070931906,0.9211934751813673
19,9,True,1.0,1.0,0.7,0.06520959836937767,0,-0.07370019869956058,0.9123537910692517
19,10,True,1.0,1.0,0.7,0.06114894665074022,0,-0.2051210570138772,0.8353522446035777
19,11,True,1.0,1.0,0.7,0.12439824746752826,0,-0.07793407213283605,0.9130436897227214
19,12,True,1.0,1.0,0.7,0.06248808008684603,0,-0.18684189689851013,0.8496197163864464
19,13,True,1.0,1.0,0.7,0.32477904498998866,1,-0.036502406454147575,0.8742165846407958
19,14,True,1.0,1.0,0.7,0.07076512931743995,0,-0.031807886818952816,0.9547682696408449
19,15,True,1.0,1.0,0.7,0.06902930344079128,0,-0.07790272205247106,0.8617802464549055
19,16,True,1.0,1.0,0.7,0.08304679939971782,0,-0.09400744521939916,0.8550544446162671
19,17,True,1.0,1.0,0.7,0.0679941376032992,0,-0.10897556791651775,0.9179894160738588
19,18,True,1.0,1.0,0.7,0.06149112749365837,0,-0.13033198614399466,0.8565350739353607
19,19,True,1.0,1.0,0.7,0.061101151580402746,0,-0.1747137263675085,0.8739032477352854
19,20,True,1.0,1.0,0.7,0.16238921023869024,0,-0.05395289719681953,0.9054012307207505
19,21,True,1.0,1.0,0.7,0.07462778218820754,0,-0.10167499306169217,0.8593588168362343
19,22,True,1.0,1.0,0.7,0.06302978996723452,0,-0.02852079592163188,0.920151332743567
19,23,True,1.0,1.0,0.7,0.33957904754955726,1,-0.05053251320264183,0.8937444386959289
19,24,True,1.0,1.0,0.7,0.07214386329216671,0,-0.17342395297173388,0.850950790497609
19,25,True,1.0,1.0,0.7,0.06284537871243578,0,-0.19219085348894327,0.8943305493153699
19,26,True,1.0,1.0,0.7,0.10401416249829742,0,-0.041188605095380165,0.9477390879498624
19,27,True,1.0,1.0,0.7,0.07232894962718273,0,-0.04388176771073254,0.8864539259203412
19,28,True,1.0,1.0,0.7,0.10661831773065267,0,-0.21557554316494065,0.8417984897004255
19,29,True,1.0,1.0,0.7,0.10462652502857706,0,-0.05600156673183509,0.9066619384562256
19,30,True,1.0,1.0,0.7,0.14559929782716652,0,-0.13407222023373563,0.8351737876045173
19,31,True,1.0,1.0,0.7,0.1849773565337337,0,-0.08746408552175591,0.8659326223949602
19,32,True,1.0,1.0,0.7,0.09259227847596618,0,-0.03759412756050212,0.9203001284503117
19,33,True,1.0,1.0,0.7,0.06148905813821526,0,-0.2131353663128471,0.8935697347833337
19,34,True,1.0,1.0,0.7,0.07652081114309806,0,-0.05127512384606895,0.9467162867330746
19,35,True,1.0,1.0,0.7,0.06151221673033891,0,-0.04082454568870294,0.9596496131576783
19,36,True,1.0,1.0,0.7,0.1308962658865518,0,-0.06882762419730765,0.9186124991678077
19,37,True,1.0,1.0,0.7,0.09623700109554978,0,-0.05503160858231485,0.9509778963275031
19,38,True,1.0,1.0,0.7,0.06309464074470128,0,-0.12121028710697401,0.8688365143696097
19,39,True,1.0,1.0,0.7,0.08950885269189757,0,-0.07357095424864357,0.943130689821158
20,0,True,1.0,1.0,0.5,0.06275020367272288,0,-0.08485613976636568,0.8830835705918626
20,1,True,1.0,1.0,0.5,0.06675853738198267,0,0.0034560839833754652,0.9030844030766412
20,2,True,1.0,1.0,0.5,0.06368750321683814,0,-0.15484162297897502,0.8423940384441682
20,3,True,1.0,1.0,0.5,0.06696042837421445,0,-0.022385225281834634,0.928416404897139
20,4,True,1.0,1.0,0.5,0.0626790290758431,1,-0.03052671618878099,0.9187952880251924
20,5,True,1.0,1.0,0.5,0.10376057263290206,0,-0.036944884892979535,0.8949917616831023
20,6,True,1.0,1.0,0.5,0.13272954848758367,0,-0.009655294578621616,0.9234067683923659
20,7,True,1.0,1.0,0.5,0.19178282789846257,0,-0.10025286112051925,0.8288471278583053
20,8,True,1.0,1.0,0.5,0.1457355829128708,0,-0.04923821369554812,0.9101562014325617
20,9,True,1.0,1.0,0.5,0.0643939222376897,0,-0.07930544188449112,0.8998991240100565
20,10,True,1.0,1.0,0.5,0.061147391969911924,0,-0.20717344706746005,0.8299712119555002
20,11,True,1.0,1.0,0.5,0.10014324089313154,0,-0.0799912478552391,0.8994630912636853
20,12,True,1.0,1.0,0.5,0.06239776076300407,0,-0.18885852027378103,0.8385520094715009
20,13,True,1.0,1.0,0.5,0.3167893138581006,1,-0.040571219677317166,0.8672691344996358
20,14,True,1.0,1.0,0.5,0.06953360189672475,0,-0.033632825359339195,0.9456673696362093
20,15,True,1.0,1.0,0.5,0.06748947604409783,0,-0.0842139110907936,0.8513761281014449
20,16,True,1.0,1.0,0.5,0.08380520322422458,0,-0.09554185651667102,0.864256890493792
20,17,True,1.0,1.0,0.5,0.06702581783180095,0,-0.1116191864255573,0.9045239788495523
20,18,True,1.0,1.0,0.5,0.06132162522715856,0,-0.13567727102665605,0.846862560148015
20,19,True,1.0,1.0,0.5,0.0610824644258986,0,-0.17631925766178286,0.8621922596507288
20,20,True,1.0,1.0,0.5,0.16510125398602227,0,-0.05493425209183016,0.8874736056630479
20,21,True,1.0,1.0,0.5,0.08189148619546804,0,-0.09962099233807593,0.8344049433975762
20,22,True,1.0,1.0,0.5,0.06302838830785584,0,-0.030010321176653167,0.9118608952584452
20,23,True,1.0,1.0,0.5,0.33434867549339087,1,-0.050706093973960704,0.8796517005833705
20,24,True,1.0,1.0,0.5,0.07058513889425766,0,-0.17513667534001315,0.8410517877493754
20,25,True,1.0,1.0,0.5,0.06275290672526324,0,-0.19379632088794455,0.8839344549046362
20,26,True,1.0,1.0,0.5,0.09976609169438677,0,-0.04633197547799345,0.9333093252754264
20,27,True,1.0,1.0,0.5,0.07147094599756643,0,-0.046596775844227424,0.8646187694592445
20,28,True,1.0,1.0,0.5,0.10556812804555504,0,-0.21741269287173198,0.8298882326502103
20,29,True,1.0,1.0,0.5,0.08890537071169424,0,-0.06153558233505091,0.8934751888390804
20,30,True,1.0,1.0,0.5,0.13266922569731943,0,-0.13813918589965604,0.823339587043816
20,31,True,1.0,1.0,0.5,0.18750240107589367,0,-0.08898263418269882,0.8554703821368485
20,32,True,1.0,1.0,0.5,0.08889774614290857,0,-0.04295290640540728,0.905228765681052
20,33,True,1.0,1.0,0.5,0.061560924059660294,0,-0.2135831086051674,0.8829695537871374
20,34,True,1.0,1.0,0.5,0.07095250568616818,0,-0.05657159322572462,0.936235176526805
20,35,True,1.0,1.0,0.5,0.06153928306390988,0,-0.04218159666258232,0.9489089392596572
20,36,True,1.0,1.0,0.5,0.1262880766310579,0,-0.07081151030626928,0.9086735146892367
20,37,True,1.0,1.0,0.5,0.0957173840159018,0,-0.0580327983892361,0.9390918636835306
20,38,True,1.0,1.0,0.5,0.06302068130009086,0,-0.12593139283107965,0.8524169756228189
20,39,True,1.0,1.0,0.5,0.08959542395353481,0,-0.07602968028460344,0.9337552342174908
21,0,True,1.0,1.5,1.0,0.06324299717802273,0,-0.08442705920534799,0.9015473548616357
21,1,True,1.0,1.5,1.0,0.0720187153488816,0,0.0028163746967379668,0.9248511579450942
21,2,True,1.0,1.5,1.0,0.06788174225264365,0,-0.15786300669906966,0.8813206716273163
21,3,True,1.0,1.5,1.0,0.0682282899682165,0,-0.017340359077762085,0.9499724147330426
21,4,True,1.0,1.5,1.0,0.06310024080818821,0,-0.023938861610001663,0.9364657034081443
21,5,True,1.0,1.5,1.0,0.07998835243798752,0,-0.03764480955466971,0.9138900116159397
21,6,True,1.0,1.5,1.0,0.1725989889416233,0,-0.003892765809977737,0.9433546955075996
21,7,True,1.0,1.5,1.0,0.1383613183518101,0,-0.10153937337391265,0.8544308853800572
21,8,True,1.0,1.5,1.0,0.15294171498445353,0,-0.04307626454682687,0.9309941094431161
21,9,True,1.0,1.5,1.0,0.06374483785507878,0,-0.0741421121017094,0.9249477571707324
21,10,True,1.0,1.5,1.0,0.06114461823194772,0,-0.20706956447935837,0.8477854578955865
21,11,True,1.0,1.5,1.0,0.09253367379531086,0,-0.08376646512282919,0.9255836697075135
21,12,True,1.0,1.5,1.0,0.061823380568452935,0,-0.19768365519027958,0.8730501410678225
21,13,True,1.0,1.5,1.0,0.28271835388321087,1,-0.04465773498131599,0.8968222326082785
21,14,True,1.0,1.5,1.0,0.07170540682940718,0,-0.02998822685622594,0.9611291623905536
21,15,True,1.0,1.5,1.0,0.06620498148268339,0,-0.08728710382029298,0.870923921371096
21,16,True,1.0,1.5,1.0,0.06791317650670314,0,-0.099907847435525,0.8800496026694651
21,17,True,1.0,1.5,1.0,0.0677615221057718,0,-0.10885290381112554,0.9269339545536115
21,18,True,1.0,1.5,1.0,0.06218489551737405,0,-0.1380996957498248,0.8733735597931529
21,19,True,1.0,1.5,1.0,0.061089483411487344,0,-0.17574470064735181,0.8786256568037605
21,20,True,1.0,1.5,1.0,0.1561087651502786,0,-0.0562864573643351,0.9132877827643615
21,21,True,1.0,1.5,1.0,0.06199344200521595,0,-0.1061431277228335,0.8815848252401873
21,22,True,1.0,1.5,1.0,0.06594563808731391,0,-0.026843874358230605,0.9301758579984529
21,23,True,1.0,1.5,1.0,0.2894694793743272,1,-0.050543210369183196,0.9106195568562286
21,24,True,1.0,1.5,1.0,0.0724608210322133,0,-0.17584957985282382,0.8593233094861393
21,25,True,1.0,1.5,1.0,0.0631912935908755,0,-0.19197344106978556,0.8982689806947145
21,26,True,1.0,1.5,1.0,0.11437321224958175,0,-0.03934510511819835,0.9561807074921365
21,27,True,1.0,1.5,1.0,0.061565297725657664,0,-0.04668406539137569,0.9032689029448836
21,28,True,1.0,1.5,1.0,0.0985960016565064,0,-0.21887325085044848,0.8543955796502438
21,29,True,1.0,1.5,1.0,0.09125468195495179,0,-0.055762929983561964,0.9183283703771645
21,30,True,1.0,1.5,1.0,0.10619382168160663,0,-0.13830525138316668,0.859893338816063
21,31,True,1.0,1.5,1.0,0.17774498198849653,0,-0.09029452104602534,0.8864584776263168
21,32,True,1.0,1.5,1.0,0.0757667421362439,0,-0.04124282413103134,0.9293273860148993
21,33,True,1.0,1.5,1.0,0.061421205394855516,0,-0.2154339685169582,0.9037624468074692
21,34,True,1.0,1.5,1.0,0.07838994337057126,0,-0.04928052190328573,0.9579098340885881
21,35,True,1.0,1.5,1.0,0.061548908323207696,0,-0.04095712462524995,0.9667327504738308
21,36,True,1.0,1.5,1.0,0.13207141371251963,0,-0.06681892120969567,0.9309634878753361
21,37,True,1.0,1.5,1.0,0.09744710147695224,0,-0.0539965675730834,0.959479434035844
21,38,True,1.0,1.5,1.0,0.06166548537634853,0,-0.12321813382361028,0.883412981866604
21,39,True,1.0,1.5,1.0,0.08932887039170134,0,-0.0748710606108537,0.9541816686868212
22,0,True,1.0,1.5,0.7,0.0626586264601221,0,-0.0876232043128642,0.8938466685695642
22,1,True,1.0,1.5,0.7,0.06537707564181483,0,-0.0007735769170040712,0.9143397614506721
22,2,True,1.0,1.5,0.7,0.06505518689616685,1,-0.16441035368363402,0.8758277304855262
22,3,True,1.0,1.5,0.7,0.06550201340921513,0,-0.021977282738502114,0.9445971529061955
22,4,True,1.0,1.5,0.7,0.06262920590575027,0,-0.028042456026037783,0.9341219204566678
22,5,True,1.0,1.5,0.7,0.07867748977247868,0,-0.042065933872513915,0.9109187660916165
22,6,True,1.0,1.5,0.7,0.15300681823594298,0,-0.00865018506241954,0.9336239165889041
22,7,True,1.0,1.5,0.7,0.13486557154124268,0,-0.10501199237006377,0.8481362339095833
22,8,True,1.0,1.5,0.7,0.14735536404511995,0,-0.047615246055321275,0.9199208793117841
22,9,True,1.0,1.5,0.7,0.06315064208966348,0,-0.07923815435467582,0.916335508561469
22,10,True,1.0,1.5,0.7,0.061142690011343426,0,-0.20769179785797406,0.8511887594090916
22,11,True,1.0,1.5,0.7,0.08922654919022166,0,-0.08452967976362004,0.9154977656845508
22,12,True,1.0,1.5,0.7,0.061425642772469646,0,-0.19624217911313477,0.8706082838087852
22,13,True,1.0,1.5,0.7,0.26301842152943644,1,-0.04737935553336252,0.8812378627508962
22,14,True,1.0,1.5,0.7,0.06910558347926066,0,-0.032568404006136205,0.9528210529326441
22,15,True,1.0,1.5,0.7,0.06489176093498572,0,-0.09293702417999128,0.8672346445991745
22,16,True,1.0,1.5,0.7,0.06676625955729842,0,-0.10118371878750448,0.868414461519836
22,17,True,1.0,1.5,0.7,0.06666434194023563,0,-0.11486663670662203,0.9180385050622485
22,18,True,1.0,1.5,0.7,0.06164104714439589,0,-0.14404256291639955,0.8627861784555939
22,19,True,1.0,1.5,0.7,0.06108508113173572,0,-0.17754106536722092,0.8733628333386563
22,20,True,1.0,1.5,0.7,0.14758475230859158,0,-0.057891068508703354,0.9075264498003106
22,21,True,1.0,1.5,0.7,0.06175072174075136,0,-0.10588847812067576,0.868142140889557
22,22,True,1.0,1.5,0.7,0.06591901987788018,0,-0.030503727196852265,0.9124926722477471
22,23,True,1.0,1.5,0.7,0.2833187221436081,1,-0.05500322276438085,0.8988534911981243
22,24,True,1.0,1.5,0.7,0.07068105075712794,0,-0.17736189191294408,0.8550244700831902
22,25,True,1.0,1.5,0.7,0.06282152748157421,0,-0.1929670219788776,0.8932462582896064
22,26,True,1.0,1.5,0.7,0.10205519329796442,0,-0.043627110706117786,0.9403134077361226
22,27,True,1.0,1.5,0.7,0.06150569042696685,0,-0.05048901231478881,0.8993158467642319
22,28,True,1.0,1.5,0.7,0.098113677413453,0,-0.22031391837841163,0.8466300788153429
22,29,True,1.0,1.5,0.7,0.09778165231797276,0,-0.06219997684250963,0.9099665507397393
22,30,True,1.0,1.5,0.7,0.0979578028900897,0,-0.1424764362604487,0.8531176353115673
22,31,True,1.0,1.5,0.7,0.19018955728602116,0,-0.08306263652391895,0.8773123466232681
22,32,True,1.0,1.5,0.7,0.07427288148007216,0,-0.044491614991077656,0.9201040948961848
22,33,True,1.0,1.5,0.7,0.06139803463544513,0,-0.21581933976908205,0.8964696044934835
22,34,True,1.0,1.5,0.7,0.07249501265489267,0,-0.054792885452841326,0.9442820528974879
22,35,True,1.0,1.5,0.7,0.061552462633999605,1,-0.04192690465837782,0.959785531533018
22,36,True,1.0,1.5,0.7,0.11701678478916322,0,-0.07324261306877418,0.9209454969096434
22,37,True,1.0,1.5,0.7,0.09652469659747698,0,-0.05743649309409936,0.9508835579415748
22,38,True,1.0,1.5,0.7,0.061554435916251315,0,-0.13071069706502694,0.8774597791212388
22,39,True,1.0,1.5,0.7,0.08933615597775701,0,-0.07741225959626126,0.945844727923825
23,0,True,1.0,1.5,0.5,0.06223799983592937,0,-0.08944060446873126,0.8809241031023526
23,1,True,1.0,1.5,0.5,0.06622780307174247,0,-0.001581233928357459,0.9026682588707924
23,2,True,1.0,1.5,0.5,0.06113242845754163,1,-0.17145099676154318,0.8588170518636619
23,3,True,1.0,1.5,0.5,0.06634550653885829,0,-0.02603166151718971,0.9309238435881813
23,4,True,1.0,1.5,0.5,0.062387990182372954,1,-0.03153289660862932,0.919849425364411
23,5,True,1.0,1.5,0.5,0.07950246453679322,0,-0.04243296205110543,0.8942952515428841
23,6,True,1.0,1.5,0.5,0.13803784290616683,0,-0.009837138983134196,0.9253431312701883
23,7,True,1.0,1.5,0.5,0.14598014157155026,0,-0.1065176162720968,0.8452500829265309
23,8,True,1.0,1.5,0.5,0.14540466818974096,0,-0.051039152264347035,0.9091537501011611
23,9,True,1.0,1.5,0.5,0.06281169419756072,0,-0.08185531953470455,0.903860004881651
23,10,True,1.0,1.5,0.5,0.06114077457513967,0,-0.2090469760686516,0.8269859070394167
23,11,True,1.0,1.5,0.5,0.08860749880700647,0,-0.08261224178552791,0.9118293681584105
23,12,True,1.0,1.5,0.5,0.06150679650217761,0,-0.2025098795370449,0.8508945606271571
23,13,True,1.0,1.5,0.5,0.3064094062330137,1,-0.04750959865284794,0.8701499389576006
23,14,True,1.0,1.5,0.5,0.06894676731373073,0,-0.034223024907722055,0.9396988911629646
23,15,True,1.0,1.5,0.5,0.0640655705851717,0,-0.09215902843053524,0.8582832358506383
23,16,True,1.0,1.5,0.5,0.06704233878723054,0,-0.10553373981474017,0.8595499892523291
23,17,True,1.0,1.5,0.5,0.06599559326925131,0,-0.11704252057269425,0.9042632782411195
23,18,True,1.0,1.5,0.5,0.06143027055131234,0,-0.1474955916401933,0.8536310876443264
23,19,True,1.0,1.5,0.5,0.06107976377323243,0,-0.17808072034132585,0.862745999914062
23,20,True,1.0,1.5,0.5,0.14342493949328328,0,-0.059200365561678785,0.8945730154744401
23,21,True,1.0,1.5,0.5,0.06174236186990867,1,-0.10523173743628125,0.8593216427184664
23,22,True,1.0,1.5,0.5,0.06656990565722953,0,-0.03248651033725742,0.9031615716351628
23,23,True,1.0,1.5,0.5,0.2614051530165853,1,-0.05860006992851122,0.8804542637984696
23,24,True,1.0,1.5,0.5,0.06968961744798174,0,-0.17898231463653952,0.8404166526501031
23,25,True,1.0,1.5,0.5,0.06261094148571655,0,-0.19589309455115228,0.8824775423486932
23,26,True,1.0,1.5,0.5,0.0986447594937484,0,-0.049863148055290185,0.9313497863310659
23,27,True,1.0,1.5,0.5,0.06186218178404845,0,-0.0530803158175245,0.8808317755552689
23,28,True,1.0,1.5,0.5,0.09769337310588866,0,-0.22164637222807249,0.8340638148147345
23,29,True,1.0,1.5,0.5,0.08458468351203674,0,-0.06520617129114012,0.8998269274405734
23,30,True,1.0,1.5,0.5,0.09331283722385841,0,-0.1465617251469606,0.8407699356073765
23,31,True,1.0,1.5,0.5,0.17867294385031784,0,-0.08417222120571259,0.862888964407002
23,32,True,1.0,1.5,0.5,0.07350578703404897,0,-0.04811905895213782,0.9067545066230507
23,33,True,1.0,1.5,0.5,0.061483399335997,0,-0.21545715259402554,0.8829193744944333
23,34,True,1.0,1.5,0.5,0.07175670766273068,0,-0.059382139161532774,0.932306882938142
23,35,True,1.0,1.5,0.5,0.06158206344987238,0,-0.04325300835305257,0.9449438404993435
23,36,True,1.0,1.5,0.5,0.11282559167154782,0,-0.07602601646275799,0.9063821864039946
23,37,True,1.0,1.5,0.5,0.09605738460919988,0,-0.06007540941316932,0.9390536920896996
23,38,True,1.0,1.5,0.5,0.06152924785061653,0,-0.13402612315722634,0.8658217929845008
23,39,True,1.0,1.5,0.5,0.08941327906109098,0,-0.07874735667131885,0.9338873398296028
24,0,True,1.0,2.0,1.0,0.06372515018028957,0,-0.0840697154209617,0.8980598059099333
24,1,True,1.0,2.0,1.0,0.09383218230219503,0,0.004757743716746188,0.9204075918222363
24,2,True,1.0,2.0,1.0,0.06150970615968587,0,-0.15828654362906827,0.8753913722710578
24,3,True,1.0,2.0,1.0,0.07724591878369325,0,-0.017630024348519593,0.9484509296901908
24,4,True,1.0,2.0,1.0,0.06334157153436715,0,-0.02230038123742558,0.9377628787443828
24,5,True,1.0,2.0,1.0,0.08219843939289484,0,-0.03861013733555046,0.9046909105036536
24,6,True,1.0,2.0,1.0,0.16749656094451149,0,-0.0035776734531274067,0.9400788600458533
24,7,True,1.0,2.0,1.0,0.13922450310254852,0,-0.10326031988327058,0.8454037364818009
24,8,True,1.0,2.0,1.0,0.15367530843179356,0,-0.04269436579003158,0.9289218454535683
24,9,True,1.0,2.0,1.0,0.06414903407198491,0,-0.07334804103833367,0.9201065780374111
24,10,True,1.0,2.0,1.0,0.06114268608752982,0,-0.20731339345516,0.8512752451663939
24,11,True,1.0,2.0,1.0,0.09465640699853661,0,-0.0821589212165411,0.9247637517340141
24,12,True,1.0,2.0,1.0,0.061800954790040885,0,-0.1992391732196024,0.8631525695706375
24,13,True,1.0,2.0,1.0,0.3041217340571266,1,-0.04576140903581731,0.8745229102178105
24,14,True,1.0,2.0,1.0,0.07529551169529602,0,-0.02883769068562777,0.9573304380871267
24,15,True,1.0,2.0,1.0,0.06716120370837264,0,-0.08571016968581922,0.8636448790402341
24,16,True,1.0,2.0,1.0,0.066688203142106,0,-0.10006286188920513,0.8697645895805189
24,17,True,1.0,2.0,1.0,0.06879703070940024,0,-0.10747209775983466,0.9224739038910675
24,18,True,1.0,2.0,1.0,0.062282338162006234,0,-0.13928385342270316,0.8607521087556937
24,19,True,1.0,2.0,1.0,0.06109349507272055,0,-0.17595739471770996,0.8754898700712784
24,20,True,1.0,2.0,1.0,0.16237184204475397,0,-0.05639142827174678,0.9053406690782627
24,21,True,1.0,2.0,1.0,0.06186380208206199,0,-0.1077700253855163,0.8651716391734441
24,22,True,1.0,2.0,1.0,0.06659844943259507,0,-0.02619942933219164,0.9237925453812905
24,23,True,1.0,2.0,1.0,0.32068439763895273,1,-0.05086175145459153,0.8985603435294655
24,24,True,1.0,2.0,1.0,0.07278315949073111,0,-0.17525456396423636,0.8650278070558685
24,25,True,1.0,2.0,1.0,0.06327735368479936,0,-0.19209726091292448,0.8961699180435319
24,26,True,1.0,2.0,1.0,0.11995835717027381,0,-0.03643450759517245,0.9542543656413649
24,27,True,1.0,2.0,1.0,0.06150653325525879,0,-0.05101226319394836,0.8960179622028914
24,28,True,1.0,2.0,1.0,0.09873298231987382,0,-0.22024897276316524,0.8475704806840452
24,29,True,1.0,2.0,1.0,0.10317287597629066,0,-0.05361441314525778,0.9114120941244706
24,30,True,1.0,2.0,1.0,0.1018988607095459,0,-0.14064341685207699,0.8538846845222452
24,31,True,1.0,2.0,1.0,0.1781953581273401,0,-0.09035713385312423,0.8738138371507854
24,32,True,1.0,2.0,1.0,0.07794405534959614,0,-0.04036626970971494,0.9233828310240859
24,33,True,1.0,2.0,1.0,0.06143803228635347,0,-0.21386883965705458,0.9005322430117967
24,34,True,1.0,2.0,1.0,0.08164086530088344,0,-0.04801435832266447,0.955325046733664
24,35,True,1.0,2.0,1.0,0.061656522413952475,0,-0.04013129117427933,0.9631466831317426
24,36,True,1.0,2.0,1.0,0.13360094106306963,0,-0.06946268515196463,0.9189153906739546
24,37,True,1.0,2.0,1.0,0.0995704314545125,0,-0.052949392160942264,0.9551415979133052
24,38,True,1.0,2.0,1.0,0.06171737675337707,0,-0.12513883659378414,0.8787815519643307
24,39,True,1.0,2.0,1.0,0.08942984623134276,0,-0.07375258298412553,0.9493448303662138
25,0,True,1.0,2.0,0.7,0.06304200445090302,0,-0.08938261587255251,0.8913146740855588
25,1,True,1.0,2.0,0.7,0.07105106687199236,0,0.000918127629131921,0.9065539121924736
25,2,True,1.0,2.0,0.7,0.061141689802185595,1,-0.171218574187923,0.863370272770445
25,3,True,1.0,2.0,0.7,0.06750072758082748,0,-0.021000269542778158,0.9342874682084013
25,4,True,1.0,2.0,0.7,0.06279411120085587,1,-0.026893896734417177,0.9294265951569205
25,5,True,1.0,2.0,0.7,0.07969829667062867,0,-0.04337684241799739,0.8962990034736495
25,6,True,1.0,2.0,0.7,0.16038865779784017,0,-0.007498539223406859,0.9301916593617454
25,7,True,1.0,2.0,0.7,0.1359448530166779,0,-0.10639890755741502,0.8363061552649367
25,8,True,1.0,2.0,0.7,0.15021311770713597,0,-0.046357505697536106,0.9189967201326767
25,9,True,1.0,2.0,0.7,0.06347591602803715,0,-0.0783721454153733,0.9108073977791893
25,10,True,1.0,2.0,0.7,0.06114081603874677,0,-0.20886290505470942,0.8315507446594372
25,11,True,1.0,2.0,0.7,0.09188655929879286,0,-0.08515321833480911,0.9137971991680293
25,12,True,1.0,2.0,0.7,0.061408009927191864,0,-0.1975128136382686,0.8585038374055799
25,13,True,1.0,2.0,0.7,0.2854295310637619,1,-0.049312484722400955,0.8651686253112619
25,14,True,1.0,2.0,0.7,0.0713717786866429,0,-0.031402505912391125,0.9480419056002766
25,15,True,1.0,2.0,0.7,0.065492359705288,0,-0.09159884090160678,0.8604462542823075
25,16,True,1.0,2.0,0.7,0.06729827556410217,0,-0.09946038137510216,0.8613118651978355
25,17,True,1.0,2.0,0.7,0.06746476868151496,0,-0.11342451696082914,0.9127336639394152
25,18,True,1.0,2.0,0.7,0.06172425356249034,0,-0.14400500078452264,0.8507374686352457
25,19,True,1.0,2.0,0.7,0.06108577123436976,0,-0.1779312385219146,0.8680313339142111
25,20,True,1.0,2.0,0.7,0.1557821445086982,0,-0.0578574891294324,0.8968934096441874
25,21,True,1.0,2.0,0.7,0.06147124757661493,1,-0.10764454240841641,0.8603883287705183
25,22,True,1.0,2.0,0.7,0.06659419261864785,0,-0.02944994826924966,0.9114281858460966
25,23,True,1.0,2.0,0.7,0.2535823719449942,1,-0.05888649359438124,0.9002675174306064
25,24,True,1.0,2.0,0.7,0.07116129981304564,0,-0.17845737968665484,0.8445759053464281
25,25,True,1.0,2.0,0.7,0.06288685951369322,0,-0.19303342731782577,0.890448070568293
25,26,True,1.0,2.0,0.7,0.10461533345409313,0,-0.04362281841710415,0.940849220354175
25,27,True,1.0,2.0,0.7,0.06143609935924821,0,-0.05421241043195316,0.8817686020547294
25,28,True,1.0,2.0,0.7,0.09825801296925218,0,-0.22142549631743505,0.8374410882654809
25,29,True,1.0,2.0,0.7,0.09298702875399456,0,-0.05980855800382552,0.900390901697772
25,30,True,1.0,2.0,0.7,0.09616742672397527,0,-0.14527984611328296,0.8423097637167817
25,31,True,1.0,2.0,0.7,0.19206378674999924,0,-0.0826755192776348,0.8495759427617884
25,32,True,1.0,2.0,0.7,0.07619889531995472,0,-0.04358882293114134,0.9130922937349324
25,33,True,1.0,2.0,0.7,0.061392401077675296,0,-0.2167176604953075,0.8919889243620206
25,34,True,1.0,2.0,0.7,0.07469382241465239,0,-0.05261458424578556,0.942042442007748
25,35,True,1.0,2.0,0.7,0.06162844865373185,0,-0.04159663182933869,0.9518948684128582
25,36,True,1.0,2.0,0.7,0.12209857339749408,0,-0.0725877848051461,0.9157419031805945
25,37,True,1.0,2.0,0.7,0.09847603826392781,0,-0.0559639580245119,0.9464405061733929
25,38,True,1.0,2.0,0.7,0.06163382798958761,0,-0.13004481724197892,0.8658255290251518
25,39,True,1.0,2.0,0.7,0.08944763135479572,0,-0.07686713465995064,0.9407139863865999
26,0,True,1.0,2.0,0.5,0.062418519352518076,0,-0.09066769614761522,0.8669668575987657
26,1,True,1.0,2.0,0.5,0.06971319294823086,0,-0.0009458720515360019,0.8933663369476709
26,2,True,1.0,2.0,0.5,0.06265026940326734,1,-0.17101631483656143,0.8464749928521473
26,3,True,1.0,2.0,0.5,0.06542865654376506,0,-0.025347285444841584,0.9255965520016799
26,4,True,1.0,2.0,0.5,0.06248076255385082,0,-0.03064904438057516,0.9187169866702556
26,5,True,1.0,2.0,0.5,0.08011784804949795,0,-0.04499608841127015,0.882200354122093
26,6,True,1.0,2.0,0.5,0.14187490398740954,0,-0.010001028611645252,0.9215097161252708
26,7,True,1.0,2.0,0.5,0.14522150679042956,0,-0.10781261069839185,0.8321291001081113
26,8,True,1.0,2.0,0.5,0.14665638623072152,0,-0.05010458298464082,0.9053120757935603
26,9,True,1.0,2.0,0.5,0.06308426742701645,0,-0.0812988344708298,0.8957514609124625
26,10,True,1.0,2.0,0.5,0.06114073529896458,0,-0.2091498837892694,0.8111312292783803
26,11,True,1.0,2.0,0.5,0.08972207796772358,0,-0.08486722765308773,0.9031472386419033
26,12,True,1.0,2.0,0.5,0.06147684681895582,0,-0.201101288584594,0.8353293018560051
26,13,True,1.0,2.0,0.5,0.2523012907134614,1,-0.052123965880815505,0.8577478255691391
26,14,True,1.0,2.0,0.5,0.07043147752657397,0,-0.032885053999709146,0.9379769957292392
26,15,True,1.0,2.0,0.5,0.06447538821587273,0,-0.09257167983653086,0.8456982615145504
26,16,True,1.0,2.0,0.5,0.06716437359448879,0,-0.10520822648118779,0.8443733533032185
26,17,True,1.0,2.0,0.5,0.06665192410847964,0,-0.11563636180509715,0.8978217011478286
26,18,True,1.0,2.0,0.5,0.06146244680248858,0,-0.14825905704507591,0.8389085329164377
26,19,True,1.0,2.0,0.5,0.06107689404682337,0,-0.17982167023736326,0.8552950601283972
26,20,True,1.0,2.0,0.5,0.15168857133216684,0,-0.05949932541094331,0.8862902222656476
26,21,True,1.0,2.0,0.5,0.06184136709807708,1,-0.10944729458189079,0.8437100880478846
26,22,True,1.0,2.0,0.5,0.06732105207423411,0,-0.03123519291644059,0.9024372014022118
26,23,True,1.0,2.0,0.5,0.2594381906164852,0,-0.059261612614516825,0.878399477403224
26,24,True,1.0,2.0,0.5,0.06998953179813139,0,-0.1798681764759935,0.8314733806305998
26,25,True,1.0,2.0,0.5,0.06273373540528726,0,-0.19558804411643657,0.8754186003427185
26,26,True,1.0,2.0,0.5,0.10121355813929567,0,-0.04818506347648541,0.9264595277527882
26,27,True,1.0,2.0,0.5,0.06138570856327452,0,-0.05463173445489552,0.8673604624078046
26,28,True,1.0,2.0,0.5,0.0978448235882089,0,-0.2228404371553581,0.8232521019939854
26,29,True,1.0,2.0,0.5,0.08644978085340771,0,-0.06404134851712463,0.88870575550743
26,30,True,1.0,2.0,0.5,0.09308355914881694,0,-0.14830422189887216,0.8282696235271589
26,31,True,1.0,2.0,0.5,0.17961807142973307,0,-0.08632277705609244,0.8455274140826041
26,32,True,1.0,2.0,0.5,0.07531310828382853,0,-0.047256896430143906,0.898768402453933
26,33,True,1.0,2.0,0.5,0.06147018575732144,0,-0.21612195226898992,0.8763055219227361
26,34,True,1.0,2.0,0.5,0.07024428464246302,0,-0.05792196820075179,0.9276826278064549
26,35,True,1.0,2.0,0.5,0.061644818171019744,0,-0.04250410660919809,0.9389684165017483
26,36,True,1.0,2.0,0.5,0.1166397626457446,0,-0.07577039697441035,0.9019245959155812
26,37,True,1.0,2.0,0.5,0.09786978732606255,0,-0.05874355418954987,0.934010541550697
26,38,True,1.0,2.0,0.5,0.06160639703484205,0,-0.13341997503165992,0.8520605397431199
26,39,True,1.0,2.0,0.5,0.08953820396186352,0,-0.07879758395834534,0.9281492565559892
27,0,False,0.0,1.0,1.0,0.06392500122502787,0,-0.07636914154731132,0.9288045670466017
27,1,False,0.0,1.0,1.0,0.06492802145689536,0,0.005993692787603018,0.9512827639781557
27,2,False,0.0,1.0,1.0,0.06164145777058749,0,-0.15181733855957635,0.9071804307322279
27,3,False,0.0,1.0,1.0,0.06835742237108533,0,-0.01866825732753904,0.9778974178387383
27,4,False,0.0,1.0,1.0,0.06172556737402213,0,-0.023524072763326513,0.9654203087434385
27,5,False,0.0,1.0,1.0,0.06584203698351299,0,-0.03556312099740386,0.9469788120067928
27,6,False,0.0,1.0,1.0,0.1421063672159023,0,-0.004324587814404109,0.9667251250848049
27,7,False,0.0,1.0,1.0,0.14318481362545898,0,-0.09799001730819505,0.8895931785946528
27,8,False,0.0,1.0,1.0,0.14222434671482465,0,-0.042792816251058324,0.9562991730594721
27,9,False,0.0,1.0,1.0,0.0629617317499388,0,-0.06823870000367215,0.9527168312110371
27,10,False,0.0,1.0,1.0,0.06126545433947128,1,-0.20011254879888965,0.8874358971865561
27,11,False,0.0,1.0,1.0,0.09072207160622692,0,-0.07632345893541115,0.9396110349449339
27,12,False,0.0,1.0,1.0,0.062268862603995,0,-0.18903845523207313,0.8980765416503983
27,13,False,0.0,1.0,1.0,0.398547011640802,1,-0.03331670616353804,0.9226662945232776
27,14,False,0.0,1.0,1.0,0.07040844276123126,0,-0.03100207302471221,0.9813770948107602
27,15,False,0.0,1.0,1.0,0.0625239139550342,0,-0.07372157434480056,0.9000484342168911
27,16,False,0.0,1.0,1.0,0.07658615960319637,0,-0.09031825140695428,0.9164627017474015
27,17,False,0.0,1.0,1.0,0.06286209941185261,0,-0.10457606279458524,0.9547942235016612
27,18,False,0.0,1.0,1.0,0.06310684009870582,0,-0.1253522006587965,0.904584724438442
27,19,False,0.0,1.0,1.0,0.0611780045631265,0,-0.166927245475171,0.9067874769326435
27,20,False,0.0,1.0,1.0,0.13191285901191285,0,-0.05135672934793227,0.945746053825547
27,21,False,0.0,1.0,1.0,0.0655111496495413,0,-0.10045065754651171,0.9012990745765221
27,22,False,0.0,1.0,1.0,0.06135919373146648,0,-0.027204829408922326,0.9528309233999033
27,23,False,0.0,1.0,1.0,0.3512717254158928,1,-0.04822076213229673,0.9375198515312526
27,24,False,0.0,1.0,1.0,0.07484440896769307,0,-0.1658367233115271,0.9048234471106756
27,25,False,0.0,1.0,1.0,0.06278076772158847,0,-0.1866258990697102,0.9305237516397198
27,26,False,0.0,1.0,1.0,0.06625673354378026,0,-0.04256399439183991,0.9776625306037655
27,27,False,0.0,1.0,1.0,0.0617304345207913,0,-0.042570973902281005,0.9258646666206309
27,28,False,0.0,1.0,1.0,0.09869748795995337,0,-0.21145060472374552,0.8800380061325217
27,29,False,0.0,1.0,1.0,0.10034155123230015,0,-0.05344921419962622,0.9512389697692363
27,30,False,0.0,1.0,1.0,0.13909399238560338,1,-0.12773291528400435,0.8779401541158399
27,31,False,0.0,1.0,1.0,0.15764157820114022,0,-0.0842331493504268,0.9001335604979344
27,32,False,0.0,1.0,1.0,0.06817723382493013,0,-0.03614130506955088,0.9636562602299416
27,33,False,0.0,1.0,1.0,0.061602468737240845,0,-0.20858347969752172,0.9214466684906816
27,34,False,0.0,1.0,1.0,0.06791210771326717,0,-0.049746940028357674,0.9788766144946839
27,35,False,0.0,1.0,1.0,0.061345810770289444,0,-0.03988675022591011,0.9824831097774399
27,36,False,0.0,1.0,1.0,0.08307323781653964,0,-0.06666403833681592,0.9608836657869532
27,37,False,0.0,1.0,1.0,0.07390167510878931,0,-0.05521722898549913,0.9797742790257113
27,38,False,0.0,1.0,1.0,0.06113308342263801,0,-0.1192160548388125,0.9188835101625844
27,39,False,0.0,1.0,1.0,0.08824993363427469,0,-0.072773305537535,0.9748531506711132
28,0,False,0.0,1.0,0.7,0.061648195050524435,0,-0.08564029018145256,0.926477105326776
28,1,False,0.0,1.0,0.7,0.06272065949976857,0,0.004770516065545121,0.9460054309290301
28,2,False,0.0,1.0,0.7,0.06145341269668092,0,-0.1551602131412505,0.8996895145622315
28,3,False,0.0,1.0,0.7,0.06438132683558306,0,-0.02378833014571296,0.9700443509472659
28,4,False,0.0,1.0,0.7,0.061446859085868444,0,-0.028110295410258484,0.9575403494835425
28,5,False,0.0,1.0,0.7,0.06357903318032143,0,-0.04112991882718622,0.9415175508750929
28,6,False,0.0,1.0,0.7,0.1036398721414763,0,-0.009163159607248552,0.9623698357325704
28,7,False,0.0,1.0,0.7,0.15833730148317304,0,-0.10067818110790634,0.8699209649533939
28,8,False,0.0,1.0,0.7,0.1381016054906291,0,-0.04680350736778489,0.9484671087253916
28,9,False,0.0,1.0,0.7,0.061626533140496376,0,-0.07771555165770999,0.942667308009475
28,10,False,0.0,1.0,0.7,0.06123962338231681,0,-0.20228608068974824,0.8749129341171427
28,11,False,0.0,1.0,0.7,0.10112467557037053,0,-0.07501338534437121,0.9358978980326688
28,12,False,0.0,1.0,0.7,0.06193261502051228,0,-0.18785154616784575,0.9001715206607811
28,13,False,0.0,1.0,0.7,0.3375205573674024,1,-0.03754004739576373,0.9137964231574713
28,14,False,0.0,1.0,0.7,0.06967908335923534,0,-0.03242357866102105,0.9745566006299301
28,15,False,0.0,1.0,0.7,0.062230444378294725,0,-0.08329622612157395,0.9029932884405023
28,16,False,0.0,1.0,0.7,0.07541614432554244,0,-0.09378992391100455,0.9129760907732035
28,17,False,0.0,1.0,0.7,0.06250745572794136,0,-0.11246403823116062,0.9474739050973047
28,18,False,0.0,1.0,0.7,0.06174264564040077,0,-0.13683478023348228,0.8998360264312952
28,19,False,0.0,1.0,0.7,0.06113749045050687,1,-0.1694809874013437,0.9036701673788233
28,20,False,0.0,1.0,0.7,0.12331578585418501,0,-0.05278254928551694,0.9408428984248249
28,21,False,0.0,1.0,0.7,0.06484304821974785,0,-0.09840483933117877,0.8993335981666428
28,22,False,0.0,1.0,0.7,0.06135663889230514,0,-0.02837279165032457,0.9477779938264348
28,23,False,0.0,1.0,0.7,0.3250541445375844,0,-0.05296642032995025,0.9291616364479053
28,24,False,0.0,1.0,0.7,0.07068539381844385,0,-0.1692802278539435,0.8933716811871444
28,25,False,0.0,1.0,0.7,0.06258581472055214,0,-0.18979800103113126,0.924533359143086
28,26,False,0.0,1.0,0.7,0.06475941551816222,0,-0.04824772030728323,0.9715365393558506
28,27,False,0.0,1.0,0.7,0.06154906652617531,0,-0.04396007893703815,0.9234673220560536
28,28,False,0.0,1.0,0.7,0.09801878273212183,0,-0.2125152310883727,0.879043149574415
28,29,False,0.0,1.0,0.7,0.07665346139184781,0,-0.060772116014959805,0.9429045627554908
28,30,False,0.0,1.0,0.7,0.11379294591219802,1,-0.13481449869211487,0.8735492483548353
28,31,False,0.0,1.0,0.7,0.15136986059952473,0,-0.08475054666279115,0.9049736976754733
28,32,False,0.0,1.0,0.7,0.06431435549290598,0,-0.042838295957550704,0.9528298752444085
28,33,False,0.0,1.0,0.7,0.06174419195653569,0,-0.21010584243353228,0.9267857032717807
28,34,False,0.0,1.0,0.7,0.0636731125790676,0,-0.058961926230112593,0.9753834916449414
28,35,False,0.0,1.0,0.7,0.06129011333808965,1,-0.040999308799570554,0.9791175247290617
28,36,False,0.0,1.0,0.7,0.07118888984087912,0,-0.07441915070060853,0.9561654626867323
28,37,False,0.0,1.0,0.7,0.07827148215030111,0,-0.05924524715900356,0.9731172455557523
28,38,False,0.0,1.0,0.7,0.06111435800005782,0,-0.1253808551949253,0.9193421872883434
28,39,False,0.0,1.0,0.7,0.08823722352134389,0,-0.07401375041790408,0.9664439887338416
29,0,False,0.0,1.0,0.5,0.06155680162268029,1,-0.08617722812742185,0.9138606235267596
29,1,False,0.0,1.0,0.5,0.06227570816015793,0,-0.002204268711842838,0.9369306031179918
29,2,False,0.0,1.0,0.5,0.061178319004949855,0,-0.1665396521229988,0.8901964316513077
29,3,False,0.0,1.0,0.5,0.06235514189255198,0,-0.027579622281442073,0.9586177727720521
29,4,False,0.0,1.0,0.5,0.061317166645855514,0,-0.033610024169431,0.951457547632027
29,5,False,0.0,1.0,0.5,0.06369436062567557,0,-0.04117952083440537,0.9307043315812146
29,6,False,0.0,1.0,0.5,0.10698538813339376,0,-0.011062761140622917,0.9519676195670794
29,7,False,0.0,1.0,0.5,0.1395494801889544,0,-0.10587852429794951,0.8684786144992626
29,8,False,0.0,1.0,0.5,0.13607557518454982,0,-0.049304356194097454,0.9382275338302277
29,9,False,0.0,1.0,0.5,0.061461374560615734,0,-0.0800576829989556,0.9330723559532337
29,10,False,0.0,1.0,0.5,0.06123279121948577,0,-0.20317993637392445,0.863982635081033
29,11,False,0.0,1.0,0.5,0.08658994172670731,0,-0.07817831593284144,0.9279708706744121
29,12,False,0.0,1.0,0.5,0.06155855778790853,0,-0.19353903581225926,0.885181306392772
29,13,False,0.0,1.0,0.5,0.31030762327247996,1,-0.03804913761863367,0.9088704871788147
29,14,False,0.0,1.0,0.5,0.06828956213749182,0,-0.03439051662568175,0.9665860189931589
29,15,False,0.0,1.0,0.5,0.06218097002014533,0,-0.08790015067007922,0.8941301258775183
29,16,False,0.0,1.0,0.5,0.07598589550686718,0,-0.09934418561997106,0.8961025388476089
29,17,False,0.0,1.0,0.5,0.0623942402245099,0,-0.11636097359203043,0.937278848284477
29,18,False,0.0,1.0,0.5,0.061493619827466706,0,-0.14041208337680194,0.8910435758868884
29,19,False,0.0,1.0,0.5,0.06112593040213821,0,-0.173381522332213,0.8937912569648864
29,20,False,0.0,1.0,0.5,0.12446636071381445,0,-0.05342505386646142,0.9285670331576664
29,21,False,0.0,1.0,0.5,0.06601699795115734,0,-0.10223325121034896,0.8810618423078711
29,22,False,0.0,1.0,0.5,0.06136031828524169,0,-0.028976720343826753,0.939929730998023
29,23,False,0.0,1.0,0.5,0.293645353328132,1,-0.05299933225432731,0.9218255159275065
29,24,False,0.0,1.0,0.5,0.06938141361270878,0,-0.1714993578553467,0.8842186413465027
29,25,False,0.0,1.0,0.5,0.06249862522735106,0,-0.1923376735196742,0.9144410005881288
29,26,False,0.0,1.0,0.5,0.06386726011625954,0,-0.053459372687569,0.9599599992238614
29,27,False,0.0,1.0,0.5,0.061409023805772844,0,-0.04708732614167071,0.9124952528728287
29,28,False,0.0,1.0,0.5,0.09767008852806958,0,-0.21447158508174194,0.8682484741287428
29,29,False,0.0,1.0,0.5,0.0896137747076835,0,-0.06357184470559919,0.9331271397672148
29,30,False,0.0,1.0,0.5,0.10767223244854152,1,-0.13998807693093607,0.864787825890516
29,31,False,0.0,1.0,0.5,0.1516833851511118,0,-0.0824083102197536,0.8879100436119723
29,32,False,0.0,1.0,0.5,0.06308191088826509,0,-0.046328561585047695,0.942495661866682
29,33,False,0.0,1.0,0.5,0.06151825538332967,0,-0.21234093360663867,0.9129007782394312
29,34,False,0.0,1.0,0.5,0.06214490672432105,0,-0.06438599263577997,0.9664042165136487
29,35,False,0.0,1.0,0.5,0.06131141647063176,0,-0.040825383801893066,0.9715629912161582
29,36,False,0.0,1.0,0.5,0.07000506879212254,0,-0.07614996440389846,0.9451448330167113
29,37,False,0.0,1.0,0.5,0.07353602794941838,0,-0.060790729395856086,0.9651429797616345
29,38,False,0.0,1.0,0.5,0.061103529736183715,0,-0.1302369885173156,0.9020928965970112
29,39,False,0.0,1.0,0.5,0.08822769803637942,0,-0.07531937872742606,0.9571947192642044
30,0,False,0.0,1.5,1.0,0.061676416461435735,0,-0.08141763196426727,0.9332198108959989
30,1,False,0.0,1.5,1.0,0.06249144008568608,0,0.0030254854151521736,0.9470543807636141
30,2,False,0.0,1.5,1.0,0.06168824778776505,0,-0.15780686493770787,0.9022090551275027
30,3,False,0.0,1.5,1.0,0.06616894401862816,0,-0.020574423856927274,0.9734830935290003
30,4,False,0.0,1.5,1.0,0.061571938703388285,0,-0.02416317665658378,0.9634232551483579
30,5,False,0.0,1.5,1.0,0.06390789462058799,0,-0.0387968265341873,0.9478280592579342
30,6,False,0.0,1.5,1.0,0.13151349855109984,1,-0.004908092559055741,0.9680962678206835
30,7,False,0.0,1.5,1.0,0.1506866689122457,0,-0.09710088780928461,0.889551150169106
30,8,False,0.0,1.5,1.0,0.14175525925835564,0,-0.042940107251771366,0.9552887046875863
30,9,False,0.0,1.5,1.0,0.06177549226396506,0,-0.07205087856672276,0.9501545777493691
30,10,False,0.0,1.5,1.0,0.06123715171984656,0,-0.20282714278135033,0.8808918414693653
30,11,False,0.0,1.5,1.0,0.09474756585129496,0,-0.08176797662898841,0.9435198911255147
30,12,False,0.0,1.5,1.0,0.0620831026737676,0,-0.19201917893592146,0.8956403834154817
30,13,False,0.0,1.5,1.0,0.3645680729689663,1,-0.03629645809674089,0.9209127923382027
30,14,False,0.0,1.5,1.0,0.06971607957306747,0,-0.03172288547423319,0.9818872169317836
30,15,False,0.0,1.5,1.0,0.06225135387523317,0,-0.08684497113692778,0.9044677326505848
30,16,False,0.0,1.5,1.0,0.08166250123548635,0,-0.09565978965478118,0.9174382019763766
30,17,False,0.0,1.5,1.0,0.06270089274583202,0,-0.10631737173630874,0.9542705421972382
30,18,False,0.0,1.5,1.0,0.06220384729572692,0,-0.13540402464780366,0.9020552559106217
30,19,False,0.0,1.5,1.0,0.06115609905842678,0,-0.16931249814922,0.9040126503483814
30,20,False,0.0,1.5,1.0,0.12554321679238833,0,-0.05460052513880002,0.9359120920500423
30,21,False,0.0,1.5,1.0,0.06147347728475916,0,-0.10565314565864628,0.8974374917461115
30,22,False,0.0,1.5,1.0,0.061228186346776736,0,-0.02808563159428824,0.9510495882552088
30,23,False,0.0,1.5,1.0,0.2754640955066531,0,-0.052814601149215,0.9349157938568402
30,24,False,0.0,1.5,1.0,0.07302891148718482,0,-0.16821966293120383,0.9039975856965986
30,25,False,0.0,1.5,1.0,0.0627580761424743,0,-0.18734202899491886,0.9282487530933093
30,26,False,0.0,1.5,1.0,0.06524820206860016,0,-0.042900026783113845,0.977387338059497
30,27,False,0.0,1.5,1.0,0.062275098787981764,0,-0.046685190998194674,0.9303464209848838
30,28,False,0.0,1.5,1.0,0.09788948096833938,0,-0.21363791682150418,0.8818732511574937
30,29,False,0.0,1.5,1.0,0.08982083382560924,0,-0.05597987419932732,0.9518173970166244
30,30,False,0.0,1.5,1.0,0.11087727476058695,1,-0.1340816234242525,0.8747020465988566
30,31,False,0.0,1.5,1.0,0.15742397513594675,0,-0.08608867182121642,0.9041399405787394
30,32,False,0.0,1.5,1.0,0.06579332681865346,0,-0.039510668093824454,0.9598011860331545
30,33,False,0.0,1.5,1.0,0.06158469323283278,0,-0.2080813290134585,0.927681064226685
30,34,False,0.0,1.5,1.0,0.06830708894754933,0,-0.051166639182356734,0.9785143762169667
30,35,False,0.0,1.5,1.0,0.06132158304550073,0,-0.040245475865513324,0.9829691018325194
30,36,False,0.0,1.5,1.0,0.07646862249438979,0,-0.06974387327081055,0.9585068023101159
30,37,False,0.0,1.5,1.0,0.07367307250557664,0,-0.056047268192742666,0.9792390301506625
30,38,False,0.0,1.5,1.0,0.0611355101172647,0,-0.12338127066733877,0.921068764711119
30,39,False,0.0,1.5,1.0,0.08810832216434283,0,-0.07378189407183124,0.9744008597851549
31,0,False,0.0,1.5,0.7,0.06153974178034283,0,-0.08513394083674619,0.92465796658476
31,1,False,0.0,1.5,0.7,0.06236041703656614,0,0.0006329216753800144,0.9473815323563889
31,2,False,0.0,1.5,0.7,0.06541704406869087,0,-0.1578699780890646,0.8983676255062889
31,3,False,0.0,1.5,0.7,0.06358454246051526,0,-0.024646137146072153,0.9674807074589159
31,4,False,0.0,1.5,0.7,0.061409784264632505,1,-0.029927211627463094,0.9577776425701529
31,5,False,0.0,1.5,0.7,0.0644197584868288,0,-0.039956135676028466,0.9325134733893266
31,6,False,0.0,1.5,0.7,0.10408179316953103,0,-0.0101550400070947,0.9629575853159502
31,7,False,0.0,1.5,0.7,0.14325006666765006,0,-0.10064485478712766,0.8843729885078385
31,8,False,0.0,1.5,0.7,0.13731507821404076,0,-0.047702128626231195,0.9474490118796927
31,9,False,0.0,1.5,0.7,0.06152575191749332,0,-0.07811117225907528,0.9404455601135695
31,10,False,0.0,1.5,0.7,0.06123258730009784,0,-0.2034970782563935,0.872168401227274
31,11,False,0.0,1.5,0.7,0.08702165648713911,0,-0.0801820234691898,0.9354110465897416
31,12,False,0.0,1.5,0.7,0.06164235378794913,0,-0.19245496005755963,0.8988221653817179
31,13,False,0.0,1.5,0.7,0.26146342405583656,1,-0.04660949402431573,0.9147243929989659
31,14,False,0.0,1.5,0.7,0.06848959367463547,0,-0.03274211943747845,0.9764555262893692
31,15,False,0.0,1.5,0.7,0.06221097620750471,0,-0.08889905376613891,0.9012933267885453
31,16,False,0.0,1.5,0.7,0.0766318286035621,0,-0.09880789277612766,0.9025163496668436
31,17,False,0.0,1.5,0.7,0.06244383433402756,0,-0.11246797714085134,0.9462293538605853
31,18,False,0.0,1.5,0.7,0.061633487899053985,0,-0.14259585852371437,0.89484708244891
31,19,False,0.0,1.5,0.7,0.061130119179738096,1,-0.17236296554755784,0.9024767806912274
31,20,False,0.0,1.5,0.7,0.11654045903303711,0,-0.05653513512545038,0.9285194414715157
31,21,False,0.0,1.5,0.7,0.06139421418104252,0,-0.10385837288380527,0.8909886228746687
31,22,False,0.0,1.5,0.7,0.0612424920723067,0,-0.028195425270943576,0.9430889523528075
31,23,False,0.0,1.5,0.7,0.3169311112916482,0,-0.05315327108076229,0.9286574162960665
31,24,False,0.0,1.5,0.7,0.07017233091880548,0,-0.1717081552233142,0.891493166673619
31,25,False,0.0,1.5,0.7,0.06258371127864892,0,-0.19005465691173343,0.9234524716319957
31,26,False,0.0,1.5,0.7,0.06516252784296328,0,-0.04815171949372314,0.9712394901444312
31,27,False,0.0,1.5,0.7,0.0614862800421212,0,-0.04850718577456006,0.927912045049609
31,28,False,0.0,1.5,0.7,0.09766722007957507,0,-0.2160983500601752,0.8763305486905509
31,29,False,0.0,1.5,0.7,0.07428729908399623,0,-0.06265052479117622,0.9420235091568149
31,30,False,0.0,1.5,0.7,0.09965444474673313,1,-0.14068756717331105,0.8718811665806182
31,31,False,0.0,1.5,0.7,0.1365722760878807,0,-0.08876904587439474,0.9066925733386128
31,32,False,0.0,1.5,0.7,0.0626666463525496,0,-0.046870026554052494,0.9473742553764037
31,33,False,0.0,1.5,0.7,0.06166979620548252,0,-0.20985421105286386,0.9279153266653258
31,34,False,0.0,1.5,0.7,0.06405463492549901,0,-0.059414632191469724,0.9749249767772111
31,35,False,0.0,1.5,0.7,0.0612887033412437,0,-0.0409830696643853,0.9780929292751264
31,36,False,0.0,1.5,0.7,0.06854096162437828,0,-0.0752738455744618,0.9519301194942745
31,37,False,0.0,1.5,0.7,0.07344254679261164,0,-0.05886391962831657,0.9732637866303585
31,38,False,0.0,1.5,0.7,0.061109905156782385,0,-0.12949576412664307,0.909880667498488
31,39,False,0.0,1.5,0.7,0.08809258766505745,0,-0.07593502190284662,0.9650873187454008
32,0,False,0.0,1.5,0.5,0.06144128731754972,0,-0.08912605247550877,0.9059218874617604
32,1,False,0.0,1.5,0.5,0.061659565552830586,0,-0.002063495727941473,0.9412007830851837
32,2,False,0.0,1.5,0.5,0.0611538528172495,0,-0.16906566045694,0.888037530680108
32,3,False,0.0,1.5,0.5,0.06248651164681074,0,-0.027817624053482613,0.9581515116244613
32,4,False,0.0,1.5,0.5,0.06131120614577745,0,-0.033923809230042616,0.9509081159600833
32,5,False,0.0,1.5,0.5,0.06346389619489434,0,-0.043413931983344416,0.9290528737171949
32,6,False,0.0,1.5,0.5,0.10397711819667277,0,-0.010898648258919579,0.9520664299261096
32,7,False,0.0,1.5,0.5,0.134897730275084,0,-0.10821732842404717,0.8664583822750872
32,8,False,0.0,1.5,0.5,0.13496632575206735,0,-0.05089367997474386,0.9386245487291747
32,9,False,0.0,1.5,0.5,0.06139042533899586,0,-0.0807427198198016,0.9324305507533237
32,10,False,0.0,1.5,0.5,0.06122686321199444,0,-0.20414553084396617,0.8629551626933463
32,11,False,0.0,1.5,0.5,0.08214594421250632,0,-0.07943202566143379,0.9260841374450264
32,12,False,0.0,1.5,0.5,0.06150914341703351,0,-0.1961802921598685,0.8854925882912528
32,13,False,0.0,1.5,0.5,0.2992382747613729,1,-0.043944828441207735,0.9012832553913286
32,14,False,0.0,1.5,0.5,0.06826289221563397,0,-0.03402964224193515,0.9668034712561866
32,15,False,0.0,1.5,0.5,0.0638092461316283,0,-0.08976534595932566,0.8893956591461192
32,16,False,0.0,1.5,0.5,0.0751077472476922,0,-0.10197253043528678,0.8934517909501757
32,17,False,0.0,1.5,0.5,0.062326792697954825,0,-0.11838701004366942,0.9356340537421954
32,18,False,0.0,1.5,0.5,0.06143080006363755,0,-0.14481577635488257,0.8851288791920715
32,19,False,0.0,1.5,0.5,0.061121452634910756,0,-0.17443900091284265,0.8927436059790284
32,20,False,0.0,1.5,0.5,0.11362671638843869,0,-0.0572208463709476,0.9184161827545204
32,21,False,0.0,1.5,0.5,0.06135171317765564,0,-0.10478114385920874,0.8793847469283961
32,22,False,0.0,1.5,0.5,0.06120422544196502,0,-0.03139534197804751,0.9321117739644517
32,23,False,0.0,1.5,0.5,0.25657310036950365,1,-0.057405811263466444,0.9204893058305332
32,24,False,0.0,1.5,0.5,0.06906677620806356,0,-0.17371975680226945,0.8817102122685364
32,25,False,0.0,1.5,0.5,0.062486041463832964,0,-0.19316948826106672,0.9121037851085801
32,26,False,0.0,1.5,0.5,0.06317832435135617,0,-0.05399429807385283,0.9608910420929578
32,27,False,0.0,1.5,0.5,0.06206371763345553,1,-0.04693933845086482,0.9079324479897919
32,28,False,0.0,1.5,0.5,0.09753101639569306,0,-0.21736194439815645,0.8675922850920459
32,29,False,0.0,1.5,0.5,0.0720899959942316,0,-0.06825368591707931,0.9309675692062647
32,30,False,0.0,1.5,0.5,0.09726371759996466,1,-0.1446509889438873,0.8656083203095821
32,31,False,0.0,1.5,0.5,0.148234803562999,0,-0.0854283446004154,0.8846478515338049
32,32,False,0.0,1.5,0.5,0.06232714677021167,0,-0.05040344567600235,0.9369175788299888
32,33,False,0.0,1.5,0.5,0.06146026817115258,0,-0.2130669240402439,0.9122372049201702
32,34,False,0.0,1.5,0.5,0.0622596566237833,0,-0.06524706139367592,0.9647680868372186
32,35,False,0.0,1.5,0.5,0.06130855597550089,0,-0.04160073708073141,0.9695133794236086
32,36,False,0.0,1.5,0.5,0.0682086769275474,0,-0.07935783120899098,0.9429576172121157
32,37,False,0.0,1.5,0.5,0.07335373676069257,0,-0.06163331594070703,0.9636118016220634
32,38,False,0.0,1.5,0.5,0.061101764749822984,0,-0.131159792277266,0.8985141187582794
32,39,False,0.0,1.5,0.5,0.08808780020658391,0,-0.07635273612739252,0.9542126532843507
33,0,False,0.0,2.0,1.0,0.06171375384673328,0,-0.08234726350961855,0.9261558089962696
33,1,False,0.0,2.0,1.0,0.06372043698047924,0,0.0031438703270030353,0.9473384711550253
33,2,False,0.0,2.0,1.0,0.06225934608983996,0,-0.1569329951152623,0.9019554353504474
33,3,False,0.0,2.0,1.0,0.06640934360970441,0,-0.01858337981016062,0.9752954255776961
33,4,False,0.0,2.0,1.0,0.06159042220228361,0,-0.02476701991461793,0.9649355309719457
33,5,False,0.0,2.0,1.0,0.06403275304356792,0,-0.0392090478821255,0.9402899548446196
33,6,False,0.0,2.0,1.0,0.14859781732399568,0,-0.006288503949854898,0.9688643243909609
33,7,False,0.0,2.0,1.0,0.1471008124869393,0,-0.09968012307707289,0.8842185622731646
33,8,False,0.0,2.0,1.0,0.14062906559875055,0,-0.04369111407858497,0.954948561349395
33,9,False,0.0,2.0,1.0,0.06220120801550466,0,-0.07329481480357053,0.9474013703411511
33,10,False,0.0,2.0,1.0,0.06123989222866277,0,-0.20413666145526435,0.8777961529364173
33,11,False,0.0,2.0,1.0,0.09426717857826916,0,-0.07910931825393007,0.9430939644863285
33,12,False,0.0,2.0,1.0,0.062038679158850196,0,-0.19426504719243937,0.8908206146123877
33,13,False,0.0,2.0,1.0,0.3045054848740806,1,-0.04500932111088415,0.9089993097024944
33,14,False,0.0,2.0,1.0,0.07007619057276171,0,-0.03153504324927021,0.9828478092778847
33,15,False,0.0,2.0,1.0,0.06230924065694743,0,-0.085901977263034,0.8973337872469451
33,16,False,0.0,2.0,1.0,0.08094270282678795,0,-0.09733674052099596,0.9107303760057321
33,17,False,0.0,2.0,1.0,0.06278678612713184,0,-0.10819306107506566,0.9527667927797627
33,18,False,0.0,2.0,1.0,0.0622309148015755,0,-0.13915291426534862,0.8963685008688407
33,19,False,0.0,2.0,1.0,0.06115385287455699,0,-0.17043795171288417,0.9029150578131957
33,20,False,0.0,2.0,1.0,0.12102574468373672,0,-0.05542818402994659,0.935338128434951
33,21,False,0.0,2.0,1.0,0.06155260921863159,0,-0.1056667759492489,0.8831751986400449
33,22,False,0.0,2.0,1.0,0.06121722540417074,0,-0.02873588589126697,0.9518893868093256
33,23,False,0.0,2.0,1.0,0.29181388260729746,0,-0.05440060579020548,0.9329510163560407
33,24,False,0.0,2.0,1.0,0.0725514925102122,0,-0.16991264808639447,0.9021362768182607
33,25,False,0.0,2.0,1.0,0.06277913589127415,0,-0.18730407042268896,0.9305065661306733
33,26,False,0.0,2.0,1.0,0.07104015862312141,0,-0.03988835809227472,0.9748634022715823
33,27,False,0.0,2.0,1.0,0.06157609572840017,0,-0.049541583150758364,0.9142200764949184
33,28,False,0.0,2.0,1.0,0.09794121250060961,0,-0.21627523244130073,0.8769728724294207
33,29,False,0.0,2.0,1.0,0.09334726889956113,0,-0.057907009384612164,0.9468759984917557
33,30,False,0.0,2.0,1.0,0.1049633577783653,1,-0.13811341596702592,0.8706447885428588
33,31,False,0.0,2.0,1.0,0.17084373458312008,0,-0.08735442661472781,0.8942633273692542
33,32,False,0.0,2.0,1.0,0.06368458773529762,0,-0.04286639269506479,0.954117671655094
33,33,False,0.0,2.0,1.0,0.061491560698877956,0,-0.21143938019896644,0.9331975227677054
33,34,False,0.0,2.0,1.0,0.06950233373932779,0,-0.05297364286310874,0.9800103834165295
33,35,False,0.0,2.0,1.0,0.061312511303109996,0,-0.040922831677526625,0.9814985045097175
33,36,False,0.0,2.0,1.0,0.07665724131478768,0,-0.07085791103366039,0.9564306355768817
33,37,False,0.0,2.0,1.0,0.07420429005332452,0,-0.056137751570479566,0.978512864307528
33,38,False,0.0,2.0,1.0,0.061138641132818305,0,-0.12483949667976113,0.9169631729186808
33,39,False,0.0,2.0,1.0,0.08816159950642788,0,-0.07421035955205875,0.9727562934244663
34,0,False,0.0,2.0,0.7,0.061480755117876984,0,-0.08942346150954221,0.9203776401435495
34,1,False,0.0,2.0,0.7,0.0625432339191464,0,-0.0008043813814844225,0.9409050673913345
34,2,False,0.0,2.0,0.7,0.06343502074458895,0,-0.16031491221138697,0.8870751740792715
34,3,False,0.0,2.0,0.7,0.06332163150619396,0,-0.024374305812926957,0.9653647768288737
34,4,False,0.0,2.0,0.7,0.061371695494909284,0,-0.03200974691816029,0.9593411538892694
34,5,False,0.0,2.0,0.7,0.06311492951569986,0,-0.04377210216956297,0.9339328095037325
34,6,False,0.0,2.0,0.7,0.1350365780960393,0,-0.009300733736158397,0.9589335423200491
34,7,False,0.0,2.0,0.7,0.14032489476444898,0,-0.10269372059289342,0.877037558623942
34,8,False,0.0,2.0,0.7,0.1366383306502632,0,-0.047590629114574234,0.9479956608885285
34,9,False,0.0,2.0,0.7,0.06136522323352689,0,-0.08080913549768348,0.9416401882643392
34,10,False,0.0,2.0,0.7,0.061234227117696105,0,-0.20426465665024354,0.8694447314324958
34,11,False,0.0,2.0,0.7,0.08732318893549007,0,-0.0813239480782207,0.9357689810367279
34,12,False,0.0,2.0,0.7,0.06160424895563277,0,-0.1940935582074208,0.89240331598392
34,13,False,0.0,2.0,0.7,0.2586574809752308,1,-0.04659150148842199,0.903487501317852
34,14,False,0.0,2.0,0.7,0.06914667257234552,0,-0.03396701876752016,0.9735604141537216
34,15,False,0.0,2.0,0.7,0.06401260249872864,0,-0.08857401418949391,0.8947606310039194
34,16,False,0.0,2.0,0.7,0.07754721575274492,0,-0.10124649906116596,0.896752994402643
34,17,False,0.0,2.0,0.7,0.06247220788398877,0,-0.11579257274497673,0.9449472298701033
34,18,False,0.0,2.0,0.7,0.061695368110348814,0,-0.14203823216565115,0.8864728716676651
34,19,False,0.0,2.0,0.7,0.061130411003626706,0,-0.17277847243318337,0.8996744132726137
34,20,False,0.0,2.0,0.7,0.11347392565584713,0,-0.05665242933886382,0.9286864700772011
34,21,False,0.0,2.0,0.7,0.061393763872618634,0,-0.10824135718665165,0.8786880987289949
34,22,False,0.0,2.0,0.7,0.0612387907842008,0,-0.029721832436783464,0.9402508703111458
34,23,False,0.0,2.0,0.7,0.2533563354596666,0,-0.05880406279341204,0.9260518979102301
34,24,False,0.0,2.0,0.7,0.07012015506237923,0,-0.17295457442000625,0.888203170215488
34,25,False,0.0,2.0,0.7,0.06260556482226509,0,-0.1904888283375669,0.9265439487686398
34,26,False,0.0,2.0,0.7,0.06574488330871842,0,-0.04862339050139218,0.9697340083864208
34,27,False,0.0,2.0,0.7,0.061501378666816486,0,-0.050895690290792286,0.9158340623687806
34,28,False,0.0,2.0,0.7,0.09762866929296476,0,-0.21759522635536743,0.8685580641294753
34,29,False,0.0,2.0,0.7,0.07602874738925813,0,-0.06362485750887273,0.9414244829671894
34,30,False,0.0,2.0,0.7,0.09726860658138559,1,-0.14348589244474544,0.8656422495354341
34,31,False,0.0,2.0,0.7,0.13697918404521958,0,-0.09014818253747348,0.898883450960186
34,32,False,0.0,2.0,0.7,0.06267644893954616,0,-0.047813193572012726,0.9449045632960343
34,33,False,0.0,2.0,0.7,0.06156051750902325,0,-0.21376631947836625,0.9234361791466266
34,34,False,0.0,2.0,0.7,0.0646055617647332,0,-0.05913839935020478,0.9740598136904141
34,35,False,0.0,2.0,0.7,0.061264672075541204,0,-0.042208035427529114,0.9774679555173972
34,36,False,0.0,2.0,0.7,0.07146133864656601,0,-0.07347183863874848,0.9508265048017666
34,37,False,0.0,2.0,0.7,0.07397177317523362,0,-0.059020160558683164,0.9719446876446775
34,38,False,0.0,2.0,0.7,0.06111303886936437,0,-0.12893934072160496,0.9021312645334872
34,39,False,0.0,2.0,0.7,0.08814527134175532,0,-0.07648590494196095,0.9660548810645722
35,0,False,0.0,2.0,0.5,0.0614296517630506,0,-0.09139233407867293,0.9102925594141622
35,1,False,0.0,2.0,0.5,0.06217705068734336,0,-0.002882385998500729,0.9352182822147916
35,2,False,0.0,2.0,0.5,0.06136053040450884,0,-0.17269554769994372,0.8763740543908464
35,3,False,0.0,2.0,0.5,0.06248084407374477,0,-0.02834737847470493,0.956225358463869
35,4,False,0.0,2.0,0.5,0.06131824684961318,0,-0.033064351906169645,0.9464651919993954
35,5,False,0.0,2.0,0.5,0.0643024138836027,0,-0.04209540799365062,0.9197869067013758
35,6,False,0.0,2.0,0.5,0.10786486006268359,0,-0.010250744145554476,0.9517977062312583
35,7,False,0.0,2.0,0.5,0.13724346308796587,0,-0.10485955554390469,0.8639113202420746
35,8,False,0.0,2.0,0.5,0.13493211728316346,0,-0.05095045397159887,0.9370311241872583
35,9,False,0.0,2.0,0.5,0.06138723432269089,0,-0.08267203061672321,0.932350376466992
35,10,False,0.0,2.0,0.5,0.061227990136475174,0,-0.20576597539689542,0.8533497989370772
35,11,False,0.0,2.0,0.5,0.08130188909982283,0,-0.08345689021288893,0.9228278016480047
35,12,False,0.0,2.0,0.5,0.061477435974471306,0,-0.19743982960807202,0.8772631192913076
35,13,False,0.0,2.0,0.5,0.3039809626389919,1,-0.04587140596718449,0.895731632770879
35,14,False,0.0,2.0,0.5,0.06824509442868643,0,-0.033870204149386254,0.964574975444572
35,15,False,0.0,2.0,0.5,0.06377151931641734,0,-0.09193999983691098,0.8837150153229952
35,16,False,0.0,2.0,0.5,0.07526733380242268,0,-0.104142600923061,0.8855097584910335
35,17,False,0.0,2.0,0.5,0.06236363051116556,0,-0.11870061377513204,0.933330576112536
35,18,False,0.0,2.0,0.5,0.06146152395892901,0,-0.14666365528576553,0.8748681931988217
35,19,False,0.0,2.0,0.5,0.061121349145109916,0,-0.17407538175379425,0.8887330824672287
35,20,False,0.0,2.0,0.5,0.11102626785054515,0,-0.05774117113280365,0.9164580146801903
35,21,False,0.0,2.0,0.5,0.061343263574114015,0,-0.10889395995385201,0.873967971205033
35,22,False,0.0,2.0,0.5,0.06119985029356767,0,-0.03164172532835659,0.9303426513329623
35,23,False,0.0,2.0,0.5,0.24337435112465378,1,-0.05813778007714655,0.9146853131090064
35,24,False,0.0,2.0,0.5,0.06903074708529633,0,-0.17458790353052964,0.8774099106816352
35,25,False,0.0,2.0,0.5,0.06248715472498567,1,-0.19256912741391716,0.9164686866947627
35,26,False,0.0,2.0,0.5,0.06438281364400367,0,-0.052211084754530394,0.9602004735372631
35,27,False,0.0,2.0,0.5,0.06169118309573529,0,-0.052704709019615575,0.9038407460051193
35,28,False,0.0,2.0,0.5,0.09746862467826845,0,-0.21882744995980655,0.8595541582615119
35,29,False,0.0,2.0,0.5,0.07298370275139232,0,-0.06748119195266417,0.9265213751994361
35,30,False,0.0,2.0,0.5,0.09652551787950214,1,-0.14711319860405206,0.8579651434131695
35,31,False,0.0,2.0,0.5,0.14908166283389557,0,-0.0880481951458026,0.8793674367956555
35,32,False,0.0,2.0,0.5,0.062367296838233055,0,-0.04963896116078218,0.9339446397386081
35,33,False,0.0,2.0,0.5,0.061432982656075774,0,-0.21499746777782958,0.9104215165276561
35,34,False,0.0,2.0,0.5,0.062458835984408045,0,-0.06477120696727139,0.9635584911104151
35,35,False,0.0,2.0,0.5,0.06129273864077622,0,-0.041973803646492266,0.9672259300631
35,36,False,0.0,2.0,0.5,0.06986161741523078,0,-0.07702286230787746,0.9424600041103343
35,37,False,0.0,2.0,0.5,0.07864500205903391,0,-0.061272865067844386,0.9620371525479069
35,38,False,0.0,2.0,0.5,0.061103466860850886,0,-0.13323233309066135,0.8876162514320755
35,39,False,0.0,2.0,0.5,0.08814058664297131,0,-0.0774349734352894,0.9544766883455886
36,0,False,0.5,1.0,1.0,0.06274755257643272,0,-0.07663642005906467,0.9289366707860337
36,1,False,0.5,1.0,1.0,0.0661065370574413,0,0.006261340557938241,0.9459806884962934
36,2,False,0.5,1.0,1.0,0.06353150484810788,0,-0.1513592334414998,0.8975507657371463
36,3,False,0.5,1.0,1.0,0.06568847893405505,0,-0.017836875684869996,0.9728041460236772
36,4,False,0.5,1.0,1.0,0.061628587335255114,0,-0.02568244948854306,0.9602032410727969
36,5,False,0.5,1.0,1.0,0.06756869714025182,0,-0.03624514794055561,0.9414768138276405
36,6,False,0.5,1.0,1.0,0.1063142363629681,0,-0.0064573285740726636,0.9648925293582531
36,7,False,0.5,1.0,1.0,0.23852224961696566,0,-0.09065865714177876,0.8772151309447213
36,8,False,0.5,1.0,1.0,0.14447867044295282,0,-0.043633699871209866,0.9525755596641009
36,9,False,0.5,1.0,1.0,0.06270623637361339,0,-0.07081668947744559,0.9485291780879432
36,10,False,0.5,1.0,1.0,0.06127175226080073,0,-0.20247910369269087,0.8700577991235348
36,11,False,0.5,1.0,1.0,0.10327487559375503,0,-0.07557324340807632,0.9390672164944636
36,12,False,0.5,1.0,1.0,0.06248438112298471,0,-0.1886754658938159,0.8924032239233842
36,13,False,0.5,1.0,1.0,0.3960327458979538,1,-0.033190042060784616,0.9147466840407706
36,14,False,0.5,1.0,1.0,0.06698123590967908,0,-0.033735532229956865,0.9808312799258285
36,15,False,0.5,1.0,1.0,0.06256372580086733,0,-0.07833519125927703,0.8945385179913468
36,16,False,0.5,1.0,1.0,0.07898673956324331,0,-0.089968476152264,0.9088169274925703
36,17,False,0.5,1.0,1.0,0.06354573711919886,0,-0.10392592742562003,0.9506911459594002
36,18,False,0.5,1.0,1.0,0.06301784043148584,0,-0.12462663898044007,0.8974079163724684
36,19,False,0.5,1.0,1.0,0.0610981936084527,0,-0.16861931954758788,0.9045428357689784
36,20,False,0.5,1.0,1.0,0.13034522869059562,0,-0.05214540081322697,0.9412612411291386
36,21,False,0.5,1.0,1.0,0.06622000485592061,0,-0.10294542741010237,0.887712182469441
36,22,False,0.5,1.0,1.0,0.06186601189775809,0,-0.026895572425014926,0.951829160841282
36,23,False,0.5,1.0,1.0,0.3572737277146295,1,-0.04581716399232098,0.9269510748664946
36,24,False,0.5,1.0,1.0,0.07457859300703695,0,-0.16666859876415357,0.8998251773096213
36,25,False,0.5,1.0,1.0,0.06300401897649466,0,-0.18786023145528882,0.9277862816374783
36,26,False,0.5,1.0,1.0,0.0736805219232326,0,-0.039590626298386326,0.9726072982977189
36,27,False,0.5,1.0,1.0,0.062310671499022474,0,-0.04067413367943616,0.9193405086381882
36,28,False,0.5,1.0,1.0,0.09980355336880697,0,-0.211495755672335,0.8785893730426805
36,29,False,0.5,1.0,1.0,0.1022114156070908,0,-0.056003246438070996,0.9444137908370551
36,30,False,0.5,1.0,1.0,0.13333965055943187,1,-0.12834614614847334,0.87231268076782
36,31,False,0.5,1.0,1.0,0.16375794837033397,0,-0.08277523436520176,0.9036966908158642
36,32,False,0.5,1.0,1.0,0.06909371065356584,0,-0.03521381026141952,0.9597096205305662
36,33,False,0.5,1.0,1.0,0.06158728554968329,0,-0.20941859204033508,0.9181663419891891
36,34,False,0.5,1.0,1.0,0.07117258972836549,0,-0.0475557993468614,0.9763053952011944
36,35,False,0.5,1.0,1.0,0.061321458184065536,0,-0.04065938013365349,0.981244306428819
36,36,False,0.5,1.0,1.0,0.08808396194947488,0,-0.0667912137130062,0.9599719240435981
36,37,False,0.5,1.0,1.0,0.0823291734632523,0,-0.05652021891344438,0.9778233349726846
36,38,False,0.5,1.0,1.0,0.06121630020768931,0,-0.12056082844540034,0.908926830669924
36,39,False,0.5,1.0,1.0,0.08865449468675768,0,-0.0723482278851985,0.9728659697601403
37,0,False,0.5,1.0,0.7,0.06189637527665426,0,-0.08550189816722173,0.9197335349419067
37,1,False,0.5,1.0,0.7,0.06241969390556956,0,0.002072621114838097,0.9404312490651655
37,2,False,0.5,1.0,0.7,0.061442523245778924,0,-0.15441494788604582,0.8909569491410718
37,3,False,0.5,1.0,0.7,0.063773462389077,0,-0.02384961479086811,0.9677925328184211
37,4,False,0.5,1.0,0.7,0.0613922454566328,1,-0.02966426954117339,0.9547563263660146
37,5,False,0.5,1.0,0.7,0.0662896884794193,0,-0.03839603544428739,0.9398454334813777
37,6,False,0.5,1.0,0.7,0.09429317924746583,0,-0.010097952773501073,0.9583519630838512
37,7,False,0.5,1.0,0.7,0.1408601442880537,0,-0.10121403650457539,0.8777448132187374
37,8,False,0.5,1.0,0.7,0.13976910037535584,0,-0.04748504710733508,0.9448856534447873
37,9,False,0.5,1.0,0.7,0.061958446978537585,0,-0.07836125476203849,0.9401771672268479
37,10,False,0.5,1.0,0.7,0.06126353490947589,0,-0.2033698155728748,0.8701399945042002
37,11,False,0.5,1.0,0.7,0.10588776845270831,0,-0.07743083162191033,0.9304546843781134
37,12,False,0.5,1.0,0.7,0.0620837439183074,0,-0.18767578765452345,0.8943749357574067
37,13,False,0.5,1.0,0.7,0.3106565537103112,1,-0.037925377240346524,0.9119594556733811
37,14,False,0.5,1.0,0.7,0.07110202878264904,0,-0.03207061864407493,0.9763009233452434
37,15,False,0.5,1.0,0.7,0.0639923498855618,0,-0.08212425419751251,0.8952700941361245
37,16,False,0.5,1.0,0.7,0.07737349211155975,0,-0.09616977507072878,0.9008208403891145
37,17,False,0.5,1.0,0.7,0.0630773496136996,0,-0.11170907007339675,0.944363312974451
37,18,False,0.5,1.0,0.7,0.06179543334128046,0,-0.1355462127339961,0.8951103035531098
37,19,False,0.5,1.0,0.7,0.06108912212033024,0,-0.17306533177317734,0.8986128290407592
37,20,False,0.5,1.0,0.7,0.12009297544193875,0,-0.05351374279115278,0.926607459447897
37,21,False,0.5,1.0,0.7,0.06594337396080374,0,-0.10419443480145915,0.888579370913359
37,22,False,0.5,1.0,0.7,0.061842416884256846,0,-0.030000345340475538,0.9433578886750288
37,23,False,0.5,1.0,0.7,0.33152617956641384,1,-0.05198759424614779,0.9232851316844305
37,24,False,0.5,1.0,0.7,0.07084030279506459,0,-0.1700731419989768,0.887999510358387
37,25,False,0.5,1.0,0.7,0.06271683206970513,0,-0.19011552995386644,0.9226983843574742
37,26,False,0.5,1.0,0.7,0.06938959644622711,0,-0.04538876809340398,0.9685235557623791
37,27,False,0.5,1.0,0.7,0.06182123124359107,0,-0.04543920334782025,0.9196322979005539
37,28,False,0.5,1.0,0.7,0.0989919304247614,0,-0.21351439184196375,0.8736723180856685
37,29,False,0.5,1.0,0.7,0.08579321780328864,0,-0.05875357766475224,0.9387802844936837
37,30,False,0.5,1.0,0.7,0.1170045464481515,1,-0.13462336744343106,0.8672641135062565
37,31,False,0.5,1.0,0.7,0.1395157828869058,0,-0.08674917179373964,0.8961589669550563
37,32,False,0.5,1.0,0.7,0.06496648020445195,0,-0.041991766051229715,0.9490613551600738
37,33,False,0.5,1.0,0.7,0.061511314415294116,0,-0.21011190949467318,0.9260637166392425
37,34,False,0.5,1.0,0.7,0.0661864534565727,0,-0.057309804820330254,0.9718043696346863
37,35,False,0.5,1.0,0.7,0.06129964590380366,0,-0.04144058812872095,0.9762001965347685
37,36,False,0.5,1.0,0.7,0.07954120286808242,0,-0.07247441128124169,0.9503920692398203
37,37,False,0.5,1.0,0.7,0.08209304564577846,0,-0.058330239827045605,0.9716553268536207
37,38,False,0.5,1.0,0.7,0.06115051463658239,0,-0.12345422283732888,0.9032651297676741
37,39,False,0.5,1.0,0.7,0.08863372133428893,0,-0.0752574417917581,0.9668029120168431
38,0,False,0.5,1.0,0.5,0.061830111343879834,0,-0.08783785724903809,0.9100438507891779
38,1,False,0.5,1.0,0.5,0.061906852668066725,0,-0.0013807314266382196,0.9311007040639359
38,2,False,0.5,1.0,0.5,0.061211834265735954,0,-0.16679399816199494,0.8861676520990885
38,3,False,0.5,1.0,0.5,0.06281419063790561,0,-0.026545152991939137,0.9550243706007847
38,4,False,0.5,1.0,0.5,0.061305865968539486,0,-0.033548101821471686,0.9475081782649519
38,5,False,0.5,1.0,0.5,0.06576954518357736,1,-0.04111090469398716,0.9341062861865612
38,6,False,0.5,1.0,0.5,0.09500459566203734,1,-0.012212824170631893,0.9492481452918433
38,7,False,0.5,1.0,0.5,0.15210080425048245,0,-0.09911270281021553,0.8704169792503383
38,8,False,0.5,1.0,0.5,0.13711081983712337,0,-0.051347698067001075,0.9333550480048861
38,9,False,0.5,1.0,0.5,0.06140289083896877,0,-0.08212305955919337,0.9274013408256654
38,10,False,0.5,1.0,0.5,0.06125491202730515,0,-0.203624567139122,0.8573544416752905
38,11,False,0.5,1.0,0.5,0.09766876984612116,0,-0.07897096795429626,0.9215909540148552
38,12,False,0.5,1.0,0.5,0.061992670103925396,0,-0.19531186592907043,0.8774223737505724
38,13,False,0.5,1.0,0.5,0.3095785728655155,1,-0.039914088346646656,0.8943421479272523
38,14,False,0.5,1.0,0.5,0.0676780058767279,0,-0.03439696321009565,0.9659192958418272
38,15,False,0.5,1.0,0.5,0.0637540440039085,0,-0.08728325475318978,0.8845395653847158
38,16,False,0.5,1.0,0.5,0.07742745366910841,0,-0.09943803624489918,0.8904355503085067
38,17,False,0.5,1.0,0.5,0.06290357643310662,0,-0.1153564205261504,0.9333070019906293
38,18,False,0.5,1.0,0.5,0.0614990977865002,0,-0.1422279217494737,0.8830655593352079
38,19,False,0.5,1.0,0.5,0.06108775355796536,0,-0.17496823548628437,0.8912343723609516
38,20,False,0.5,1.0,0.5,0.11545942409737664,0,-0.054650193588725186,0.9149761078285634
38,21,False,0.5,1.0,0.5,0.0658633497933101,0,-0.10169954748155832,0.8778563763515213
38,22,False,0.5,1.0,0.5,0.0618536348735228,0,-0.030269291785467115,0.9322746167649425
38,23,False,0.5,1.0,0.5,0.29813697422196184,1,-0.05652171885038198,0.9131259166184306
38,24,False,0.5,1.0,0.5,0.06952526998791952,0,-0.1722010956593273,0.8781783747731008
38,25,False,0.5,1.0,0.5,0.06251215734995419,0,-0.19271001499853377,0.9124363426322705
38,26,False,0.5,1.0,0.5,0.0674979856385598,0,-0.0523280872803858,0.957865960738567
38,27,False,0.5,1.0,0.5,0.06163140072415674,0,-0.049064090664132025,0.9030803620295923
38,28,False,0.5,1.0,0.5,0.09844836665854384,0,-0.21524028202758383,0.864265226387432
38,29,False,0.5,1.0,0.5,0.07276748758580698,0,-0.06522816644607513,0.926049593229265
38,30,False,0.5,1.0,0.5,0.10574564388774155,1,-0.13988704227508772,0.86030872257016
38,31,False,0.5,1.0,0.5,0.1511445670951238,0,-0.08476383702524685,0.8795787045727815
38,32,False,0.5,1.0,0.5,0.06357222932705309,0,-0.046199298089741256,0.938159249073502
38,33,False,0.5,1.0,0.5,0.061663621109490085,0,-0.21245312319309015,0.9072531298613937
38,34,False,0.5,1.0,0.5,0.0636159751477674,0,-0.06259927506894368,0.9622970362434026
38,35,False,0.5,1.0,0.5,0.061327538936226555,0,-0.041155667225205125,0.9687143348412572
38,36,False,0.5,1.0,0.5,0.07721396829925053,0,-0.07551659741533644,0.9423643665064624
38,37,False,0.5,1.0,0.5,0.08580879991795565,0,-0.06108237871415526,0.9621681603379698
38,38,False,0.5,1.0,0.5,0.061134663804144784,0,-0.1294090727026632,0.9038871334257031
38,39,False,0.5,1.0,0.5,0.08863023757138344,0,-0.0763837607685089,0.9561075875907322
39,0,False,0.5,1.5,1.0,0.06169589443502388,0,-0.08306826238342924,0.9261163969270456
39,1,False,0.5,1.5,1.0,0.06344658932660263,0,0.004681789204945533,0.9484190998851324
39,2,False,0.5,1.5,1.0,0.06944906511729854,0,-0.1529033559674758,0.9046323984023772
39,3,False,0.5,1.5,1.0,0.06516724049842892,0,-0.0216718531105546,0.9761676912006806
39,4,False,0.5,1.5,1.0,0.06170603417211695,0,-0.02601012067656418,0.9643938235955126
39,5,False,0.5,1.5,1.0,0.06571574042904882,0,-0.037818921474454696,0.9341981133546121
39,6,False,0.5,1.5,1.0,0.11588492110705995,0,-0.007713241992926542,0.9651177345537462
39,7,False,0.5,1.5,1.0,0.13001964827783463,0,-0.09991267479284184,0.8720334094673101
39,8,False,0.5,1.5,1.0,0.14324491929692618,0,-0.04408209214282338,0.9511307682785959
39,9,False,0.5,1.5,1.0,0.061694300631116916,0,-0.07478242709097946,0.9493676988344879
39,10,False,0.5,1.5,1.0,0.061251614386994224,1,-0.2033130735340772,0.8738007714148847
39,11,False,0.5,1.5,1.0,0.08925606086005478,0,-0.08153341367669883,0.944246425233211
39,12,False,0.5,1.5,1.0,0.06197028567162033,0,-0.19593646466734627,0.8926864882596797
39,13,False,0.5,1.5,1.0,0.25235329710810006,1,-0.04679985486683391,0.9181473530680823
39,14,False,0.5,1.5,1.0,0.06839760201849543,0,-0.033498032850081794,0.9791880729225932
39,15,False,0.5,1.5,1.0,0.06433401507881908,0,-0.0873465124290712,0.8919709279145458
39,16,False,0.5,1.5,1.0,0.07550720160074642,0,-0.09705397278314205,0.8991936693377472
39,17,False,0.5,1.5,1.0,0.06330347288669647,0,-0.1071843570391599,0.9500658065383194
39,18,False,0.5,1.5,1.0,0.06208964144924112,0,-0.13869197979565662,0.8961494338217572
39,19,False,0.5,1.5,1.0,0.06114937748462357,1,-0.17120301351378048,0.9041955531625517
39,20,False,0.5,1.5,1.0,0.11017633631561008,0,-0.057494784840987724,0.9391635380517938
39,21,False,0.5,1.5,1.0,0.06167188173391225,0,-0.10367015321149248,0.8979363420109023
39,22,False,0.5,1.5,1.0,0.061431984811624596,0,-0.028775008779395775,0.9499322433513083
39,23,False,0.5,1.5,1.0,0.33377319362996116,1,-0.04923907249799071,0.9344316624035598
39,24,False,0.5,1.5,1.0,0.07246373426887442,0,-0.16979977312991212,0.8990647520443286
39,25,False,0.5,1.5,1.0,0.06287832204590105,0,-0.18805561822008146,0.92762573741935
39,26,False,0.5,1.5,1.0,0.07039812518124189,0,-0.042000828703136414,0.972962311656046
39,27,False,0.5,1.5,1.0,0.06177276535524001,0,-0.046336523791113665,0.9198585247848601
39,28,False,0.5,1.5,1.0,0.09795304788958858,0,-0.2157462303700943,0.8761850211871272
39,29,False,0.5,1.5,1.0,0.08236203395169639,0,-0.05728436231831215,0.9441161751919085
39,30,False,0.5,1.5,1.0,0.1082942639230049,1,-0.13542515417681963,0.8720193268507653
39,31,False,0.5,1.5,1.0,0.1628953536033192,0,-0.08863042833154437,0.9009804118485183
39,32,False,0.5,1.5,1.0,0.06541332570279634,0,-0.03983369092686488,0.9560192141848405
39,33,False,0.5,1.5,1.0,0.061490800939205226,0,-0.20989844971052884,0.9276614070692217
39,34,False,0.5,1.5,1.0,0.07154597442813215,0,-0.051290223520025865,0.976433944716218
39,35,False,0.5,1.5,1.0,0.06133212167772617,0,-0.04164582115082761,0.9816439242849796
39,36,False,0.5,1.5,1.0,0.08321666371183956,0,-0.06995995269333839,0.9550182212347674
39,37,False,0.5,1.5,1.0,0.08165274776946274,0,-0.05751676251649562,0.9764392906401249
39,38,False,0.5,1.5,1.0,0.061154270365973984,0,-0.12474674339909123,0.9082840953490505
39,39,False,0.5,1.5,1.0,0.08853424432992452,0,-0.07540724575087972,0.9728324587703311
40,0,False,0.5,1.5,0.7,0.061530994747805545,0,-0.0862081130602268,0.91703480948837
40,1,False,0.5,1.5,0.7,0.06218091645404866,0,0.00020054387764531316,0.9388151186492008
40,2,False,0.5,1.5,0.7,0.06530926331593578,0,-0.16400739132254813,0.8964510664620805
40,3,False,0.5,1.5,0.7,0.06424405555521628,0,-0.026178677876182742,0.9659533375513957
40,4,False,0.5,1.5,0.7,0.06137120047613753,1,-0.029410989770181757,0.9548401412685575
40,5,False,0.5,1.5,0.7,0.06488058938779229,0,-0.04177178260583824,0.9304360181347935
40,6,False,0.5,1.5,0.7,0.11419545615454019,0,-0.010458064096411514,0.9570764729113687
40,7,False,0.5,1.5,0.7,0.14207811519934055,0,-0.10215463492807773,0.8798261494309683
40,8,False,0.5,1.5,0.7,0.13828292438644152,0,-0.048468739458303434,0.945199337269076
40,9,False,0.5,1.5,0.7,0.06147058717711473,0,-0.08000330369298991,0.9383823741087469
40,10,False,0.5,1.5,0.7,0.06124464243324157,0,-0.2046724721098272,0.8693485567438906
40,11,False,0.5,1.5,0.7,0.08783852602918285,0,-0.07858963922433873,0.9298764704492923
40,12,False,0.5,1.5,0.7,0.06155055862838932,0,-0.19373412158337808,0.8945842676148851
40,13,False,0.5,1.5,0.7,0.29108763200649235,1,-0.045087521042643686,0.9079922960753651
40,14,False,0.5,1.5,0.7,0.06881513934138273,0,-0.03408557834803528,0.9737572392934043
40,15,False,0.5,1.5,0.7,0.063963554592666,0,-0.08787436725947789,0.8949117382795074
40,16,False,0.5,1.5,0.7,0.07459584065110036,0,-0.10140569092736045,0.9025910143029038
40,17,False,0.5,1.5,0.7,0.06297499753387925,0,-0.11240731757646033,0.9419054411628203
40,18,False,0.5,1.5,0.7,0.06162000543510526,0,-0.143488422841517,0.8886604332388472
40,19,False,0.5,1.5,0.7,0.061127181393940466,0,-0.1728380254408632,0.8984921829965019
40,20,False,0.5,1.5,0.7,0.11308855516173044,0,-0.05818166920783163,0.9236196068547997
40,21,False,0.5,1.5,0.7,0.06138840502477538,0,-0.10492800799754497,0.8913134391468223
40,22,False,0.5,1.5,0.7,0.061410614257185636,0,-0.030068900467744332,0.9417194116199626
40,23,False,0.5,1.5,0.7,0.2776850179833388,0,-0.05427917477045805,0.9281522138736582
40,24,False,0.5,1.5,0.7,0.07017280342028032,0,-0.1731691214884311,0.8862906340742657
40,25,False,0.5,1.5,0.7,0.06273096956288393,0,-0.19031673990663478,0.9228375108027775
40,26,False,0.5,1.5,0.7,0.0688306776536669,0,-0.04850435966893842,0.9674900594809444
40,27,False,0.5,1.5,0.7,0.061717292691687464,0,-0.04865449268526302,0.906815465303394
40,28,False,0.5,1.5,0.7,0.09759762604539834,0,-0.2170963484530652,0.8716066892293758
40,29,False,0.5,1.5,0.7,0.07447637441699018,0,-0.06336561288713469,0.9358127183955371
40,30,False,0.5,1.5,0.7,0.09848012236080228,1,-0.141759926627756,0.8694404409492799
40,31,False,0.5,1.5,0.7,0.15782033914669225,0,-0.08842841542373038,0.8937632302175571
40,32,False,0.5,1.5,0.7,0.0628656264125037,0,-0.04553656293775678,0.9448271909786499
40,33,False,0.5,1.5,0.7,0.06149643865057952,0,-0.21263265839861573,0.9184169769482774
40,34,False,0.5,1.5,0.7,0.06463223837019871,0,-0.05915938870001457,0.9685433865219905
40,35,False,0.5,1.5,0.7,0.06133796571204597,0,-0.042287575809162,0.9750275229951815
40,36,False,0.5,1.5,0.7,0.0780257545806482,0,-0.07623042330859092,0.9499388056506166
40,37,False,0.5,1.5,0.7,0.0814504302496698,0,-0.05982398983085998,0.9704331363245647
40,38,False,0.5,1.5,0.7,0.061129218319943,0,-0.1288851468608507,0.9020788691254134
40,39,False,0.5,1.5,0.7,0.08852081094424624,0,-0.0772646753439998,0.9648369576671446
41,0,False,0.5,1.5,0.5,0.06144785929862173,0,-0.08904490311274421,0.9075539932522712
41,1,False,0.5,1.5,0.5,0.06220227455449778,0,-0.0040436583119587656,0.9285743702510071
41,2,False,0.5,1.5,0.5,0.061141001644152704,1,-0.17280467857519569,0.8777195606413359
41,3,False,0.5,1.5,0.5,0.061887841944566535,0,-0.028846189073659125,0.9526684705545485
41,4,False,0.5,1.5,0.5,0.06130957333770759,0,-0.03324356481476657,0.9431232729837828
41,5,False,0.5,1.5,0.5,0.0645846177020516,0,-0.04233562522298525,0.9202643567625641
41,6,False,0.5,1.5,0.5,0.10698213066068141,0,-0.01263219647578051,0.9437186318268426
41,7,False,0.5,1.5,0.5,0.13961299043450692,0,-0.10452551355646013,0.8677959456535058
41,8,False,0.5,1.5,0.5,0.13626167446404103,0,-0.052088331415992735,0.93436117264304
41,9,False,0.5,1.5,0.5,0.061377327884635124,0,-0.08386616301399002,0.9278467145836523
41,10,False,0.5,1.5,0.5,0.06124216501495716,0,-0.20548651656115585,0.8557267027622751
41,11,False,0.5,1.5,0.5,0.08728423009364772,0,-0.0829979969356023,0.92450338712963
41,12,False,0.5,1.5,0.5,0.061649776418553626,0,-0.20091584043226368,0.8747980234792193
41,13,False,0.5,1.5,0.5,0.30287119185377054,1,-0.043979944405025395,0.8971563498176998
41,14,False,0.5,1.5,0.5,0.06771767208511936,0,-0.034695535181501834,0.9622860934130735
41,15,False,0.5,1.5,0.5,0.06366763436581402,0,-0.09461652802091508,0.8869410516399844
41,16,False,0.5,1.5,0.5,0.07705795365370793,0,-0.10510815838195411,0.9008441461924505
41,17,False,0.5,1.5,0.5,0.06280743853977588,0,-0.11871320744063749,0.9315563567930149
41,18,False,0.5,1.5,0.5,0.06142633723691493,0,-0.14565034065212615,0.8784826545679526
41,19,False,0.5,1.5,0.5,0.06111775929003094,0,-0.1753531026054158,0.8896206156638892
41,20,False,0.5,1.5,0.5,0.11562913814803966,0,-0.05741187943872589,0.9173086641142256
41,21,False,0.5,1.5,0.5,0.06135420629931754,0,-0.10606553502739122,0.8774788051952792
41,22,False,0.5,1.5,0.5,0.06140089714036423,0,-0.030887756583515762,0.9313868971638547
41,23,False,0.5,1.5,0.5,0.2518953950286499,1,-0.05799300009216386,0.9148504862139635
41,24,False,0.5,1.5,0.5,0.06909477436386091,0,-0.1750471661998365,0.8757747263231923
41,25,False,0.5,1.5,0.5,0.0625031881072644,0,-0.19337124195731978,0.9077029571065933
41,26,False,0.5,1.5,0.5,0.06696290064915789,0,-0.05310160347509434,0.9584116555979156
41,27,False,0.5,1.5,0.5,0.061329757233555604,0,-0.05184960704125654,0.8977338822985064
41,28,False,0.5,1.5,0.5,0.09728180236088946,0,-0.21860032826684078,0.8628636613108319
41,29,False,0.5,1.5,0.5,0.0688137340181233,0,-0.06906348111606096,0.9282614501538734
41,30,False,0.5,1.5,0.5,0.09670781211817225,1,-0.1456637776801329,0.862772227225681
41,31,False,0.5,1.5,0.5,0.14961511441045394,0,-0.086660873686924,0.8814795489495769
41,32,False,0.5,1.5,0.5,0.06245808137744224,0,-0.04940151824910581,0.9334082403426054
41,33,False,0.5,1.5,0.5,0.06141414296772907,0,-0.2153112731751346,0.908085425180064
41,34,False,0.5,1.5,0.5,0.06312731348199752,0,-0.06434544373168496,0.959302674506013
41,35,False,0.5,1.5,0.5,0.06136447461507244,0,-0.04182935975317829,0.968165958579335
41,36,False,0.5,1.5,0.5,0.07541146533633925,0,-0.08011758917056447,0.9361211582990803
41,37,False,0.5,1.5,0.5,0.08144092471886855,0,-0.06320524711069425,0.9613833121579632
41,38,False,0.5,1.5,0.5,0.06111638911922168,0,-0.13233335408101615,0.8921889393539717
41,39,False,0.5,1.5,0.5,0.08852832068822158,0,-0.07859860121708767,0.952826402018891
42,0,False,0.5,2.0,1.0,0.061805813037134616,0,-0.08273890734908704,0.9257639004962686
42,1,False,0.5,2.0,1.0,0.06309866786278318,0,0.005842188051194216,0.9451128119173966
42,2,False,0.5,2.0,1.0,0.061789351604097376,0,-0.15553963141181326,0.8953590505478498
42,3,False,0.5,2.0,1.0,0.06532866770445966,0,-0.019470681875915094,0.9676552002207885
42,4,False,0.5,2.0,1.0,0.06190124823423704,0,-0.02469352804601791,0.9617818724730509
42,5,False,0.5,2.0,1.0,0.06409204902359955,0,-0.04206206999202252,0.937693900916031
42,6,False,0.5,2.0,1.0,0.12248216020535008,0,-0.006275311593163511,0.9628112030297304
42,7,False,0.5,2.0,1.0,0.1301051554050615,0,-0.102117762001079,0.8662252772927361
42,8,False,0.5,2.0,1.0,0.1442275875645822,0,-0.044258221790122586,0.9501144204671944
42,9,False,0.5,2.0,1.0,0.0616991325931453,0,-0.07562759933595345,0.9473769942725953
42,10,False,0.5,2.0,1.0,0.06125214705391657,1,-0.2040051921003441,0.8690045767635606
42,11,False,0.5,2.0,1.0,0.09293487132436162,0,-0.08070356175271305,0.9378666867190777
42,12,False,0.5,2.0,1.0,0.06193452372896746,0,-0.19799465321071527,0.8864902287717775
42,13,False,0.5,2.0,1.0,0.2965435342806413,1,-0.046634223858384415,0.9047481690497092
42,14,False,0.5,2.0,1.0,0.06714717922102154,0,-0.033788002802032764,0.9792548955114952
42,15,False,0.5,2.0,1.0,0.06447566028215146,0,-0.08799851412915333,0.8939392286977164
42,16,False,0.5,2.0,1.0,0.07644955023601552,0,-0.09823847860315758,0.9075297040331449
42,17,False,0.5,2.0,1.0,0.06344664571453607,0,-0.10848513101635862,0.9486627453444657
42,18,False,0.5,2.0,1.0,0.0621474767679836,0,-0.1407497421750786,0.8916611530874802
42,19,False,0.5,2.0,1.0,0.06114249924049686,0,-0.17162135478247723,0.8990699594552837
42,20,False,0.5,2.0,1.0,0.11662992245336379,0,-0.05691119728382823,0.9275671623366092
42,21,False,0.5,2.0,1.0,0.061738470213598795,0,-0.10641891570345088,0.8900968691404686
42,22,False,0.5,2.0,1.0,0.0614356797740947,0,-0.02795638006840748,0.946817148111534
42,23,False,0.5,2.0,1.0,0.2843276246202784,0,-0.05542546706738136,0.9278513810494956
42,24,False,0.5,2.0,1.0,0.07214902101459142,0,-0.171320671252184,0.8968233670677636
42,25,False,0.5,2.0,1.0,0.0629028412450715,1,-0.18849040435837008,0.925711278334894
42,26,False,0.5,2.0,1.0,0.06967877879845041,0,-0.04164403556988622,0.971566769045997
42,27,False,0.5,2.0,1.0,0.0612761043267358,0,-0.051119804646064256,0.9150678149643235
42,28,False,0.5,2.0,1.0,0.09799434054624845,0,-0.21748120834211312,0.8691888912083767
42,29,False,0.5,2.0,1.0,0.08467372410002738,0,-0.057853233850964886,0.9428224999660059
42,30,False,0.5,2.0,1.0,0.10276416458744375,1,-0.1392870589695443,0.8680196105412428
42,31,False,0.5,2.0,1.0,0.1651575881898827,0,-0.08939366953688106,0.8935915382677626
42,32,False,0.5,2.0,1.0,0.06396868030292313,0,-0.042918671966109836,0.9504512326704214
42,33,False,0.5,2.0,1.0,0.06147369039858619,0,-0.21156729297675192,0.9302282164594385
42,34,False,0.5,2.0,1.0,0.07072373727124881,0,-0.050553004513079626,0.9757614645540105
42,35,False,0.5,2.0,1.0,0.06132315545244105,0,-0.04148361568503926,0.9811428776830634
42,36,False,0.5,2.0,1.0,0.08427536144616266,0,-0.07064184129651079,0.9534045088926911
42,37,False,0.5,2.0,1.0,0.08791840341034685,0,-0.05732618568691202,0.9753051759273372
42,38,False,0.5,2.0,1.0,0.06116056446728502,0,-0.12652604117292793,0.9055123515014711
42,39,False,0.5,2.0,1.0,0.08858415502236405,0,-0.07521588733999812,0.9711982260406762
43,0,False,0.5,2.0,0.7,0.061574131115693875,0,-0.08858898457398122,0.9135113162823985
43,1,False,0.5,2.0,0.7,0.062219276977242055,0,-0.0005271826222111938,0.9346766073042764
43,2,False,0.5,2.0,0.7,0.06136271554075001,0,-0.1627771415657119,0.8859662299888312
43,3,False,0.5,2.0,0.7,0.06433755760313109,0,-0.024990652614785714,0.9625775472415847
43,4,False,0.5,2.0,0.7,0.061399459078838925,1,-0.029385225922954544,0.9540767014940097
43,5,False,0.5,2.0,0.7,0.06489081699915145,0,-0.043557132649075146,0.9280646656020771
43,6,False,0.5,2.0,0.7,0.1135584992541927,0,-0.011902990464411118,0.9558926428093046
43,7,False,0.5,2.0,0.7,0.13942204774314648,0,-0.10393347319150009,0.8714825012037762
43,8,False,0.5,2.0,0.7,0.13856479969416746,0,-0.0485933576978813,0.9444021812389203
43,9,False,0.5,2.0,0.7,0.061542373120092475,0,-0.07939836319940825,0.9370445779253628
43,10,False,0.5,2.0,0.7,0.061246519546852896,0,-0.2047703124449486,0.8598427429642294
43,11,False,0.5,2.0,0.7,0.08686548685624806,0,-0.08171801990384223,0.9240965470307174
43,12,False,0.5,2.0,0.7,0.06152548032642391,0,-0.19512953536037228,0.8866927576095772
43,13,False,0.5,2.0,0.7,0.2781807719215932,1,-0.04877167242840895,0.8964536338772076
43,14,False,0.5,2.0,0.7,0.06914617052054417,0,-0.03391630318086711,0.9735011609033803
43,15,False,0.5,2.0,0.7,0.06402344876580002,0,-0.08887877160457312,0.8885209855429818
43,16,False,0.5,2.0,0.7,0.08021079070149417,0,-0.1005519454497901,0.8975586195920506
43,17,False,0.5,2.0,0.7,0.06307202095436848,0,-0.11343888373029815,0.9403995162231004
43,18,False,0.5,2.0,0.7,0.06168920311823933,0,-0.1434680483946876,0.8808359544083953
43,19,False,0.5,2.0,0.7,0.06112712279777399,0,-0.17281872466053794,0.8971976518816696
43,20,False,0.5,2.0,0.7,0.1138121305487021,0,-0.058029975112195875,0.9229657776413734
43,21,False,0.5,2.0,0.7,0.06161519392435544,0,-0.10522362468371309,0.8875735428004998
43,22,False,0.5,2.0,0.7,0.06142973710519173,0,-0.03043822881061124,0.9383730829085069
43,23,False,0.5,2.0,0.7,0.26787768504094733,0,-0.055750419447920925,0.9206892917258301
43,24,False,0.5,2.0,0.7,0.07017140898426033,0,-0.17414444598209908,0.8824518093192656
43,25,False,0.5,2.0,0.7,0.06274155479822374,0,-0.1897223412217367,0.9209478524803202
43,26,False,0.5,2.0,0.7,0.06938960251386483,0,-0.046881812981370174,0.9660815155325897
43,27,False,0.5,2.0,0.7,0.06123909216600698,0,-0.051817427578944,0.9000738472297457
43,28,False,0.5,2.0,0.7,0.09763135217131302,0,-0.21862835357873658,0.863996146163594
43,29,False,0.5,2.0,0.7,0.07597161394135277,0,-0.06315923993802418,0.9330892902145661
43,30,False,0.5,2.0,0.7,0.09606930074311826,1,-0.14446498033024263,0.8630042883360635
43,31,False,0.5,2.0,0.7,0.1610399657182544,0,-0.08991396394778134,0.8866310765697728
43,32,False,0.5,2.0,0.7,0.06293973488742655,0,-0.04635220789102018,0.9420183870704142
43,33,False,0.5,2.0,0.7,0.06152251187214497,0,-0.21443300057035242,0.9184631894814991
43,34,False,0.5,2.0,0.7,0.06531250743876371,0,-0.05720785771676893,0.9681348169093101
43,35,False,0.5,2.0,0.7,0.06133427614099762,0,-0.04186106871403716,0.9750019806278053
43,36,False,0.5,2.0,0.7,0.0789136605897175,0,-0.07440855407158714,0.9435467543143291
43,37,False,0.5,2.0,0.7,0.08201225662312517,0,-0.05938061392015865,0.969046813669157
43,38,False,0.5,2.0,0.7,0.061134770903230384,0,-0.13013236564632075,0.9027787589059265
43,39,False,0.5,2.0,0.7,0.0885693013023906,0,-0.07731278463887159,0.9640171745993353
44,0,False,0.5,2.0,0.5,0.061457680949533855,0,-0.09027769929579352,0.898072327628937
44,1,False,0.5,2.0,0.5,0.062294550807500904,0,-0.00429499297424365,0.9253618287204778
44,2,False,0.5,2.0,0.5,0.06132251672165456,0,-0.17436882501946002,0.8695501317276165
44,3,False,0.5,2.0,0.5,0.06199926447017645,0,-0.028744591922531725,0.9530487123963401
44,4,False,0.5,2.0,0.5,0.06130003708589282,0,-0.03292386503075342,0.9400259550353179
44,5,False,0.5,2.0,0.5,0.06492798798560617,0,-0.04186270098228105,0.9145641796090143
44,6,False,0.5,2.0,0.5,0.10789249114289623,0,-0.012468516447422025,0.9456960449519095
44,7,False,0.5,2.0,0.5,0.13678848935365173,0,-0.1060016866268475,0.8579316637975068
44,8,False,0.5,2.0,0.5,0.13655081839195993,0,-0.0520221075270206,0.9331144669302782
44,9,False,0.5,2.0,0.5,0.061396836422,0,-0.08392138429347175,0.9244638546065496
44,10,False,0.5,2.0,0.5,0.06124418701308376,0,-0.20523008209883142,0.8439587263341438
44,11,False,0.5,2.0,0.5,0.0843230478484297,0,-0.08457450164967588,0.918788988483499
44,12,False,0.5,2.0,0.5,0.06161899331365017,0,-0.20209867240519436,0.8647507095262612
44,13,False,0.5,2.0,0.5,0.3011905930081574,1,-0.04850230059051053,0.8902521342222637
44,14,False,0.5,2.0,0.5,0.06762085996440881,0,-0.035109614572676605,0.9618466437605573
44,15,False,0.5,2.0,0.5,0.06367116686449859,0,-0.0950426536128802,0.8794779798469877
44,16,False,0.5,2.0,0.5,0.07408621229940726,1,-0.10416216445982804,0.8747854840362729
44,17,False,0.5,2.0,0.5,0.06288341465121727,0,-0.1186993210172773,0.9289430504696718
44,18,False,0.5,2.0,0.5,0.06145212915477405,0,-0.14807333974687736,0.8687277669279865
44,19,False,0.5,2.0,0.5,0.06111283017926783,0,-0.17606155202526616,0.8874811293704953
44,20,False,0.5,2.0,0.5,0.11415819278304318,0,-0.060563276257218045,0.9092623240675793
44,21,False,0.5,2.0,0.5,0.061544465763671674,0,-0.10580926757013039,0.8719078957018901
44,22,False,0.5,2.0,0.5,0.06141696330160662,0,-0.032196030878384664,0.9260232766777265
44,23,False,0.5,2.0,0.5,0.22765437451470327,1,-0.05782276085523877,0.9037368214725838
44,24,False,0.5,2.0,0.5,0.06907908071947833,0,-0.1753412453004013,0.8795638151228186
44,25,False,0.5,2.0,0.5,0.0625159732927697,0,-0.1935965388536789,0.9063697395906535
44,26,False,0.5,2.0,0.5,0.067715677977639,0,-0.0522347802119139,0.9566183438324004
44,27,False,0.5,2.0,0.5,0.06136811738474035,0,-0.05071833903845643,0.8979386465079896
44,28,False,0.5,2.0,0.5,0.09728800433865492,0,-0.21948571538428316,0.8557625390014155
44,29,False,0.5,2.0,0.5,0.06979554480837735,0,-0.06881642293111993,0.9250510814421353
44,30,False,0.5,2.0,0.5,0.09555065258534201,1,-0.14808272201156406,0.8548671511872733
44,31,False,0.5,2.0,0.5,0.13900896003854957,0,-0.0911140181749109,0.8836150675287132
44,32,False,0.5,2.0,0.5,0.06252915089081545,0,-0.04975498986668641,0.9298380779490617
44,33,False,0.5,2.0,0.5,0.061650092187597094,0,-0.21255832912980985,0.9059557491084808
44,34,False,0.5,2.0,0.5,0.06340755546262145,0,-0.0634977579044879,0.9577983264161393
44,35,False,0.5,2.0,0.5,0.06133732749705423,0,-0.04269094732819215,0.9663277778071394
44,36,False,0.5,2.0,0.5,0.07673778704797096,0,-0.07996433103028877,0.9329335873491746
44,37,False,0.5,2.0,0.5,0.08191926963181173,0,-0.0615837750628567,0.958533703228947
44,38,False,0.5,2.0,0.5,0.061120433161520715,0,-0.13393076059549952,0.88190604153136
44,39,False,0.5,2.0,0.5,0.08857893319669075,0,-0.07880672179937008,0.9506228002694513
45,0,False,1.0,1.0,1.0,0.06327359695357648,1,-0.07819745196946869,0.9054248723091863
45,1,False,1.0,1.0,1.0,0.06706640183393076,0,0.009292591556413597,0.9224791753879219
45,2,False,1.0,1.0,1.0,0.06885150484541203,0,-0.1462903195399064,0.8788044471280713
45,3,False,1.0,1.0,1.0,0.07318384022281532,0,-0.01506851319386761,0.9577846357186143
45,4,False,1.0,1.0,1.0,0.06304608619061047,0,-0.021336869410293367,0.9477382495048998
45,5,False,1.0,1.0,1.0,0.10104133280511007,0,-0.032491382365760456,0.9258144958721914
45,6,False,1.0,1.0,1.0,0.17664139742441187,0,-0.002641047615576628,0.949660341882958
45,7,False,1.0,1.0,1.0,0.2600430630298083,0,-0.08849190699355566,0.8558015688307885
45,8,False,1.0,1.0,1.0,0.15592405449670121,0,-0.04067242073237004,0.9370570105867841
45,9,False,1.0,1.0,1.0,0.06523252415677205,0,-0.06755326317284467,0.933442969584119
45,10,False,1.0,1.0,1.0,0.061157604931121656,0,-0.2038849297041937,0.8550359289395577
45,11,False,1.0,1.0,1.0,0.10094406790364363,0,-0.07810493666975722,0.922705455748586
45,12,False,1.0,1.0,1.0,0.06332212076987465,0,-0.1860836089732195,0.870814540462433
45,13,False,1.0,1.0,1.0,0.34984773038534744,1,-0.034925047909735385,0.8954920451229007
45,14,False,1.0,1.0,1.0,0.07115806874031949,0,-0.0297248773824855,0.9679328064042415
45,15,False,1.0,1.0,1.0,0.06385842657530172,0,-0.07808914053410075,0.8815202432816384
45,16,False,1.0,1.0,1.0,0.07385910757233194,0,-0.08616730910173825,0.8881128277750286
45,17,False,1.0,1.0,1.0,0.06798849414261654,0,-0.10002023221701203,0.9328415757464508
45,18,False,1.0,1.0,1.0,0.062272823488689455,0,-0.1287302481836389,0.8752909434086821
45,19,False,1.0,1.0,1.0,0.061103436819122225,0,-0.17202626233549453,0.8860158723842256
45,20,False,1.0,1.0,1.0,0.15415930685229828,0,-0.05199998230569055,0.9158743745887229
45,21,False,1.0,1.0,1.0,0.06944671234185396,0,-0.10216608384545489,0.8726315628208726
45,22,False,1.0,1.0,1.0,0.06167507261426364,1,-0.02621501324038456,0.9396970831113295
45,23,False,1.0,1.0,1.0,0.38162183036695974,1,-0.04539854451909376,0.9137878436368974
45,24,False,1.0,1.0,1.0,0.07592390971972585,0,-0.16814715420325224,0.8781016472130563
45,25,False,1.0,1.0,1.0,0.06344772598871184,0,-0.1896484187644373,0.9056129041100647
45,26,False,1.0,1.0,1.0,0.11094116804522647,0,-0.03365475481044095,0.9621381907214369
45,27,False,1.0,1.0,1.0,0.062051356098570265,0,-0.042722512029739944,0.910265208296141
45,28,False,1.0,1.0,1.0,0.10331769026853133,0,-0.2128571981476338,0.8579482591160639
45,29,False,1.0,1.0,1.0,0.1280735713534067,0,-0.05076402077441544,0.9259741278682211
45,30,False,1.0,1.0,1.0,0.14754469113379942,1,-0.12822508108089886,0.8561681076815746
45,31,False,1.0,1.0,1.0,0.15964736237993615,0,-0.0868496821555283,0.8804310860389972
45,32,False,1.0,1.0,1.0,0.07841186197155736,0,-0.031097843831397572,0.9402914622470899
45,33,False,1.0,1.0,1.0,0.06152534008220856,0,-0.21102574490057285,0.9042916977217867
45,34,False,1.0,1.0,1.0,0.09388742258335991,0,-0.04193433167905065,0.9630048616267007
45,35,False,1.0,1.0,1.0,0.06140775521787167,0,-0.039467871784050514,0.9687105129086947
45,36,False,1.0,1.0,1.0,0.11348875740058084,0,-0.06558932766919676,0.938906289995911
45,37,False,1.0,1.0,1.0,0.10114453480394214,0,-0.05173998284027414,0.9623135702741447
45,38,False,1.0,1.0,1.0,0.061614664249355355,0,-0.11521976842901861,0.8895597290023025
45,39,False,1.0,1.0,1.0,0.08902826097478478,0,-0.07081032106611126,0.955950886186112
46,0,False,1.0,1.0,0.7,0.06284217336937326,0,-0.0819780259684861,0.8984816510390348
46,1,False,1.0,1.0,0.7,0.06391591688132536,0,0.007013918524240255,0.9225672891838539
46,2,False,1.0,1.0,0.7,0.06255365847209182,0,-0.15324598761602987,0.8726494694972572
46,3,False,1.0,1.0,0.7,0.06703915329354881,0,-0.018870891500252385,0.9497576525517615
46,4,False,1.0,1.0,0.7,0.06184571798449634,0,-0.026534552751378192,0.9384680108677047
46,5,False,1.0,1.0,0.7,0.098629757587123,0,-0.036940552723243064,0.9202390668955971
46,6,False,1.0,1.0,0.7,0.1406483896226972,0,-0.0069274719832922325,0.9396855264055488
46,7,False,1.0,1.0,0.7,0.23508201406226847,0,-0.09260954611771309,0.8508982761660394
46,8,False,1.0,1.0,0.7,0.14447279403959568,0,-0.04586937572783889,0.9271752546203169
46,9,False,1.0,1.0,0.7,0.06321901111610417,0,-0.07424856556792409,0.9225084356221723
46,10,False,1.0,1.0,0.7,0.0611595941869435,0,-0.20443745945908087,0.8467985004943201
46,11,False,1.0,1.0,0.7,0.09404031337654206,0,-0.07982360239221159,0.9117359746926806
46,12,False,1.0,1.0,0.7,0.06247440070718335,0,-0.18822632428481273,0.865203099631124
46,13,False,1.0,1.0,0.7,0.34776818121597763,1,-0.037111793903240924,0.8857580703861887
46,14,False,1.0,1.0,0.7,0.07203149815363141,0,-0.03016335508258587,0.9556071465933476
46,15,False,1.0,1.0,0.7,0.06576551648315421,0,-0.07858163607608241,0.8693795814811132
46,16,False,1.0,1.0,0.7,0.07315935588878875,0,-0.0941594625095902,0.8709917808667138
46,17,False,1.0,1.0,0.7,0.0665283164609688,0,-0.10754229063182404,0.9258762706508498
46,18,False,1.0,1.0,0.7,0.06181883744417427,0,-0.13153062297045867,0.871865415629395
46,19,False,1.0,1.0,0.7,0.06108314831787853,0,-0.17291794636264668,0.8813023616720356
46,20,False,1.0,1.0,0.7,0.1389875405714015,0,-0.0529385560546926,0.9080686271476563
46,21,False,1.0,1.0,0.7,0.06861930781343628,0,-0.102094022114284,0.8628734631344751
46,22,False,1.0,1.0,0.7,0.06167358409977386,0,-0.028918804816355524,0.925601365730262
46,23,False,1.0,1.0,0.7,0.32850081756643046,1,-0.05091723413956289,0.906972349076991
46,24,False,1.0,1.0,0.7,0.07219873262511034,0,-0.17155088785643124,0.8645531810591739
46,25,False,1.0,1.0,0.7,0.06289800649020816,0,-0.19159202025184127,0.9015035241067402
46,26,False,1.0,1.0,0.7,0.08827104404163433,0,-0.0410101288892945,0.949150995443873
46,27,False,1.0,1.0,0.7,0.06293287681398929,0,-0.04308229670161602,0.8989631596293677
46,28,False,1.0,1.0,0.7,0.10218529991405023,0,-0.2146428542095655,0.854021314455682
46,29,False,1.0,1.0,0.7,0.09482815311435411,0,-0.05472564275332833,0.9175754017239153
46,30,False,1.0,1.0,0.7,0.1299569748422379,1,-0.13408463880255306,0.8503187888719725
46,31,False,1.0,1.0,0.7,0.16562949032743024,0,-0.08863625607222676,0.8809462718662711
46,32,False,1.0,1.0,0.7,0.07096547081442273,0,-0.03723886467284824,0.9359754703323862
46,33,False,1.0,1.0,0.7,0.06153856496898258,0,-0.21112443099880396,0.897304955561902
46,34,False,1.0,1.0,0.7,0.07758835268101538,0,-0.0492221406666731,0.9542645179579928
46,35,False,1.0,1.0,0.7,0.06138431162081959,0,-0.041398236643416145,0.9647142648018925
46,36,False,1.0,1.0,0.7,0.11208063684952119,0,-0.06798588112771262,0.9257139592191693
46,37,False,1.0,1.0,0.7,0.09685152443956524,0,-0.05629474476755427,0.9555360991315064
46,38,False,1.0,1.0,0.7,0.06148901788482419,0,-0.12143141552463085,0.8820997904458134
46,39,False,1.0,1.0,0.7,0.08898522824048982,0,-0.07314492525326184,0.9493934635452947
47,0,False,1.0,1.0,0.5,0.0620534899732037,0,-0.08474766297177919,0.8885548094225562
47,1,False,1.0,1.0,0.5,0.06326481324466826,0,0.0025511754833010625,0.9099103265838471
47,2,False,1.0,1.0,0.5,0.06122671854169581,0,-0.16415507205301536,0.8641091287911856
47,3,False,1.0,1.0,0.5,0.06678390651383825,1,-0.023197929039741296,0.9390670980809094
47,4,False,1.0,1.0,0.5,0.061669910471916056,0,-0.028765914997033657,0.9281788189271948
47,5,False,1.0,1.0,0.5,0.10430592454321919,0,-0.038355517715150236,0.9055710091978098
47,6,False,1.0,1.0,0.5,0.12067636989996888,0,-0.0105841996426619,0.9293600936521244
47,7,False,1.0,1.0,0.5,0.14716358916326033,0,-0.10175727155730971,0.8468032390053243
47,8,False,1.0,1.0,0.5,0.14914363577139866,0,-0.04950941019306222,0.9175097820946816
47,9,False,1.0,1.0,0.5,0.06240839126116682,0,-0.07839241043411689,0.9106366267465547
47,10,False,1.0,1.0,0.5,0.06115516748437411,0,-0.20538938060001433,0.8340510404914121
47,11,False,1.0,1.0,0.5,0.0948095368627545,0,-0.08120573532755417,0.9053901422923777
47,12,False,1.0,1.0,0.5,0.062419507346197944,0,-0.1916855343836585,0.8524278259884667
47,13,False,1.0,1.0,0.5,0.25080312513134007,1,-0.0444491807439987,0.8815364144342147
47,14,False,1.0,1.0,0.5,0.0695481894748976,0,-0.033273299028513934,0.9502746486089787
47,15,False,1.0,1.0,0.5,0.0641907808346579,0,-0.08585609074244101,0.8686199337631518
47,16,False,1.0,1.0,0.5,0.06862920284458196,0,-0.09476110287273087,0.8756320285136309
47,17,False,1.0,1.0,0.5,0.06589599965999848,0,-0.11022286413696197,0.914073057698311
47,18,False,1.0,1.0,0.5,0.06174184357154966,0,-0.13712051868959813,0.8629525462517772
47,19,False,1.0,1.0,0.5,0.061080825608270106,0,-0.17648095876086276,0.8689116317546285
47,20,False,1.0,1.0,0.5,0.13171028033540833,0,-0.05417722891283149,0.8976752945401033
47,21,False,1.0,1.0,0.5,0.06867125623962822,0,-0.09831929293456439,0.8586125010927743
47,22,False,1.0,1.0,0.5,0.06168081462775343,0,-0.03093183347343706,0.9144625571833561
47,23,False,1.0,1.0,0.5,0.34320512922379076,1,-0.053562957028383096,0.8922771812144094
47,24,False,1.0,1.0,0.5,0.07040835855867178,0,-0.17361246706842906,0.8543375879920374
47,25,False,1.0,1.0,0.5,0.06266263411624651,0,-0.1936552146377672,0.8907296595846712
47,26,False,1.0,1.0,0.5,0.08653105150684515,0,-0.0468658943863767,0.9425628197823366
47,27,False,1.0,1.0,0.5,0.06225306957541343,0,-0.04833007316296876,0.889299752416245
47,28,False,1.0,1.0,0.5,0.1014201674608326,0,-0.2162500450303631,0.8442324575379384
47,29,False,1.0,1.0,0.5,0.0844361507618635,0,-0.06062766519463746,0.9055135669398641
47,30,False,1.0,1.0,0.5,0.11811353561902849,1,-0.1387885013408355,0.8420781560547581
47,31,False,1.0,1.0,0.5,0.16258444260670302,0,-0.08566640440857953,0.8561041578806168
47,32,False,1.0,1.0,0.5,0.0679030741016845,0,-0.041651577039049745,0.9245329691149479
47,33,False,1.0,1.0,0.5,0.06164440521392589,0,-0.21232529574729547,0.8930967226792527
47,34,False,1.0,1.0,0.5,0.07046609133142101,0,-0.057010647882207006,0.945813441568501
47,35,False,1.0,1.0,0.5,0.061418902665274056,0,-0.04134226063155964,0.953494811929139
47,36,False,1.0,1.0,0.5,0.10510982145767123,0,-0.07142328589704475,0.91909824258428
47,37,False,1.0,1.0,0.5,0.08970992300253255,0,-0.05986386387184989,0.9472644406600634
47,38,False,1.0,1.0,0.5,0.06144652052973054,0,-0.1262917244826801,0.8671047522775962
47,39,False,1.0,1.0,0.5,0.08897579209687845,0,-0.07545919418381788,0.9391723798255934
48,0,False,1.0,1.5,1.0,0.06208944646600234,1,-0.081379378763342,0.9130204749006782
48,1,False,1.0,1.5,1.0,0.06239814288857726,0,0.002462589203993132,0.9278582715164184
48,2,False,1.0,1.5,1.0,0.0669106104063727,0,-0.15570612641853315,0.889926833476123
48,3,False,1.0,1.5,1.0,0.0656651005313631,0,-0.01857744549590616,0.9543948981185715
48,4,False,1.0,1.5,1.0,0.06210447360616689,0,-0.024401141020475844,0.9469657423552384
48,5,False,1.0,1.5,1.0,0.068645454023463,0,-0.03943015488545126,0.9154303176065277
48,6,False,1.0,1.5,1.0,0.16447386505780792,0,-0.004036142302387178,0.9482707144609073
48,7,False,1.0,1.5,1.0,0.12910323533895196,0,-0.10195568561254369,0.8624315505403872
48,8,False,1.0,1.5,1.0,0.14709688670699672,0,-0.042871856441820046,0.9352510244953892
48,9,False,1.0,1.5,1.0,0.062085119604188166,0,-0.07603608240093435,0.9341954681746021
48,10,False,1.0,1.5,1.0,0.06115112733602657,0,-0.20568267254488176,0.8617980608940795
48,11,False,1.0,1.5,1.0,0.08691551875000159,0,-0.08203963177792052,0.9252314893323516
48,12,False,1.0,1.5,1.0,0.06184643829441494,0,-0.19803439427363834,0.8815241878190878
48,13,False,1.0,1.5,1.0,0.313523332451214,1,-0.04384164981308365,0.9030947591489157
48,14,False,1.0,1.5,1.0,0.0708317463194802,0,-0.032715986816172,0.9708283814708012
48,15,False,1.0,1.5,1.0,0.06538465616064082,0,-0.08561792332262538,0.8842186871043705
48,16,False,1.0,1.5,1.0,0.07237991312598335,0,-0.09592537145610677,0.8966260533809277
48,17,False,1.0,1.5,1.0,0.06528399446710476,0,-0.10669308221520618,0.9330261505085862
48,18,False,1.0,1.5,1.0,0.062157777403953896,0,-0.1372547993336303,0.8795051689976928
48,19,False,1.0,1.5,1.0,0.06109094926212455,0,-0.1747258200700103,0.8858389878905933
48,20,False,1.0,1.5,1.0,0.13496518102092558,1,-0.05566058044588809,0.9214802956669207
48,21,False,1.0,1.5,1.0,0.06160672714836091,0,-0.10525996581793289,0.8887241018162301
48,22,False,1.0,1.5,1.0,0.06261972835416563,1,-0.028167478411802935,0.9330056577144074
48,23,False,1.0,1.5,1.0,0.28757717820508966,1,-0.04998870671129848,0.9167841671979581
48,24,False,1.0,1.5,1.0,0.07223862239189105,0,-0.1743681381105199,0.8675678529979273
48,25,False,1.0,1.5,1.0,0.06308972054519812,0,-0.19075928957227312,0.9029888468390204
48,26,False,1.0,1.5,1.0,0.08778043506498501,0,-0.03952467386969405,0.9587684057492355
48,27,False,1.0,1.5,1.0,0.06145898255890958,0,-0.04715351317192082,0.9065872097644049
48,28,False,1.0,1.5,1.0,0.09796546264861494,0,-0.21799405939764135,0.8618801432477874
48,29,False,1.0,1.5,1.0,0.09135517584957564,0,-0.05414846604170993,0.9266387234648621
48,30,False,1.0,1.5,1.0,0.10506081886152208,1,-0.13782137473865924,0.8649110261149902
48,31,False,1.0,1.5,1.0,0.16500767127023697,0,-0.08951955359247617,0.8879479867129653
48,32,False,1.0,1.5,1.0,0.06523248981973595,0,-0.03885842065404342,0.9394363806519289
48,33,False,1.0,1.5,1.0,0.06143723371956944,0,-0.21332839186764457,0.910755204490992
48,34,False,1.0,1.5,1.0,0.08016524924851309,0,-0.04819800270297352,0.9624865636066462
48,35,False,1.0,1.5,1.0,0.061459469169514724,0,-0.041110566418227024,0.9690385834120614
48,36,False,1.0,1.5,1.0,0.10430544493986804,0,-0.06996398573012837,0.9345284905288838
48,37,False,1.0,1.5,1.0,0.08972069336312605,0,-0.056816816542151725,0.9665222054485698
48,38,False,1.0,1.5,1.0,0.06123136300802989,0,-0.12523144738714037,0.8960794025795522
48,39,False,1.0,1.5,1.0,0.0889173071790672,0,-0.07441610863497618,0.958650565938477
49,0,False,1.0,1.5,0.7,0.06179312256015013,0,-0.08657257972105716,0.89740576691792
49,1,False,1.0,1.5,0.7,0.06208768659098962,0,-0.0008867553214312456,0.920156219234364
49,2,False,1.0,1.5,0.7,0.06437878394232432,1,-0.16347679824575154,0.8835271846765981
49,3,False,1.0,1.5,0.7,0.06344462634683223,0,-0.02538965157211448,0.9516170946180793
49,4,False,1.0,1.5,0.7,0.06160332988589445,1,-0.028483062446717927,0.9346445740328462
49,5,False,1.0,1.5,0.7,0.06631700843205046,0,-0.04312309262824237,0.9151059206443249
49,6,False,1.0,1.5,0.7,0.14037499599870873,0,-0.009720487498039984,0.9422531515061995
49,7,False,1.0,1.5,0.7,0.12642512300326259,0,-0.1051901837087992,0.8575738780086041
49,8,False,1.0,1.5,0.7,0.14202432692454792,0,-0.0477121041506856,0.9282206918667466
49,9,False,1.0,1.5,0.7,0.06176104946912708,0,-0.08187338231392076,0.9259280035034958
49,10,False,1.0,1.5,0.7,0.06114597759656171,0,-0.20715766030998864,0.8528648274402073
49,11,False,1.0,1.5,0.7,0.08455267676805633,0,-0.08306402960750843,0.9220948214710775
49,12,False,1.0,1.5,0.7,0.061444623020153855,0,-0.19538910349820757,0.8832580127569557
49,13,False,1.0,1.5,0.7,0.2844541279208722,1,-0.046276401095842704,0.8968950567458911
49,14,False,1.0,1.5,0.7,0.06836628130531741,0,-0.033605484543971484,0.9576621319851908
49,15,False,1.0,1.5,0.7,0.06430067562863973,0,-0.09010055116409987,0.8764842652081002
49,16,False,1.0,1.5,0.7,0.06558334843331559,0,-0.1011824635903314,0.8821570222025453
49,17,False,1.0,1.5,0.7,0.06454272412307949,0,-0.11419863915299175,0.9259111353048749
49,18,False,1.0,1.5,0.7,0.061663124488488874,0,-0.14406223879167054,0.8742922367960843
49,19,False,1.0,1.5,0.7,0.06107965298669138,0,-0.17721366087881776,0.879205827136949
49,20,False,1.0,1.5,0.7,0.12317290314055196,0,-0.05788594544791109,0.9151361243709046
49,21,False,1.0,1.5,0.7,0.06153709816833541,0,-0.10587851549560923,0.8737639035541295
49,22,False,1.0,1.5,0.7,0.06261598418140213,0,-0.0296655096622226,0.9267947416453315
49,23,False,1.0,1.5,0.7,0.23834189726600996,0,-0.05439496482077641,0.9059038508469798
49,24,False,1.0,1.5,0.7,0.07039520982995862,0,-0.17624734354997,0.8655711643890315
49,25,False,1.0,1.5,0.7,0.06281599319030062,0,-0.19230695503987036,0.901827864738392
49,26,False,1.0,1.5,0.7,0.08319882412656143,0,-0.04567279324553407,0.9510897563182221
49,27,False,1.0,1.5,0.7,0.06129499655209458,0,-0.05175632684251115,0.8997724489486347
49,28,False,1.0,1.5,0.7,0.09757974894706134,0,-0.21920903099596695,0.8555569355316549
49,29,False,1.0,1.5,0.7,0.07733190005541224,0,-0.06163861819349241,0.9134430052988768
49,30,False,1.0,1.5,0.7,0.10196003700448819,1,-0.1438959039721854,0.8638332338817847
49,31,False,1.0,1.5,0.7,0.16154152626714824,0,-0.08899673602695765,0.8827175232291274
49,32,False,1.0,1.5,0.7,0.06383874327696115,0,-0.04469097882380468,0.9285564572013443
49,33,False,1.0,1.5,0.7,0.06146436486488538,0,-0.21473515577986946,0.9029603332621919
49,34,False,1.0,1.5,0.7,0.07196537126209579,0,-0.05432468067878373,0.952451303728721
49,35,False,1.0,1.5,0.7,0.0614747772424612,0,-0.04183643220438485,0.9626616546087929
49,36,False,1.0,1.5,0.7,0.09780447067804698,0,-0.07329454752083531,0.9267859124310932
49,37,False,1.0,1.5,0.7,0.08942792917964837,0,-0.0596239947041465,0.9584886035609997
49,38,False,1.0,1.5,0.7,0.061188598228650526,0,-0.13030662494140094,0.886932961909306
49,39,False,1.0,1.5,0.7,0.08889583536287682,0,-0.07713762970918296,0.9513950158876253
50,0,False,1.0,1.5,0.5,0.061657339252104704,0,-0.0897014483944902,0.8899396579366528
50,1,False,1.0,1.5,0.5,0.06177594952239218,0,-0.002239607204573839,0.9100655338808672
50,2,False,1.0,1.5,0.5,0.06117351661128867,0,-0.17274325876318747,0.8676133346655469
50,3,False,1.0,1.5,0.5,0.06223137487485686,0,-0.028756250171848418,0.940400454454519
50,4,False,1.0,1.5,0.5,0.06150984958906913,0,-0.031149041591452403,0.92417632810308
50,5,False,1.0,1.5,0.5,0.06728374626986355,0,-0.04150011965439612,0.901364054518044
50,6,False,1.0,1.5,0.5,0.15159322938693598,0,-0.009629291021732206,0.9293291948504742
50,7,False,1.0,1.5,0.5,0.1383166539288836,0,-0.10643766956775648,0.8556205591404423
50,8,False,1.0,1.5,0.5,0.14638336457479506,0,-0.051412125534279124,0.9182269854492807
50,9,False,1.0,1.5,0.5,0.06176991358989026,0,-0.083104858692458,0.9108347132895072
50,10,False,1.0,1.5,0.5,0.06126051975811908,0,-0.2077978476320652,0.8360074336593597
50,11,False,1.0,1.5,0.5,0.08254646302115787,0,-0.08512398967162839,0.9124329585789552
50,12,False,1.0,1.5,0.5,0.06154524365212555,0,-0.20265617803822047,0.8618391386811005
50,13,False,1.0,1.5,0.5,0.300664103158234,1,-0.04756166188796333,0.8802855713281607
50,14,False,1.0,1.5,0.5,0.06773964351601547,1,-0.034631723387550266,0.9481569065172014
50,15,False,1.0,1.5,0.5,0.06365562366753474,0,-0.09232570293996946,0.8689573686943944
50,16,False,1.0,1.5,0.5,0.06596997867259635,0,-0.10337516206030976,0.8741142488444744
50,17,False,1.0,1.5,0.5,0.06421093956757618,0,-0.11724219374280849,0.914225373120284
50,18,False,1.0,1.5,0.5,0.06145389028308745,0,-0.14810930641535688,0.8578739823838795
50,19,False,1.0,1.5,0.5,0.06107847791415377,0,-0.17920739786936177,0.8697335412979056
50,20,False,1.0,1.5,0.5,0.12464490016402952,0,-0.06145756081957217,0.8983285883457487
50,21,False,1.0,1.5,0.5,0.061528384454585305,1,-0.10664033423557095,0.8673279647674577
50,22,False,1.0,1.5,0.5,0.06263447063469019,0,-0.033179292998420484,0.9158060956429985
50,23,False,1.0,1.5,0.5,0.2518556861187178,1,-0.05903355655452353,0.8909510579598056
50,24,False,1.0,1.5,0.5,0.0693544302271557,0,-0.1779236704321016,0.8543126440920225
50,25,False,1.0,1.5,0.5,0.0626365820351742,1,-0.1947723644951259,0.8854264056705095
50,26,False,1.0,1.5,0.5,0.08105209698509896,0,-0.05157633375761942,0.9383324926288031
50,27,False,1.0,1.5,0.5,0.061289133376056126,0,-0.05289131341774921,0.893174365790041
50,28,False,1.0,1.5,0.5,0.09719511251826607,0,-0.22058045314612418,0.8456006702223129
50,29,False,1.0,1.5,0.5,0.07526755675260521,0,-0.06726411039610991,0.9096909642446711
50,30,False,1.0,1.5,0.5,0.09856973644297251,1,-0.14230971648648244,0.8535979576219973
50,31,False,1.0,1.5,0.5,0.15856150214194353,0,-0.09000039472582212,0.8769281056292435
50,32,False,1.0,1.5,0.5,0.06319428077823841,0,-0.048681594130113075,0.9165429776152103
50,33,False,1.0,1.5,0.5,0.061365336881646804,0,-0.21745664514593913,0.8915975296090414
50,34,False,1.0,1.5,0.5,0.06822073058725087,0,-0.06084339464974793,0.9428284258847253
50,35,False,1.0,1.5,0.5,0.0614696894005915,0,-0.042797654777270135,0.9522776525456101
50,36,False,1.0,1.5,0.5,0.09104570698562686,0,-0.07852820745931371,0.9143537589480872
50,37,False,1.0,1.5,0.5,0.08928824099237409,0,-0.06279517359404915,0.9481062943234211
50,38,False,1.0,1.5,0.5,0.061166733599393286,0,-0.13537045181263735,0.8777922697620331
50,39,False,1.0,1.5,0.5,0.088915200272213,0,-0.07888117360012419,0.9402126509133399
51,0,False,1.0,2.0,1.0,0.06202908642440441,0,-0.08738498822203719,0.9072214293461714
51,1,False,1.0,2.0,1.0,0.06292493401849164,0,0.0011970785632054591,0.9275108440949401
51,2,False,1.0,2.0,1.0,0.06146655027549852,0,-0.158029019914684,0.8832306928377723
51,3,False,1.0,2.0,1.0,0.06750144852089557,0,-0.017884786245384362,0.951057417872393
51,4,False,1.0,2.0,1.0,0.062241876443918986,0,-0.02250768434181979,0.9434827148245314
51,5,False,1.0,2.0,1.0,0.0677432822296894,0,-0.0410675839083284,0.9094365661040883
51,6,False,1.0,2.0,1.0,0.16607051051245103,0,-0.004277395188869009,0.9471987258677275
51,7,False,1.0,2.0,1.0,0.12929956414779786,0,-0.10383036462135427,0.8555334840398425
51,8,False,1.0,2.0,1.0,0.1472727180620812,0,-0.04418932318381461,0.9351161761650545
51,9,False,1.0,2.0,1.0,0.06264208987427045,0,-0.07535750588537428,0.9316400730740797
51,10,False,1.0,2.0,1.0,0.06114011234588579,0,-0.2064311492499746,0.8609889914864945
51,11,False,1.0,2.0,1.0,0.08762325702022356,0,-0.0832662403353561,0.9317810231722139
51,12,False,1.0,2.0,1.0,0.06182502744621354,0,-0.19977755845026993,0.8739174322052422
51,13,False,1.0,2.0,1.0,0.30054264130894903,1,-0.043989978102962866,0.8977901289385898
51,14,False,1.0,2.0,1.0,0.06973489733554383,0,-0.03216511773198394,0.9625990580496852
51,15,False,1.0,2.0,1.0,0.06580556225919687,0,-0.08900670186420333,0.8813995597511513
51,16,False,1.0,2.0,1.0,0.06486638928708177,0,-0.09943549749148836,0.8766885248573999
51,17,False,1.0,2.0,1.0,0.06567553001782878,0,-0.10791406502804475,0.9314579134173585
51,18,False,1.0,2.0,1.0,0.062215153145921076,0,-0.14117299640003173,0.8720840621657922
51,19,False,1.0,2.0,1.0,0.061090822818120394,0,-0.17507424992351484,0.8840445160966358
51,20,False,1.0,2.0,1.0,0.132198315549947,1,-0.05722931311936831,0.9159654752839677
51,21,False,1.0,2.0,1.0,0.06189840559989079,0,-0.1075000609922841,0.8709767067262132
51,22,False,1.0,2.0,1.0,0.06273582815615075,0,-0.02845510453606477,0.9326034709843174
51,23,False,1.0,2.0,1.0,0.29528969610230515,1,-0.052523716973585655,0.9086064743182587
51,24,False,1.0,2.0,1.0,0.07210030671018464,0,-0.17580716151214876,0.8647440466880693
51,25,False,1.0,2.0,1.0,0.06312918996353045,0,-0.19110771816876915,0.8994204698939839
51,26,False,1.0,2.0,1.0,0.09043924786429336,0,-0.03914623186792598,0.9555774108092194
51,27,False,1.0,2.0,1.0,0.061310609877749944,0,-0.05060456146634648,0.9079406940189149
51,28,False,1.0,2.0,1.0,0.09801497553845906,0,-0.21969673605806217,0.8553031754666366
51,29,False,1.0,2.0,1.0,0.09396197849114285,0,-0.05497563921693296,0.9202827089359786
51,30,False,1.0,2.0,1.0,0.10035117023355256,1,-0.14130203930661206,0.8610457807293994
51,31,False,1.0,2.0,1.0,0.16753138430740588,0,-0.08744365183893861,0.882208810490255
51,32,False,1.0,2.0,1.0,0.0653849723854395,0,-0.040110537470196786,0.9368751155151867
51,33,False,1.0,2.0,1.0,0.0614311878861038,0,-0.21496106944768953,0.9101656794021775
51,34,False,1.0,2.0,1.0,0.08284033936697177,0,-0.04749848614170802,0.9610560397601485
51,35,False,1.0,2.0,1.0,0.06148695139338023,0,-0.040964178641312764,0.9674985053246182
51,36,False,1.0,2.0,1.0,0.1064025457031762,0,-0.0687038417530153,0.9356846420111737
51,37,False,1.0,2.0,1.0,0.09788193500955655,0,-0.054385209068411454,0.9624379648650419
51,38,False,1.0,2.0,1.0,0.06128788655050976,0,-0.12411494962320917,0.8870162190504832
51,39,False,1.0,2.0,1.0,0.08893616071550026,0,-0.07480351939198583,0.9566636622825633
52,0,False,1.0,2.0,0.7,0.0618512391423931,0,-0.0889752352892991,0.8999218611345229
52,1,False,1.0,2.0,0.7,0.06215971733953585,0,-0.0015260735752477914,0.9205999496279165
52,2,False,1.0,2.0,0.7,0.06115354472014889,1,-0.17412810871483297,0.8739095391640296
52,3,False,1.0,2.0,0.7,0.06361869600271719,0,-0.025658972692999382,0.9476245474122119
52,4,False,1.0,2.0,0.7,0.061874653424759174,1,-0.02690217635881991,0.9346391134423877
52,5,False,1.0,2.0,0.7,0.06682656839999324,0,-0.044468748073678704,0.9072963978398538
52,6,False,1.0,2.0,0.7,0.14948975514607177,0,-0.00880301968650826,0.9421445703272463
52,7,False,1.0,2.0,0.7,0.12632139157035727,0,-0.10607171374086168,0.8471910422029443
52,8,False,1.0,2.0,0.7,0.14242720932899067,0,-0.04804157305421477,0.9269361778023567
52,9,False,1.0,2.0,0.7,0.06214428154173324,0,-0.07875691072732546,0.9192239551599066
52,10,False,1.0,2.0,0.7,0.06114463859684094,0,-0.20769752085154145,0.851716117825533
52,11,False,1.0,2.0,0.7,0.08523767575727648,0,-0.08343978597196779,0.9235503033520941
52,12,False,1.0,2.0,0.7,0.06143152188004031,0,-0.19778025124763485,0.870785884865268
52,13,False,1.0,2.0,0.7,0.27838351014077556,1,-0.04954399570583535,0.8772637219933194
52,14,False,1.0,2.0,0.7,0.06850191730247457,0,-0.03368250537696127,0.9559725510831716
52,15,False,1.0,2.0,0.7,0.06461063133866018,0,-0.09409721745036916,0.8714128457980524
52,16,False,1.0,2.0,0.7,0.06566715250726829,0,-0.10145702205948097,0.8714401804607462
52,17,False,1.0,2.0,0.7,0.06482074025899687,0,-0.11462890322613647,0.9235721727134263
52,18,False,1.0,2.0,0.7,0.06171561912689438,0,-0.14487367629473252,0.863351536518765
52,19,False,1.0,2.0,0.7,0.06108196151155032,0,-0.1774580453586373,0.8772414519141604
52,20,False,1.0,2.0,0.7,0.1256186624003628,0,-0.058612936059589206,0.9088435242951457
52,21,False,1.0,2.0,0.7,0.0615659748155476,0,-0.10796053953440254,0.8714496932262824
52,22,False,1.0,2.0,0.7,0.06271596425996373,0,-0.030318561070349498,0.9209550955096554
52,23,False,1.0,2.0,0.7,0.25119542957714225,1,-0.05736764580313901,0.9006030672093935
52,24,False,1.0,2.0,0.7,0.07044823036657077,0,-0.17705536963654278,0.8610297788708217
52,25,False,1.0,2.0,0.7,0.06284760256255895,0,-0.192321300419733,0.9004306999542846
52,26,False,1.0,2.0,0.7,0.08642617494768623,0,-0.04499212028749028,0.9487492298095533
52,27,False,1.0,2.0,0.7,0.0612480401626907,0,-0.05612443979702247,0.892739321669964
52,28,False,1.0,2.0,0.7,0.09763136074240242,0,-0.22026082206728914,0.8496832434989549
52,29,False,1.0,2.0,0.7,0.07872877495533237,0,-0.06321569818078607,0.9158532391939986
52,30,False,1.0,2.0,0.7,0.12545999158581334,1,-0.1425007410626077,0.8592889008660187
52,31,False,1.0,2.0,0.7,0.1630670132759241,0,-0.09124099782153532,0.8755904033754127
52,32,False,1.0,2.0,0.7,0.06404042526987386,0,-0.04527730565588734,0.9251449997715102
52,33,False,1.0,2.0,0.7,0.061441630880173514,0,-0.21520601602268216,0.9028787391500962
52,34,False,1.0,2.0,0.7,0.0735889605440111,0,-0.053559833255003714,0.9504710359922666
52,35,False,1.0,2.0,0.7,0.06148684767170254,1,-0.04232951685081362,0.9609382058065465
52,36,False,1.0,2.0,0.7,0.09999635074431845,0,-0.07374527524720993,0.9252619131174364
52,37,False,1.0,2.0,0.7,0.0899117870033651,0,-0.058791766106728295,0.9561328014850212
52,38,False,1.0,2.0,0.7,0.061199566248252735,0,-0.13220195639584567,0.8819220108902037
52,39,False,1.0,2.0,0.7,0.08891387040078647,0,-0.07769012820948265,0.9488314517911423
53,0,False,1.0,2.0,0.5,0.061716967173102044,0,-0.09110165960567909,0.8839208455854634
53,1,False,1.0,2.0,0.5,0.061892841943761656,0,-0.004255408015714343,0.9087429361424887
53,2,False,1.0,2.0,0.5,0.06112862039528322,1,-0.1729399630694209,0.8602497212181142
53,3,False,1.0,2.0,0.5,0.06250782132169463,0,-0.0275948599057953,0.937888211123398
53,4,False,1.0,2.0,0.5,0.061556551990919806,0,-0.0326356979240649,0.9284317336313147
53,5,False,1.0,2.0,0.5,0.0681248621425361,0,-0.04231785989253798,0.8926469212681906
53,6,False,1.0,2.0,0.5,0.1530558970430408,0,-0.010464722623758431,0.9278013986028393
53,7,False,1.0,2.0,0.5,0.135843825175457,0,-0.10776183325113037,0.8447710063162962
53,8,False,1.0,2.0,0.5,0.14040360019910603,0,-0.051515182625437674,0.9158050495731291
53,9,False,1.0,2.0,0.5,0.06183831672266138,0,-0.08360977440027306,0.9098134648054877
53,10,False,1.0,2.0,0.5,0.06114525159001882,0,-0.2082672736771337,0.8236045675612762
53,11,False,1.0,2.0,0.5,0.08408031789115622,0,-0.08260142889336236,0.9079675362734191
53,12,False,1.0,2.0,0.5,0.06151730857489435,0,-0.2037613232891632,0.8504592523735515
53,13,False,1.0,2.0,0.5,0.2443013347347346,1,-0.05282616231511567,0.8684486173785001
53,14,False,1.0,2.0,0.5,0.06672318065678207,0,-0.03529565796551467,0.9445275126872508
53,15,False,1.0,2.0,0.5,0.06379503995755365,0,-0.0935183618271848,0.8617010346063168
53,16,False,1.0,2.0,0.5,0.06577187583004473,0,-0.10546058926586825,0.8587186343551552
53,17,False,1.0,2.0,0.5,0.0644187269711376,0,-0.11702854912387504,0.9110199967255516
53,18,False,1.0,2.0,0.5,0.06147346709759638,0,-0.14994370088058126,0.8489785093081755
53,19,False,1.0,2.0,0.5,0.061076601928539365,0,-0.17860561330511984,0.8666621957762172
53,20,False,1.0,2.0,0.5,0.12156515502912801,0,-0.05982672333738687,0.8962826862679608
53,21,False,1.0,2.0,0.5,0.06152352061526789,0,-0.10782747662565646,0.8577638248277927
53,22,False,1.0,2.0,0.5,0.06275684216475585,0,-0.03114051905028647,0.91049053697769
53,23,False,1.0,2.0,0.5,0.2468947327036859,1,-0.06042412184093901,0.8843783687557228
53,24,False,1.0,2.0,0.5,0.0694142906941213,0,-0.1780508527383412,0.8579435822206168
53,25,False,1.0,2.0,0.5,0.06268331436744135,0,-0.19479121705235478,0.8871176283541086
53,26,False,1.0,2.0,0.5,0.08233292574961959,0,-0.05050849705143631,0.9355151160532925
53,27,False,1.0,2.0,0.5,0.06125295571191691,0,-0.0559133651441586,0.8815313023624425
53,28,False,1.0,2.0,0.5,0.09724316247054354,0,-0.22145558721547745,0.8374822365424294
53,29,False,1.0,2.0,0.5,0.10687130997580319,0,-0.06806072979678411,0.9025269138141122
53,30,False,1.0,2.0,0.5,0.09734833956544953,1,-0.14525228464399234,0.8439094764626562
53,31,False,1.0,2.0,0.5,0.15976320300870028,0,-0.09047433410671911,0.8628483191566733
53,32,False,1.0,2.0,0.5,0.06337941674296477,0,-0.048827794382871686,0.9122057075045316
53,33,False,1.0,2.0,0.5,0.06136063320125651,0,-0.21769181764447534,0.886607031724938
53,34,False,1.0,2.0,0.5,0.0693559353316261,0,-0.05969733201360404,0.9404247668984298
53,35,False,1.0,2.0,0.5,0.061487677736286384,0,-0.0438398349883922,0.9492150658404257
53,36,False,1.0,2.0,0.5,0.09580472969028886,0,-0.07589629671730778,0.9119165948630781
53,37,False,1.0,2.0,0.5,0.08974187474293804,0,-0.06209993059930244,0.9453140741283517
53,38,False,1.0,2.0,0.5,0.061179733519839075,0,-0.13395982066670717,0.867337432157254
53,39,False,1.0,2.0,0.5,0.08893905791739576,0,-0.07872445686866883,0.9361605422764709
